product,category,price_per_kg,units_shipped,units_sold,units_on_hand,supplier_location,date,product_clean
Onion,Vegetables,34.7,45.3,34.9,13.3,Agra,2022-01-01,onion
Onion,Vegetables,39.6,36.0,28.3,13.8,Agra,2022-01-02,onion
Onion,Vegetables,34.0,34.5,28.5,11.1,Agra,2022-01-03,onion
Onion,Vegetables,36.9,39.3,30.3,11.6,Agra,2022-01-04,onion
Onion,Vegetables,36.6,30.4,24.8,10.7,Agra,2022-01-05,onion
Onion,Vegetables,34.7,33.0,29.3,6.2,Agra,2022-01-06,onion
Onion,Vegetables,38.2,37.7,28.6,12.5,Agra,2022-01-07,onion
Onion,Vegetables,35.0,34.2,31.5,7.9,Agra,2022-01-08,onion
Onion,Vegetables,40.1,36.0,29.2,13.9,Agra,2022-01-09,onion
Onion,Vegetables,39.4,29.3,25.4,10.6,Agra,2022-01-10,onion
Onion,Vegetables,37.4,33.2,30.5,6.8,Agra,2022-01-11,onion
Onion,Vegetables,38.6,39.6,31.0,11.3,Agra,2022-01-12,onion
Onion,Vegetables,36.4,35.4,28.9,9.7,Agra,2022-01-13,onion
Onion,Vegetables,35.5,36.8,29.5,14.0,Agra,2022-01-14,onion
Onion,Vegetables,37.5,39.8,37.9,8.3,Agra,2022-01-15,onion
Onion,Vegetables,39.2,26.4,24.8,6.0,Agra,2022-01-16,onion
Onion,Vegetables,39.2,27.7,25.7,8.4,Agra,2022-01-17,onion
Onion,Vegetables,38.1,43.7,35.6,10.5,Agra,2022-01-18,onion
Onion,Vegetables,37.7,36.3,27.8,12.9,Agra,2022-01-19,onion
Onion,Vegetables,35.2,38.2,32.0,11.6,Agra,2022-01-20,onion
Onion,Vegetables,38.6,40.9,30.7,15.3,Agra,2022-01-21,onion
Onion,Vegetables,38.3,39.9,33.4,13.9,Agra,2022-01-22,onion
Onion,Vegetables,33.3,36.3,34.0,8.8,Agra,2022-01-23,onion
Onion,Vegetables,35.9,41.2,34.1,13.4,Agra,2022-01-24,onion
Onion,Vegetables,34.9,32.1,25.2,14.8,Agra,2022-01-25,onion
Onion,Vegetables,35.7,29.0,23.5,9.4,Agra,2022-01-26,onion
Onion,Vegetables,39.4,34.9,29.3,9.6,Agra,2022-01-27,onion
Onion,Vegetables,39.6,31.3,27.8,6.7,Agra,2022-01-28,onion
Onion,Vegetables,39.5,34.2,27.5,14.0,Agra,2022-01-29,onion
Onion,Vegetables,33.8,40.3,35.8,10.1,Agra,2022-01-30,onion
Onion,Vegetables,33.9,35.9,29.3,8.9,Agra,2022-01-31,onion
Onion,Vegetables,36.2,34.0,30.7,10.2,Agra,2022-02-01,onion
Onion,Vegetables,35.5,42.9,33.9,15.7,Agra,2022-02-02,onion
Onion,Vegetables,34.4,27.7,24.5,5.8,Agra,2022-02-03,onion
Onion,Vegetables,39.3,28.1,24.6,5.8,Agra,2022-02-04,onion
Onion,Vegetables,39.1,34.7,30.5,8.3,Agra,2022-02-05,onion
Onion,Vegetables,39.9,36.2,29.7,14.3,Agra,2022-02-06,onion
Onion,Vegetables,39.6,30.8,25.1,12.6,Agra,2022-02-07,onion
Onion,Vegetables,36.6,25.0,21.1,10.1,Agra,2022-02-08,onion
Onion,Vegetables,39.0,27.9,22.8,12.3,Agra,2022-02-09,onion
Onion,Vegetables,37.7,37.8,29.5,10.4,Agra,2022-02-10,onion
Onion,Vegetables,39.4,39.7,30.2,16.5,Agra,2022-02-11,onion
Onion,Vegetables,38.4,31.9,30.0,5.6,Agra,2022-02-12,onion
Onion,Vegetables,36.3,39.6,35.0,11.8,Agra,2022-02-13,onion
Onion,Vegetables,40.1,28.9,26.4,9.7,Agra,2022-02-14,onion
Onion,Vegetables,39.2,35.3,32.1,5.5,Agra,2022-02-15,onion
Onion,Vegetables,39.6,41.1,31.4,13.7,Agra,2022-02-16,onion
Onion,Vegetables,36.5,28.7,23.7,7.2,Agra,2022-02-17,onion
Onion,Vegetables,39.1,32.9,26.7,11.4,Agra,2022-02-18,onion
Onion,Vegetables,35.6,38.4,35.7,7.8,Agra,2022-02-19,onion
Onion,Vegetables,34.9,43.6,35.5,13.7,Agra,2022-02-20,onion
Onion,Vegetables,39.5,37.0,33.8,10.0,Agra,2022-02-21,onion
Onion,Vegetables,40.0,32.1,24.6,14.3,Agra,2022-02-22,onion
Onion,Vegetables,39.3,34.0,28.4,12.5,Agra,2022-02-23,onion
Onion,Vegetables,34.2,44.3,33.6,17.9,Agra,2022-02-24,onion
Onion,Vegetables,38.3,37.9,34.4,10.3,Agra,2022-02-25,onion
Onion,Vegetables,37.5,52.2,38.9,16.6,Agra,2022-02-26,onion
Onion,Vegetables,39.2,33.5,30.7,4.9,Agra,2022-02-27,onion
Onion,Vegetables,39.2,36.0,28.6,12.2,Agra,2022-02-28,onion
Onion,Vegetables,36.1,35.7,30.7,9.3,Agra,2022-03-01,onion
Onion,Vegetables,39.9,31.8,25.0,12.7,Agra,2022-03-02,onion
Onion,Vegetables,39.2,32.5,30.2,8.5,Agra,2022-03-03,onion
Onion,Vegetables,34.9,41.0,31.1,15.0,Agra,2022-03-04,onion
Onion,Vegetables,36.5,37.4,28.9,10.7,Agra,2022-03-05,onion
Onion,Vegetables,38.2,31.9,28.0,8.9,Agra,2022-03-06,onion
Onion,Vegetables,39.2,37.7,32.0,10.9,Agra,2022-03-07,onion
Onion,Vegetables,34.3,35.7,27.4,11.5,Agra,2022-03-08,onion
Onion,Vegetables,39.7,31.0,26.8,11.2,Agra,2022-03-09,onion
Onion,Vegetables,35.9,31.7,28.1,7.5,Agra,2022-03-10,onion
Onion,Vegetables,35.4,27.8,24.1,8.7,Agra,2022-03-11,onion
Onion,Vegetables,34.0,47.0,36.8,13.7,Agra,2022-03-12,onion
Onion,Vegetables,35.0,33.4,28.0,13.3,Agra,2022-03-13,onion
Onion,Vegetables,37.1,36.7,28.7,11.9,Agra,2022-03-14,onion
Onion,Vegetables,40.1,40.5,34.0,14.1,Agra,2022-03-15,onion
Onion,Vegetables,38.6,29.0,25.1,8.1,Agra,2022-03-16,onion
Onion,Vegetables,33.2,34.8,26.6,11.6,Agra,2022-03-17,onion
Onion,Vegetables,39.1,42.9,35.4,15.2,Agra,2022-03-18,onion
Onion,Vegetables,36.1,36.3,31.1,10.9,Agra,2022-03-19,onion
Onion,Vegetables,35.9,49.0,38.2,18.7,Agra,2022-03-20,onion
Onion,Vegetables,40.2,35.9,33.0,7.6,Agra,2022-03-21,onion
Onion,Vegetables,36.2,40.2,30.0,13.1,Agra,2022-03-22,onion
Onion,Vegetables,35.1,33.6,25.7,11.7,Agra,2022-03-23,onion
Onion,Vegetables,36.3,31.4,26.0,8.1,Agra,2022-03-24,onion
Onion,Vegetables,35.3,33.1,29.5,10.0,Agra,2022-03-25,onion
Onion,Vegetables,34.2,46.6,37.2,16.7,Agra,2022-03-26,onion
Onion,Vegetables,37.0,50.5,39.9,17.4,Agra,2022-03-27,onion
Onion,Vegetables,38.1,29.8,27.9,6.1,Agra,2022-03-28,onion
Onion,Vegetables,39.0,31.1,26.9,9.5,Agra,2022-03-29,onion
Onion,Vegetables,34.1,32.3,28.5,9.7,Agra,2022-03-30,onion
Onion,Vegetables,39.2,24.4,22.4,4.0,Agra,2022-03-31,onion
Onion,Vegetables,40.3,29.9,24.4,12.0,Agra,2022-04-01,onion
Onion,Vegetables,38.9,38.7,31.7,13.1,Agra,2022-04-02,onion
Onion,Vegetables,36.5,46.8,34.8,17.8,Agra,2022-04-03,onion
Onion,Vegetables,37.3,32.3,28.0,8.2,Agra,2022-04-04,onion
Onion,Vegetables,39.8,31.6,25.3,9.0,Agra,2022-04-05,onion
Onion,Vegetables,39.9,40.3,33.4,10.9,Agra,2022-04-06,onion
Onion,Vegetables,33.2,26.1,22.2,9.3,Agra,2022-04-07,onion
Onion,Vegetables,38.1,32.7,29.6,10.7,Agra,2022-04-08,onion
Onion,Vegetables,36.1,44.0,36.0,14.1,Agra,2022-04-09,onion
Onion,Vegetables,37.7,37.4,33.3,11.9,Agra,2022-04-10,onion
Onion,Vegetables,36.5,42.0,31.7,15.6,Agra,2022-04-11,onion
Onion,Vegetables,35.7,36.9,33.5,10.3,Agra,2022-04-12,onion
Onion,Vegetables,35.5,43.3,34.0,15.4,Agra,2022-04-13,onion
Onion,Vegetables,36.2,45.5,38.6,10.5,Agra,2022-04-14,onion
Onion,Vegetables,35.6,31.9,29.9,7.0,Agra,2022-04-15,onion
Onion,Vegetables,40.0,41.5,38.3,5.8,Agra,2022-04-16,onion
Onion,Vegetables,37.9,34.2,30.3,9.2,Agra,2022-04-17,onion
Onion,Vegetables,36.3,31.6,27.3,7.6,Agra,2022-04-18,onion
Onion,Vegetables,37.6,43.3,33.6,16.1,Agra,2022-04-19,onion
Onion,Vegetables,40.0,32.6,29.6,10.7,Agra,2022-04-20,onion
Onion,Vegetables,34.4,37.5,30.0,13.7,Agra,2022-04-21,onion
Onion,Vegetables,38.1,35.1,29.0,8.3,Agra,2022-04-22,onion
Onion,Vegetables,37.3,32.1,26.8,12.4,Agra,2022-04-23,onion
Onion,Vegetables,37.3,39.9,29.8,14.6,Agra,2022-04-24,onion
Onion,Vegetables,34.3,32.3,25.7,9.6,Agra,2022-04-25,onion
Onion,Vegetables,36.9,34.9,26.3,13.2,Agra,2022-04-26,onion
Onion,Vegetables,36.0,34.5,30.2,12.2,Agra,2022-04-27,onion
Onion,Vegetables,34.3,27.3,26.0,6.5,Agra,2022-04-28,onion
Onion,Vegetables,33.6,29.3,26.1,11.1,Agra,2022-04-29,onion
Onion,Vegetables,35.6,27.0,24.7,4.5,Agra,2022-04-30,onion
Onion,Vegetables,35.3,38.2,31.1,15.0,Agra,2022-05-01,onion
Onion,Vegetables,35.6,37.7,30.5,12.8,Agra,2022-05-02,onion
Onion,Vegetables,37.4,32.1,27.2,11.7,Agra,2022-05-03,onion
Onion,Vegetables,37.7,35.4,26.2,16.0,Agra,2022-05-04,onion
Onion,Vegetables,39.4,31.3,28.6,8.7,Agra,2022-05-05,onion
Onion,Vegetables,38.9,26.9,23.6,6.3,Agra,2022-05-06,onion
Onion,Vegetables,34.8,41.5,34.3,12.7,Agra,2022-05-07,onion
Onion,Vegetables,36.7,49.9,38.1,16.8,Agra,2022-05-08,onion
Onion,Vegetables,37.4,30.4,27.5,8.3,Agra,2022-05-09,onion
Onion,Vegetables,38.2,31.1,28.6,5.5,Agra,2022-05-10,onion
Onion,Vegetables,33.3,34.6,26.2,13.5,Agra,2022-05-11,onion
Onion,Vegetables,40.0,33.7,28.9,12.5,Agra,2022-05-12,onion
Onion,Vegetables,40.2,26.1,21.0,7.8,Agra,2022-05-13,onion
Onion,Vegetables,38.6,28.9,25.9,5.9,Agra,2022-05-14,onion
Onion,Vegetables,38.8,35.6,32.9,9.1,Agra,2022-05-15,onion
Onion,Vegetables,38.8,31.5,25.7,9.9,Agra,2022-05-16,onion
Onion,Vegetables,34.8,30.0,26.2,9.3,Agra,2022-05-17,onion
Onion,Vegetables,37.3,30.1,28.6,5.1,Agra,2022-05-18,onion
Onion,Vegetables,38.4,39.7,29.7,17.2,Agra,2022-05-19,onion
Onion,Vegetables,37.1,34.7,28.6,10.3,Agra,2022-05-20,onion
Onion,Vegetables,39.6,43.3,33.7,16.7,Agra,2022-05-21,onion
Onion,Vegetables,39.7,44.1,34.0,17.0,Agra,2022-05-22,onion
Onion,Vegetables,37.9,42.0,34.7,14.2,Agra,2022-05-23,onion
Onion,Vegetables,35.0,25.7,22.2,8.8,Agra,2022-05-24,onion
Onion,Vegetables,40.2,29.2,23.3,11.6,Agra,2022-05-25,onion
Onion,Vegetables,39.2,35.3,27.0,11.9,Agra,2022-05-26,onion
Onion,Vegetables,33.4,33.9,31.0,10.8,Agra,2022-05-27,onion
Onion,Vegetables,39.8,45.9,36.2,12.0,Agra,2022-05-28,onion
Onion,Vegetables,34.7,41.4,31.9,12.0,Agra,2022-05-29,onion
Onion,Vegetables,34.6,32.0,27.9,8.1,Agra,2022-05-30,onion
Onion,Vegetables,35.0,31.8,25.2,14.5,Agra,2022-05-31,onion
Onion,Vegetables,40.3,34.2,27.7,9.6,Agra,2022-06-01,onion
Onion,Vegetables,39.1,26.7,24.4,5.7,Agra,2022-06-02,onion
Onion,Vegetables,37.3,39.1,34.7,9.3,Agra,2022-06-03,onion
Onion,Vegetables,38.3,41.2,30.9,16.9,Agra,2022-06-04,onion
Onion,Vegetables,36.0,41.0,34.1,13.0,Agra,2022-06-05,onion
Onion,Vegetables,37.2,35.4,27.8,14.3,Agra,2022-06-06,onion
Onion,Vegetables,39.7,32.7,26.6,9.6,Agra,2022-06-07,onion
Onion,Vegetables,38.0,29.1,23.6,9.2,Agra,2022-06-08,onion
Onion,Vegetables,38.1,30.2,23.1,15.0,Agra,2022-06-09,onion
Onion,Vegetables,34.3,41.8,34.2,10.0,Agra,2022-06-10,onion
Onion,Vegetables,35.6,41.2,32.0,14.2,Agra,2022-06-11,onion
Onion,Vegetables,38.1,44.8,34.3,14.6,Agra,2022-06-12,onion
Onion,Vegetables,36.7,33.8,28.3,9.2,Agra,2022-06-13,onion
Onion,Vegetables,37.6,27.3,25.2,5.8,Agra,2022-06-14,onion
Onion,Vegetables,36.5,28.4,26.2,8.3,Agra,2022-06-15,onion
Onion,Vegetables,39.4,33.2,30.3,5.4,Agra,2022-06-16,onion
Onion,Vegetables,39.0,35.6,26.5,13.1,Agra,2022-06-17,onion
Onion,Vegetables,37.9,45.8,37.5,11.8,Agra,2022-06-18,onion
Onion,Vegetables,33.7,40.5,38.4,5.2,Agra,2022-06-19,onion
Onion,Vegetables,34.0,30.8,28.9,9.9,Agra,2022-06-20,onion
Onion,Vegetables,36.7,33.9,25.7,13.1,Agra,2022-06-21,onion
Onion,Vegetables,34.1,28.7,27.0,4.8,Agra,2022-06-22,onion
Onion,Vegetables,37.4,34.9,29.6,8.3,Agra,2022-06-23,onion
Onion,Vegetables,37.0,34.0,27.0,9.8,Agra,2022-06-24,onion
Onion,Vegetables,37.0,37.4,30.8,9.1,Agra,2022-06-25,onion
Onion,Vegetables,37.5,44.5,33.6,16.6,Agra,2022-06-26,onion
Onion,Vegetables,38.5,39.1,29.7,14.2,Agra,2022-06-27,onion
Onion,Vegetables,34.3,43.3,35.1,13.6,Agra,2022-06-28,onion
Onion,Vegetables,37.1,34.9,29.3,12.9,Agra,2022-06-29,onion
Onion,Vegetables,34.0,34.2,32.0,5.5,Agra,2022-06-30,onion
Onion,Vegetables,38.8,34.7,31.0,9.2,Agra,2022-07-01,onion
Onion,Vegetables,33.7,40.9,35.3,12.4,Agra,2022-07-02,onion
Onion,Vegetables,36.6,36.6,31.9,10.1,Agra,2022-07-03,onion
Onion,Vegetables,37.0,39.7,32.1,12.5,Agra,2022-07-04,onion
Onion,Vegetables,38.8,39.3,30.7,16.4,Agra,2022-07-05,onion
Onion,Vegetables,40.2,37.6,28.8,16.6,Agra,2022-07-06,onion
Onion,Vegetables,34.1,32.8,24.6,11.6,Agra,2022-07-07,onion
Onion,Vegetables,37.2,39.2,30.4,16.4,Agra,2022-07-08,onion
Onion,Vegetables,38.8,38.5,33.4,8.2,Agra,2022-07-09,onion
Onion,Vegetables,34.2,46.0,35.9,17.8,Agra,2022-07-10,onion
Onion,Vegetables,39.4,33.1,27.0,9.5,Agra,2022-07-11,onion
Onion,Vegetables,34.9,34.5,27.6,12.2,Agra,2022-07-12,onion
Onion,Vegetables,33.8,37.0,28.5,15.4,Agra,2022-07-13,onion
Onion,Vegetables,34.0,31.9,26.4,13.2,Agra,2022-07-14,onion
Onion,Vegetables,37.9,31.2,24.9,10.0,Agra,2022-07-15,onion
Onion,Vegetables,37.6,39.3,35.1,6.3,Agra,2022-07-16,onion
Onion,Vegetables,36.9,33.0,29.0,9.8,Agra,2022-07-17,onion
Onion,Vegetables,38.5,27.4,24.4,9.5,Agra,2022-07-18,onion
Onion,Vegetables,36.6,42.6,37.1,10.1,Agra,2022-07-19,onion
Onion,Vegetables,35.8,24.6,22.3,6.1,Agra,2022-07-20,onion
Onion,Vegetables,36.6,31.4,25.3,11.8,Agra,2022-07-21,onion
Onion,Vegetables,38.7,30.6,26.5,10.3,Agra,2022-07-22,onion
Onion,Vegetables,34.6,35.2,31.6,6.2,Agra,2022-07-23,onion
Onion,Vegetables,37.0,46.3,36.4,12.9,Agra,2022-07-24,onion
Onion,Vegetables,37.3,33.6,31.2,10.2,Agra,2022-07-25,onion
Onion,Vegetables,33.9,40.6,32.7,12.9,Agra,2022-07-26,onion
Onion,Vegetables,34.0,36.2,29.0,12.8,Agra,2022-07-27,onion
Onion,Vegetables,36.4,34.1,25.4,16.5,Agra,2022-07-28,onion
Onion,Vegetables,39.9,29.6,24.6,12.9,Agra,2022-07-29,onion
Onion,Vegetables,35.3,33.7,28.3,8.5,Agra,2022-07-30,onion
Onion,Vegetables,33.6,34.5,32.8,6.0,Agra,2022-07-31,onion
Onion,Vegetables,39.6,43.1,33.3,15.1,Agra,2022-08-01,onion
Onion,Vegetables,37.2,29.9,24.8,7.9,Agra,2022-08-02,onion
Onion,Vegetables,37.7,36.2,27.8,13.6,Agra,2022-08-03,onion
Onion,Vegetables,36.2,33.4,25.1,10.8,Agra,2022-08-04,onion
Onion,Vegetables,34.1,28.7,26.3,9.6,Agra,2022-08-05,onion
Onion,Vegetables,34.6,43.2,34.9,12.7,Agra,2022-08-06,onion
Onion,Vegetables,34.1,35.2,28.4,9.7,Agra,2022-08-07,onion
Onion,Vegetables,33.4,27.8,22.6,7.6,Agra,2022-08-08,onion
Onion,Vegetables,34.2,32.9,25.4,13.0,Agra,2022-08-09,onion
Onion,Vegetables,36.5,34.6,29.1,11.5,Agra,2022-08-10,onion
Onion,Vegetables,39.2,33.4,30.1,7.7,Agra,2022-08-11,onion
Onion,Vegetables,36.8,28.8,24.8,8.8,Agra,2022-08-12,onion
Onion,Vegetables,38.9,35.4,29.3,13.3,Agra,2022-08-13,onion
Onion,Vegetables,34.6,35.1,29.1,13.3,Agra,2022-08-14,onion
Onion,Vegetables,33.9,28.1,25.5,6.0,Agra,2022-08-15,onion
Onion,Vegetables,36.7,37.2,30.2,10.2,Agra,2022-08-16,onion
Onion,Vegetables,33.9,31.9,26.3,11.7,Agra,2022-08-17,onion
Onion,Vegetables,39.9,29.1,26.6,7.1,Agra,2022-08-18,onion
Onion,Vegetables,35.0,31.4,28.7,4.8,Agra,2022-08-19,onion
Onion,Vegetables,34.3,31.8,27.6,6.3,Agra,2022-08-20,onion
Onion,Vegetables,39.3,34.0,30.4,9.6,Agra,2022-08-21,onion
Onion,Vegetables,33.3,33.8,29.1,7.3,Agra,2022-08-22,onion
Onion,Vegetables,35.9,34.4,27.9,11.0,Agra,2022-08-23,onion
Onion,Vegetables,35.4,36.9,29.9,12.7,Agra,2022-08-24,onion
Onion,Vegetables,37.6,28.7,25.9,7.9,Agra,2022-08-25,onion
Onion,Vegetables,35.7,35.2,28.8,13.0,Agra,2022-08-26,onion
Onion,Vegetables,37.1,32.1,26.0,13.1,Agra,2022-08-27,onion
Onion,Vegetables,35.0,41.4,32.2,13.7,Agra,2022-08-28,onion
Onion,Vegetables,33.9,38.5,29.6,14.8,Agra,2022-08-29,onion
Onion,Vegetables,34.0,37.2,30.7,12.3,Agra,2022-08-30,onion
Onion,Vegetables,35.0,33.5,31.7,9.1,Agra,2022-08-31,onion
Onion,Vegetables,37.0,41.9,34.2,10.6,Agra,2022-09-01,onion
Onion,Vegetables,38.9,30.6,24.3,11.2,Agra,2022-09-02,onion
Onion,Vegetables,35.5,44.4,33.5,17.8,Agra,2022-09-03,onion
Onion,Vegetables,33.4,32.1,30.4,5.0,Agra,2022-09-04,onion
Onion,Vegetables,33.5,38.1,30.7,13.9,Agra,2022-09-05,onion
Onion,Vegetables,34.4,33.0,27.1,10.8,Agra,2022-09-06,onion
Onion,Vegetables,33.2,32.3,27.8,7.0,Agra,2022-09-07,onion
Onion,Vegetables,37.3,24.3,19.1,10.0,Agra,2022-09-08,onion
Onion,Vegetables,36.6,27.6,22.3,9.1,Agra,2022-09-09,onion
Onion,Vegetables,39.9,43.2,33.4,17.2,Agra,2022-09-10,onion
Onion,Vegetables,34.4,36.6,32.7,11.0,Agra,2022-09-11,onion
Onion,Vegetables,40.0,37.6,29.1,10.7,Agra,2022-09-12,onion
Onion,Vegetables,39.3,35.5,31.3,6.5,Agra,2022-09-13,onion
Onion,Vegetables,38.0,34.2,29.6,7.3,Agra,2022-09-14,onion
Onion,Vegetables,38.7,33.6,31.6,8.6,Agra,2022-09-15,onion
Onion,Vegetables,40.0,33.6,31.6,5.0,Agra,2022-09-16,onion
Onion,Vegetables,37.4,34.9,32.4,9.8,Agra,2022-09-17,onion
Onion,Vegetables,36.7,35.3,32.6,9.7,Agra,2022-09-18,onion
Onion,Vegetables,38.2,28.8,27.3,9.3,Agra,2022-09-19,onion
Onion,Vegetables,35.7,44.4,33.2,18.5,Agra,2022-09-20,onion
Onion,Vegetables,37.4,32.8,30.0,9.9,Agra,2022-09-21,onion
Onion,Vegetables,39.0,25.1,22.3,7.2,Agra,2022-09-22,onion
Onion,Vegetables,36.2,36.9,28.4,15.8,Agra,2022-09-23,onion
Onion,Vegetables,35.9,40.2,37.1,8.2,Agra,2022-09-24,onion
Onion,Vegetables,38.3,36.1,31.3,6.9,Agra,2022-09-25,onion
Onion,Vegetables,33.5,31.8,29.0,10.2,Agra,2022-09-26,onion
Onion,Vegetables,39.9,34.4,30.0,9.9,Agra,2022-09-27,onion
Onion,Vegetables,35.5,36.2,28.1,14.2,Agra,2022-09-28,onion
Onion,Vegetables,34.4,31.4,26.9,9.3,Agra,2022-09-29,onion
Onion,Vegetables,38.5,24.7,21.0,11.5,Agra,2022-09-30,onion
Onion,Vegetables,33.5,37.1,32.3,8.0,Agra,2022-10-01,onion
Onion,Vegetables,36.0,32.9,27.9,12.0,Agra,2022-10-02,onion
Onion,Vegetables,37.7,36.0,28.7,14.9,Agra,2022-10-03,onion
Onion,Vegetables,36.1,35.6,29.6,10.1,Agra,2022-10-04,onion
Onion,Vegetables,34.9,34.5,26.6,13.3,Agra,2022-10-05,onion
Onion,Vegetables,37.6,26.1,22.7,6.2,Agra,2022-10-06,onion
Onion,Vegetables,35.6,36.4,27.5,14.3,Agra,2022-10-07,onion
Onion,Vegetables,33.5,47.4,37.1,16.0,Agra,2022-10-08,onion
Onion,Vegetables,33.3,43.3,37.2,10.1,Agra,2022-10-09,onion
Onion,Vegetables,33.3,37.2,28.3,16.7,Agra,2022-10-10,onion
Onion,Vegetables,38.5,27.5,24.6,10.4,Agra,2022-10-11,onion
Onion,Vegetables,40.2,34.0,29.5,11.6,Agra,2022-10-12,onion
Onion,Vegetables,35.3,20.9,19.3,6.3,Agra,2022-10-13,onion
Onion,Vegetables,34.3,45.3,35.1,16.4,Agra,2022-10-14,onion
Onion,Vegetables,38.4,32.2,26.2,8.5,Agra,2022-10-15,onion
Onion,Vegetables,39.5,47.4,35.6,19.6,Agra,2022-10-16,onion
Onion,Vegetables,40.1,32.8,29.0,10.9,Agra,2022-10-17,onion
Onion,Vegetables,40.0,39.7,30.2,13.2,Agra,2022-10-18,onion
Onion,Vegetables,34.5,37.7,31.9,13.5,Agra,2022-10-19,onion
Onion,Vegetables,33.6,43.7,35.1,15.5,Agra,2022-10-20,onion
Onion,Vegetables,35.1,29.6,26.4,10.2,Agra,2022-10-21,onion
Onion,Vegetables,39.1,36.2,30.5,10.8,Agra,2022-10-22,onion
Onion,Vegetables,39.1,31.9,25.9,11.1,Agra,2022-10-23,onion
Onion,Vegetables,35.2,30.8,27.0,9.7,Agra,2022-10-24,onion
Onion,Vegetables,34.6,31.5,29.1,7.7,Agra,2022-10-25,onion
Onion,Vegetables,35.5,45.3,33.7,15.0,Agra,2022-10-26,onion
Onion,Vegetables,39.6,35.4,29.1,9.4,Agra,2022-10-27,onion
Onion,Vegetables,35.2,32.6,30.0,8.4,Agra,2022-10-28,onion
Onion,Vegetables,35.8,39.0,34.0,8.1,Agra,2022-10-29,onion
Onion,Vegetables,39.5,31.8,28.6,8.8,Agra,2022-10-30,onion
Onion,Vegetables,36.3,23.4,21.1,6.2,Agra,2022-10-31,onion
Onion,Vegetables,35.9,25.9,23.1,7.4,Agra,2022-11-01,onion
Onion,Vegetables,35.9,37.8,29.8,12.4,Agra,2022-11-02,onion
Onion,Vegetables,40.0,35.5,27.2,10.3,Agra,2022-11-03,onion
Onion,Vegetables,37.3,32.9,27.7,11.8,Agra,2022-11-04,onion
Onion,Vegetables,34.9,34.1,30.3,5.9,Agra,2022-11-05,onion
Onion,Vegetables,37.6,34.8,28.2,13.7,Agra,2022-11-06,onion
Onion,Vegetables,38.1,29.6,23.3,13.4,Agra,2022-11-07,onion
Onion,Vegetables,36.3,36.5,30.1,13.1,Agra,2022-11-08,onion
Onion,Vegetables,36.5,29.5,24.1,7.6,Agra,2022-11-09,onion
Onion,Vegetables,34.6,40.7,30.7,15.6,Agra,2022-11-10,onion
Onion,Vegetables,36.4,31.4,24.0,11.9,Agra,2022-11-11,onion
Onion,Vegetables,34.8,39.7,33.0,10.9,Agra,2022-11-12,onion
Onion,Vegetables,36.4,44.0,33.2,14.3,Agra,2022-11-13,onion
Onion,Vegetables,35.5,43.9,34.2,16.4,Agra,2022-11-14,onion
Onion,Vegetables,40.2,37.2,30.3,11.1,Agra,2022-11-15,onion
Onion,Vegetables,35.9,39.1,34.5,10.2,Agra,2022-11-16,onion
Onion,Vegetables,39.2,27.4,25.6,5.3,Agra,2022-11-17,onion
Onion,Vegetables,39.2,40.1,34.3,13.1,Agra,2022-11-18,onion
Onion,Vegetables,34.9,43.1,35.4,11.0,Agra,2022-11-19,onion
Onion,Vegetables,34.8,37.1,33.8,5.4,Agra,2022-11-20,onion
Onion,Vegetables,38.1,31.4,29.3,9.8,Agra,2022-11-21,onion
Onion,Vegetables,37.6,31.4,29.2,4.7,Agra,2022-11-22,onion
Onion,Vegetables,36.8,26.4,25.1,6.2,Agra,2022-11-23,onion
Onion,Vegetables,33.7,27.9,26.0,4.9,Agra,2022-11-24,onion
Onion,Vegetables,33.2,33.4,29.6,6.2,Agra,2022-11-25,onion
Onion,Vegetables,34.1,32.1,30.2,8.6,Agra,2022-11-26,onion
Onion,Vegetables,37.2,39.5,36.8,4.9,Agra,2022-11-27,onion
Onion,Vegetables,36.2,31.3,27.7,8.5,Agra,2022-11-28,onion
Onion,Vegetables,39.6,29.5,22.9,10.9,Agra,2022-11-29,onion
Onion,Vegetables,38.6,29.1,26.6,6.5,Agra,2022-11-30,onion
Onion,Vegetables,33.3,35.6,31.3,7.1,Agra,2022-12-01,onion
Onion,Vegetables,33.5,30.2,24.5,8.2,Agra,2022-12-02,onion
Onion,Vegetables,38.9,33.0,26.7,11.6,Agra,2022-12-03,onion
Onion,Vegetables,40.2,29.6,27.8,8.9,Agra,2022-12-04,onion
Onion,Vegetables,37.4,36.7,28.7,14.7,Agra,2022-12-05,onion
Onion,Vegetables,33.2,40.7,31.3,15.5,Agra,2022-12-06,onion
Onion,Vegetables,39.9,27.8,25.6,8.0,Agra,2022-12-07,onion
Onion,Vegetables,38.0,36.8,29.1,14.8,Agra,2022-12-08,onion
Onion,Vegetables,37.1,35.5,30.1,10.0,Agra,2022-12-09,onion
Onion,Vegetables,36.7,40.5,31.1,17.2,Agra,2022-12-10,onion
Onion,Vegetables,34.4,42.5,32.2,15.5,Agra,2022-12-11,onion
Onion,Vegetables,33.2,32.6,26.6,11.3,Agra,2022-12-12,onion
Onion,Vegetables,33.7,45.0,37.9,11.8,Agra,2022-12-13,onion
Onion,Vegetables,37.3,42.0,33.6,16.2,Agra,2022-12-14,onion
Onion,Vegetables,37.0,35.1,26.6,16.2,Agra,2022-12-15,onion
Onion,Vegetables,37.8,26.7,25.3,6.1,Agra,2022-12-16,onion
Onion,Vegetables,39.8,43.8,35.0,16.2,Agra,2022-12-17,onion
Onion,Vegetables,37.7,35.2,30.3,10.7,Agra,2022-12-18,onion
Onion,Vegetables,35.7,33.1,29.6,6.3,Agra,2022-12-19,onion
Onion,Vegetables,34.3,36.8,30.7,9.7,Agra,2022-12-20,onion
Onion,Vegetables,39.4,26.4,20.1,8.8,Agra,2022-12-21,onion
Onion,Vegetables,39.4,42.7,33.1,15.7,Agra,2022-12-22,onion
Onion,Vegetables,33.9,33.5,31.2,5.4,Agra,2022-12-23,onion
Onion,Vegetables,34.6,34.7,27.7,11.1,Agra,2022-12-24,onion
Onion,Vegetables,35.1,53.2,41.8,16.4,Agra,2022-12-25,onion
Onion,Vegetables,35.1,35.2,30.9,10.2,Agra,2022-12-26,onion
Onion,Vegetables,36.2,38.6,30.9,10.3,Agra,2022-12-27,onion
Onion,Vegetables,36.3,27.6,25.2,7.2,Agra,2022-12-28,onion
Onion,Vegetables,33.9,35.5,31.5,12.0,Agra,2022-12-29,onion
Onion,Vegetables,37.4,37.6,33.3,8.4,Agra,2022-12-30,onion
Onion,Vegetables,39.7,36.0,29.5,10.5,Agra,2022-12-31,onion
Onion,Vegetables,35.3,36.2,30.9,12.3,Agra,2023-01-01,onion
Onion,Vegetables,39.2,31.4,29.8,7.0,Agra,2023-01-02,onion
Onion,Vegetables,40.0,42.5,32.7,12.7,Agra,2023-01-03,onion
Onion,Vegetables,40.1,29.1,25.6,6.3,Agra,2023-01-04,onion
Onion,Vegetables,34.7,31.3,27.4,9.4,Agra,2023-01-05,onion
Onion,Vegetables,37.5,28.6,21.4,11.0,Agra,2023-01-06,onion
Onion,Vegetables,36.0,40.4,34.3,8.2,Agra,2023-01-07,onion
Onion,Vegetables,36.2,39.8,30.8,15.3,Agra,2023-01-08,onion
Onion,Vegetables,35.2,31.1,27.6,10.9,Agra,2023-01-09,onion
Onion,Vegetables,34.5,37.2,29.0,10.8,Agra,2023-01-10,onion
Onion,Vegetables,36.1,38.0,32.1,11.0,Agra,2023-01-11,onion
Onion,Vegetables,37.6,28.1,24.2,10.1,Agra,2023-01-12,onion
Onion,Vegetables,39.7,21.7,20.0,5.4,Agra,2023-01-13,onion
Onion,Vegetables,34.7,37.3,34.1,7.6,Agra,2023-01-14,onion
Onion,Vegetables,36.5,43.8,35.4,11.7,Agra,2023-01-15,onion
Onion,Vegetables,36.7,32.1,29.7,9.9,Agra,2023-01-16,onion
Onion,Vegetables,35.6,37.4,31.8,11.8,Agra,2023-01-17,onion
Onion,Vegetables,36.4,29.4,25.7,8.3,Agra,2023-01-18,onion
Onion,Vegetables,35.4,43.6,36.8,10.0,Agra,2023-01-19,onion
Onion,Vegetables,33.6,34.1,26.3,12.0,Agra,2023-01-20,onion
Onion,Vegetables,34.9,41.1,35.0,9.0,Agra,2023-01-21,onion
Onion,Vegetables,39.2,34.9,31.8,5.4,Agra,2023-01-22,onion
Onion,Vegetables,38.9,28.0,23.0,7.5,Agra,2023-01-23,onion
Onion,Vegetables,39.5,27.2,22.7,7.8,Agra,2023-01-24,onion
Onion,Vegetables,37.1,24.0,21.3,9.7,Agra,2023-01-25,onion
Onion,Vegetables,39.1,47.8,35.5,19.1,Agra,2023-01-26,onion
Onion,Vegetables,33.6,24.6,22.3,7.9,Agra,2023-01-27,onion
Onion,Vegetables,35.8,47.4,35.2,14.3,Agra,2023-01-28,onion
Onion,Vegetables,36.3,44.0,37.5,11.1,Agra,2023-01-29,onion
Onion,Vegetables,39.5,38.7,31.2,12.4,Agra,2023-01-30,onion
Onion,Vegetables,38.1,29.1,26.0,6.0,Agra,2023-01-31,onion
Onion,Vegetables,40.1,24.6,21.8,8.5,Agra,2023-02-01,onion
Onion,Vegetables,40.3,31.6,24.0,12.0,Agra,2023-02-02,onion
Onion,Vegetables,39.6,26.3,23.8,6.0,Agra,2023-02-03,onion
Onion,Vegetables,39.7,42.2,31.4,14.2,Agra,2023-02-04,onion
Onion,Vegetables,36.0,34.3,26.1,10.4,Agra,2023-02-05,onion
Onion,Vegetables,39.8,21.5,20.0,8.9,Agra,2023-02-06,onion
Onion,Vegetables,33.6,36.0,30.5,8.0,Agra,2023-02-07,onion
Onion,Vegetables,34.2,39.9,30.1,14.1,Agra,2023-02-08,onion
Onion,Vegetables,38.6,34.5,26.4,14.0,Agra,2023-02-09,onion
Onion,Vegetables,38.4,43.7,33.6,13.4,Agra,2023-02-10,onion
Onion,Vegetables,35.2,44.3,36.0,16.3,Agra,2023-02-11,onion
Onion,Vegetables,39.4,43.7,33.9,13.3,Agra,2023-02-12,onion
Onion,Vegetables,35.5,32.6,25.7,11.4,Agra,2023-02-13,onion
Onion,Vegetables,37.6,33.7,26.7,9.1,Agra,2023-02-14,onion
Onion,Vegetables,33.5,39.4,33.0,14.0,Agra,2023-02-15,onion
Onion,Vegetables,35.0,25.8,23.9,4.6,Agra,2023-02-16,onion
Onion,Vegetables,34.7,32.1,26.3,9.3,Agra,2023-02-17,onion
Onion,Vegetables,36.8,32.8,27.5,9.2,Agra,2023-02-18,onion
Onion,Vegetables,36.2,37.5,35.0,9.1,Agra,2023-02-19,onion
Onion,Vegetables,35.3,30.7,27.8,10.1,Agra,2023-02-20,onion
Onion,Vegetables,36.5,22.3,19.0,9.5,Agra,2023-02-21,onion
Onion,Vegetables,38.6,36.4,28.3,13.3,Agra,2023-02-22,onion
Onion,Vegetables,38.2,32.9,29.7,9.5,Agra,2023-02-23,onion
Onion,Vegetables,37.8,33.4,31.0,8.3,Agra,2023-02-24,onion
Onion,Vegetables,39.4,34.4,27.9,9.9,Agra,2023-02-25,onion
Onion,Vegetables,37.0,39.6,31.7,13.0,Agra,2023-02-26,onion
Onion,Vegetables,35.3,34.2,28.2,10.0,Agra,2023-02-27,onion
Onion,Vegetables,35.1,33.7,26.5,11.4,Agra,2023-02-28,onion
Onion,Vegetables,34.0,39.5,34.6,7.7,Agra,2023-03-01,onion
Onion,Vegetables,35.6,33.0,27.2,8.4,Agra,2023-03-02,onion
Onion,Vegetables,34.8,30.0,28.0,4.1,Agra,2023-03-03,onion
Onion,Vegetables,33.2,35.6,31.3,6.7,Agra,2023-03-04,onion
Onion,Vegetables,34.5,34.5,28.2,10.8,Agra,2023-03-05,onion
Onion,Vegetables,39.5,37.8,30.0,14.9,Agra,2023-03-06,onion
Onion,Vegetables,36.9,37.6,29.5,14.2,Agra,2023-03-07,onion
Onion,Vegetables,35.3,35.5,32.6,9.7,Agra,2023-03-08,onion
Onion,Vegetables,33.7,31.8,28.8,9.5,Agra,2023-03-09,onion
Onion,Vegetables,40.0,32.2,26.9,10.7,Agra,2023-03-10,onion
Onion,Vegetables,35.8,54.0,41.2,20.5,Agra,2023-03-11,onion
Onion,Vegetables,37.0,37.4,29.1,14.7,Agra,2023-03-12,onion
Onion,Vegetables,34.9,38.0,34.9,10.4,Agra,2023-03-13,onion
Onion,Vegetables,36.0,31.5,26.6,12.1,Agra,2023-03-14,onion
Onion,Vegetables,34.4,44.7,34.7,13.6,Agra,2023-03-15,onion
Onion,Vegetables,36.9,37.0,33.9,5.7,Agra,2023-03-16,onion
Onion,Vegetables,36.3,32.6,27.5,12.3,Agra,2023-03-17,onion
Onion,Vegetables,35.2,43.9,36.7,10.2,Agra,2023-03-18,onion
Onion,Vegetables,39.2,35.8,31.6,7.7,Agra,2023-03-19,onion
Onion,Vegetables,34.9,31.0,26.7,11.7,Agra,2023-03-20,onion
Onion,Vegetables,38.2,35.1,26.9,12.8,Agra,2023-03-21,onion
Onion,Vegetables,40.2,33.6,27.4,11.1,Agra,2023-03-22,onion
Onion,Vegetables,39.8,37.4,31.4,12.4,Agra,2023-03-23,onion
Onion,Vegetables,35.1,30.5,26.0,8.6,Agra,2023-03-24,onion
Onion,Vegetables,39.4,42.0,32.4,13.7,Agra,2023-03-25,onion
Onion,Vegetables,34.2,43.7,34.8,14.7,Agra,2023-03-26,onion
Onion,Vegetables,35.0,35.6,27.5,10.9,Agra,2023-03-27,onion
Onion,Vegetables,35.2,37.8,30.6,10.7,Agra,2023-03-28,onion
Onion,Vegetables,40.0,39.4,32.3,11.5,Agra,2023-03-29,onion
Onion,Vegetables,39.0,29.9,28.3,6.2,Agra,2023-03-30,onion
Onion,Vegetables,39.5,39.0,31.5,12.5,Agra,2023-03-31,onion
Onion,Vegetables,39.0,36.7,29.5,9.7,Agra,2023-04-01,onion
Onion,Vegetables,39.2,45.0,35.1,17.3,Agra,2023-04-02,onion
Onion,Vegetables,39.8,29.7,22.4,13.2,Agra,2023-04-03,onion
Onion,Vegetables,37.6,39.0,31.8,10.6,Agra,2023-04-04,onion
Onion,Vegetables,34.0,32.1,27.0,12.6,Agra,2023-04-05,onion
Onion,Vegetables,33.5,29.7,26.4,11.0,Agra,2023-04-06,onion
Onion,Vegetables,33.9,30.4,28.5,4.4,Agra,2023-04-07,onion
Onion,Vegetables,38.1,43.0,32.2,13.2,Agra,2023-04-08,onion
Onion,Vegetables,39.8,34.2,31.5,5.5,Agra,2023-04-09,onion
Onion,Vegetables,37.5,33.3,25.2,11.8,Agra,2023-04-10,onion
Onion,Vegetables,37.9,36.6,31.9,7.6,Agra,2023-04-11,onion
Onion,Vegetables,40.1,34.3,30.5,8.2,Agra,2023-04-12,onion
Onion,Vegetables,36.6,35.7,28.8,11.3,Agra,2023-04-13,onion
Onion,Vegetables,34.9,33.4,29.7,8.1,Agra,2023-04-14,onion
Onion,Vegetables,33.4,32.6,28.9,8.6,Agra,2023-04-15,onion
Onion,Vegetables,38.9,31.8,26.4,7.7,Agra,2023-04-16,onion
Onion,Vegetables,35.7,27.4,25.1,5.8,Agra,2023-04-17,onion
Onion,Vegetables,35.9,28.8,25.0,8.0,Agra,2023-04-18,onion
Onion,Vegetables,39.0,27.9,24.6,8.1,Agra,2023-04-19,onion
Onion,Vegetables,36.7,38.6,31.2,13.7,Agra,2023-04-20,onion
Onion,Vegetables,33.5,34.2,26.4,11.2,Agra,2023-04-21,onion
Onion,Vegetables,33.8,34.2,29.2,11.2,Agra,2023-04-22,onion
Onion,Vegetables,33.9,39.7,36.5,9.2,Agra,2023-04-23,onion
Onion,Vegetables,36.4,34.8,28.2,11.0,Agra,2023-04-24,onion
Onion,Vegetables,34.4,29.0,23.3,8.4,Agra,2023-04-25,onion
Onion,Vegetables,37.8,23.6,21.1,7.5,Agra,2023-04-26,onion
Onion,Vegetables,35.5,30.7,27.0,10.3,Agra,2023-04-27,onion
Onion,Vegetables,33.7,27.0,23.8,7.9,Agra,2023-04-28,onion
Onion,Vegetables,39.8,36.8,29.5,10.5,Agra,2023-04-29,onion
Onion,Vegetables,37.2,43.6,34.9,15.7,Agra,2023-04-30,onion
Onion,Vegetables,34.4,36.8,28.2,11.7,Agra,2023-05-01,onion
Onion,Vegetables,40.1,36.3,29.9,11.3,Agra,2023-05-02,onion
Onion,Vegetables,36.2,28.1,24.1,7.8,Agra,2023-05-03,onion
Onion,Vegetables,37.4,36.1,30.0,13.0,Agra,2023-05-04,onion
Onion,Vegetables,35.4,36.6,32.3,8.6,Agra,2023-05-05,onion
Onion,Vegetables,37.3,38.2,35.8,7.0,Agra,2023-05-06,onion
Onion,Vegetables,33.6,28.9,27.4,8.2,Agra,2023-05-07,onion
Onion,Vegetables,36.0,32.6,26.2,9.0,Agra,2023-05-08,onion
Onion,Vegetables,34.5,38.1,32.0,10.7,Agra,2023-05-09,onion
Onion,Vegetables,34.5,31.9,27.1,8.8,Agra,2023-05-10,onion
Onion,Vegetables,40.3,33.4,28.9,8.1,Agra,2023-05-11,onion
Onion,Vegetables,39.6,25.0,22.2,9.1,Agra,2023-05-12,onion
Onion,Vegetables,33.4,44.9,35.5,13.3,Agra,2023-05-13,onion
Onion,Vegetables,38.9,36.3,30.7,12.9,Agra,2023-05-14,onion
Onion,Vegetables,35.2,34.4,26.4,10.6,Agra,2023-05-15,onion
Onion,Vegetables,34.4,34.6,29.7,12.1,Agra,2023-05-16,onion
Onion,Vegetables,36.6,31.5,24.2,10.7,Agra,2023-05-17,onion
Onion,Vegetables,39.8,33.5,27.2,13.8,Agra,2023-05-18,onion
Onion,Vegetables,35.6,40.2,35.8,7.9,Agra,2023-05-19,onion
Onion,Vegetables,40.1,37.8,34.6,7.8,Agra,2023-05-20,onion
Onion,Vegetables,37.6,41.8,31.2,16.7,Agra,2023-05-21,onion
Onion,Vegetables,33.1,34.7,31.4,9.0,Agra,2023-05-22,onion
Onion,Vegetables,39.8,32.5,30.9,9.4,Agra,2023-05-23,onion
Onion,Vegetables,35.3,29.3,23.1,11.3,Agra,2023-05-24,onion
Onion,Vegetables,35.0,37.0,30.8,10.3,Agra,2023-05-25,onion
Onion,Vegetables,34.9,37.5,34.3,10.8,Agra,2023-05-26,onion
Onion,Vegetables,33.2,44.1,38.9,9.3,Agra,2023-05-27,onion
Onion,Vegetables,33.6,35.7,28.4,13.6,Agra,2023-05-28,onion
Onion,Vegetables,38.2,27.1,22.8,10.5,Agra,2023-05-29,onion
Onion,Vegetables,39.8,36.3,27.6,16.5,Agra,2023-05-30,onion
Onion,Vegetables,33.8,33.5,25.1,14.8,Agra,2023-05-31,onion
Onion,Vegetables,38.3,32.5,28.1,9.9,Agra,2023-06-01,onion
Onion,Vegetables,38.4,26.1,23.6,5.4,Agra,2023-06-02,onion
Onion,Vegetables,35.7,47.7,38.7,16.1,Agra,2023-06-03,onion
Onion,Vegetables,38.4,44.0,36.6,12.3,Agra,2023-06-04,onion
Onion,Vegetables,38.9,46.3,36.0,15.8,Agra,2023-06-05,onion
Onion,Vegetables,34.7,36.8,28.0,13.8,Agra,2023-06-06,onion
Onion,Vegetables,40.2,22.2,19.9,6.4,Agra,2023-06-07,onion
Onion,Vegetables,34.7,42.2,31.8,16.0,Agra,2023-06-08,onion
Onion,Vegetables,39.0,31.8,29.3,9.2,Agra,2023-06-09,onion
Onion,Vegetables,33.5,36.8,33.5,9.7,Agra,2023-06-10,onion
Onion,Vegetables,34.6,41.9,34.5,11.9,Agra,2023-06-11,onion
Onion,Vegetables,34.2,38.5,34.5,7.1,Agra,2023-06-12,onion
Onion,Vegetables,38.2,28.5,25.9,6.1,Agra,2023-06-13,onion
Onion,Vegetables,39.9,32.1,28.8,9.4,Agra,2023-06-14,onion
Onion,Vegetables,34.0,31.9,24.5,9.5,Agra,2023-06-15,onion
Onion,Vegetables,36.7,37.8,30.3,14.0,Agra,2023-06-16,onion
Onion,Vegetables,39.6,35.7,28.2,12.7,Agra,2023-06-17,onion
Onion,Vegetables,33.8,38.4,35.2,10.2,Agra,2023-06-18,onion
Onion,Vegetables,37.2,35.7,29.1,9.6,Agra,2023-06-19,onion
Onion,Vegetables,36.4,34.8,26.2,15.1,Agra,2023-06-20,onion
Onion,Vegetables,35.9,34.8,26.5,11.4,Agra,2023-06-21,onion
Onion,Vegetables,33.5,27.0,24.8,6.9,Agra,2023-06-22,onion
Onion,Vegetables,33.6,26.6,22.9,6.6,Agra,2023-06-23,onion
Onion,Vegetables,38.5,39.4,33.8,8.3,Agra,2023-06-24,onion
Onion,Vegetables,35.7,54.9,41.5,20.6,Agra,2023-06-25,onion
Onion,Vegetables,38.3,43.0,33.2,16.2,Agra,2023-06-26,onion
Onion,Vegetables,35.3,39.0,29.5,17.4,Agra,2023-06-27,onion
Onion,Vegetables,33.5,33.0,26.6,12.1,Agra,2023-06-28,onion
Onion,Vegetables,35.8,29.2,22.0,11.0,Agra,2023-06-29,onion
Onion,Vegetables,34.4,44.9,35.9,12.7,Agra,2023-06-30,onion
Onion,Vegetables,33.5,42.5,31.5,14.9,Agra,2023-07-01,onion
Onion,Vegetables,37.1,40.3,36.7,8.8,Agra,2023-07-02,onion
Onion,Vegetables,35.0,33.6,28.9,7.1,Agra,2023-07-03,onion
Onion,Vegetables,33.6,45.6,35.4,16.6,Agra,2023-07-04,onion
Onion,Vegetables,36.5,29.3,25.9,5.8,Agra,2023-07-05,onion
Onion,Vegetables,39.4,33.3,27.7,9.8,Agra,2023-07-06,onion
Onion,Vegetables,37.7,39.1,30.1,14.6,Agra,2023-07-07,onion
Onion,Vegetables,33.1,42.9,39.3,10.8,Agra,2023-07-08,onion
Onion,Vegetables,34.0,38.4,28.7,13.1,Agra,2023-07-09,onion
Onion,Vegetables,35.7,38.2,29.8,14.3,Agra,2023-07-10,onion
Onion,Vegetables,35.4,31.8,26.8,8.9,Agra,2023-07-11,onion
Onion,Vegetables,35.4,30.9,26.2,11.4,Agra,2023-07-12,onion
Onion,Vegetables,35.7,38.3,29.2,15.3,Agra,2023-07-13,onion
Onion,Vegetables,35.6,30.3,22.6,13.8,Agra,2023-07-14,onion
Onion,Vegetables,34.1,43.0,36.1,13.3,Agra,2023-07-15,onion
Onion,Vegetables,34.2,37.8,34.9,8.7,Agra,2023-07-16,onion
Onion,Vegetables,36.0,25.8,21.7,6.7,Agra,2023-07-17,onion
Onion,Vegetables,33.9,32.3,27.3,9.7,Agra,2023-07-18,onion
Onion,Vegetables,39.4,35.4,31.0,8.2,Agra,2023-07-19,onion
Onion,Vegetables,38.2,28.6,23.5,9.3,Agra,2023-07-20,onion
Onion,Vegetables,36.6,39.1,29.4,17.0,Agra,2023-07-21,onion
Onion,Vegetables,37.9,38.6,34.9,7.9,Agra,2023-07-22,onion
Onion,Vegetables,37.1,48.8,37.0,15.7,Agra,2023-07-23,onion
Onion,Vegetables,36.3,39.8,31.9,13.3,Agra,2023-07-24,onion
Onion,Vegetables,39.2,26.3,23.4,8.7,Agra,2023-07-25,onion
Onion,Vegetables,35.9,26.6,21.9,7.1,Agra,2023-07-26,onion
Onion,Vegetables,38.2,36.9,32.8,11.2,Agra,2023-07-27,onion
Onion,Vegetables,39.4,32.7,27.7,7.6,Agra,2023-07-28,onion
Onion,Vegetables,36.8,49.1,37.2,19.4,Agra,2023-07-29,onion
Onion,Vegetables,37.6,48.5,39.0,12.3,Agra,2023-07-30,onion
Onion,Vegetables,36.0,30.4,24.0,11.3,Agra,2023-07-31,onion
Onion,Vegetables,36.7,26.3,23.4,5.9,Agra,2023-08-01,onion
Onion,Vegetables,36.1,36.4,27.1,11.3,Agra,2023-08-02,onion
Onion,Vegetables,39.7,38.7,31.1,13.3,Agra,2023-08-03,onion
Onion,Vegetables,39.2,34.2,25.9,15.5,Agra,2023-08-04,onion
Onion,Vegetables,36.9,36.0,33.1,9.8,Agra,2023-08-05,onion
Onion,Vegetables,36.9,38.6,31.4,10.8,Agra,2023-08-06,onion
Onion,Vegetables,36.1,30.2,26.9,10.0,Agra,2023-08-07,onion
Onion,Vegetables,35.1,34.1,29.9,11.0,Agra,2023-08-08,onion
Onion,Vegetables,35.4,35.9,30.6,7.8,Agra,2023-08-09,onion
Onion,Vegetables,37.2,35.4,29.1,13.7,Agra,2023-08-10,onion
Onion,Vegetables,36.3,42.9,31.8,15.9,Agra,2023-08-11,onion
Onion,Vegetables,37.8,37.5,32.7,7.6,Agra,2023-08-12,onion
Onion,Vegetables,34.2,39.7,33.0,12.2,Agra,2023-08-13,onion
Onion,Vegetables,38.2,33.1,30.9,4.9,Agra,2023-08-14,onion
Onion,Vegetables,34.8,30.0,27.8,8.7,Agra,2023-08-15,onion
Onion,Vegetables,35.7,39.8,32.8,12.2,Agra,2023-08-16,onion
Onion,Vegetables,36.4,37.4,29.7,12.9,Agra,2023-08-17,onion
Onion,Vegetables,36.0,38.0,29.4,13.3,Agra,2023-08-18,onion
Onion,Vegetables,37.5,38.4,32.9,10.6,Agra,2023-08-19,onion
Onion,Vegetables,38.4,42.0,33.3,14.7,Agra,2023-08-20,onion
Onion,Vegetables,34.9,30.3,24.3,10.8,Agra,2023-08-21,onion
Onion,Vegetables,34.9,37.4,28.6,13.3,Agra,2023-08-22,onion
Onion,Vegetables,37.7,39.9,30.8,13.1,Agra,2023-08-23,onion
Onion,Vegetables,39.3,29.6,23.3,10.3,Agra,2023-08-24,onion
Onion,Vegetables,40.0,32.3,25.0,10.7,Agra,2023-08-25,onion
Onion,Vegetables,40.2,37.4,34.9,4.7,Agra,2023-08-26,onion
Onion,Vegetables,35.2,26.6,25.2,5.1,Agra,2023-08-27,onion
Onion,Vegetables,36.9,28.3,24.1,8.5,Agra,2023-08-28,onion
Onion,Vegetables,35.5,36.2,31.0,10.1,Agra,2023-08-29,onion
Onion,Vegetables,34.5,24.3,22.7,4.9,Agra,2023-08-30,onion
Onion,Vegetables,39.8,31.4,26.1,13.2,Agra,2023-08-31,onion
Onion,Vegetables,34.7,36.5,31.6,9.1,Agra,2023-09-01,onion
Onion,Vegetables,39.2,28.3,26.7,7.6,Agra,2023-09-02,onion
Onion,Vegetables,39.5,39.4,30.5,14.1,Agra,2023-09-03,onion
Onion,Vegetables,35.7,29.8,24.1,9.6,Agra,2023-09-04,onion
Onion,Vegetables,37.6,27.6,26.2,4.5,Agra,2023-09-05,onion
Onion,Vegetables,34.1,32.9,26.8,13.8,Agra,2023-09-06,onion
Onion,Vegetables,34.7,31.8,28.8,8.2,Agra,2023-09-07,onion
Onion,Vegetables,36.8,25.6,24.2,9.2,Agra,2023-09-08,onion
Onion,Vegetables,34.6,35.8,32.6,5.8,Agra,2023-09-09,onion
Onion,Vegetables,36.8,41.8,36.1,13.2,Agra,2023-09-10,onion
Onion,Vegetables,34.6,33.6,25.6,13.1,Agra,2023-09-11,onion
Onion,Vegetables,39.1,34.3,29.0,8.4,Agra,2023-09-12,onion
Onion,Vegetables,37.0,33.0,25.0,13.3,Agra,2023-09-13,onion
Onion,Vegetables,38.9,32.3,25.2,9.1,Agra,2023-09-14,onion
Onion,Vegetables,39.5,27.5,24.6,5.2,Agra,2023-09-15,onion
Onion,Vegetables,33.8,41.6,37.5,6.1,Agra,2023-09-16,onion
Onion,Vegetables,35.4,41.3,33.7,11.0,Agra,2023-09-17,onion
Onion,Vegetables,34.7,36.1,31.1,8.6,Agra,2023-09-18,onion
Onion,Vegetables,39.3,34.5,28.8,11.8,Agra,2023-09-19,onion
Onion,Vegetables,39.1,27.5,23.9,8.8,Agra,2023-09-20,onion
Onion,Vegetables,36.7,33.4,31.7,5.6,Agra,2023-09-21,onion
Onion,Vegetables,39.1,33.6,25.6,14.2,Agra,2023-09-22,onion
Onion,Vegetables,35.6,34.1,31.5,8.2,Agra,2023-09-23,onion
Onion,Vegetables,33.6,41.4,33.0,12.5,Agra,2023-09-24,onion
Onion,Vegetables,33.5,30.5,26.3,9.3,Agra,2023-09-25,onion
Onion,Vegetables,36.7,26.2,22.6,11.0,Agra,2023-09-26,onion
Onion,Vegetables,34.7,34.5,30.7,6.7,Agra,2023-09-27,onion
Onion,Vegetables,33.2,29.5,22.1,14.1,Agra,2023-09-28,onion
Onion,Vegetables,39.5,29.1,25.7,11.2,Agra,2023-09-29,onion
Onion,Vegetables,35.7,44.7,33.3,14.1,Agra,2023-09-30,onion
Onion,Vegetables,35.9,42.9,33.3,14.9,Agra,2023-10-01,onion
Onion,Vegetables,37.9,24.3,20.4,10.4,Agra,2023-10-02,onion
Onion,Vegetables,37.5,32.2,28.8,8.5,Agra,2023-10-03,onion
Onion,Vegetables,39.4,37.7,28.8,13.8,Agra,2023-10-04,onion
Onion,Vegetables,35.4,28.6,26.2,10.4,Agra,2023-10-05,onion
Onion,Vegetables,37.9,29.3,25.6,7.5,Agra,2023-10-06,onion
Onion,Vegetables,35.3,37.9,33.5,11.2,Agra,2023-10-07,onion
Onion,Vegetables,38.5,43.2,36.3,13.0,Agra,2023-10-08,onion
Onion,Vegetables,38.4,34.8,28.5,12.0,Agra,2023-10-09,onion
Onion,Vegetables,39.8,33.2,27.2,9.5,Agra,2023-10-10,onion
Onion,Vegetables,36.4,27.3,24.5,5.2,Agra,2023-10-11,onion
Onion,Vegetables,34.3,30.5,27.0,10.0,Agra,2023-10-12,onion
Onion,Vegetables,35.8,41.6,34.2,11.8,Agra,2023-10-13,onion
Onion,Vegetables,34.5,52.3,38.9,18.3,Agra,2023-10-14,onion
Onion,Vegetables,39.9,37.0,29.8,14.3,Agra,2023-10-15,onion
Onion,Vegetables,37.9,33.6,26.4,12.9,Agra,2023-10-16,onion
Onion,Vegetables,38.5,30.2,23.5,13.5,Agra,2023-10-17,onion
Onion,Vegetables,33.7,24.5,23.2,7.3,Agra,2023-10-18,onion
Onion,Vegetables,33.7,32.7,27.2,8.7,Agra,2023-10-19,onion
Onion,Vegetables,34.4,28.2,26.8,8.0,Agra,2023-10-20,onion
Onion,Vegetables,34.1,29.5,26.7,6.9,Agra,2023-10-21,onion
Onion,Vegetables,35.0,42.2,35.8,12.5,Agra,2023-10-22,onion
Onion,Vegetables,33.5,37.7,29.1,12.2,Agra,2023-10-23,onion
Onion,Vegetables,39.6,35.2,28.4,11.2,Agra,2023-10-24,onion
Onion,Vegetables,37.4,31.9,26.3,11.4,Agra,2023-10-25,onion
Onion,Vegetables,34.7,34.8,25.8,16.0,Agra,2023-10-26,onion
Onion,Vegetables,37.3,36.8,27.6,15.7,Agra,2023-10-27,onion
Onion,Vegetables,34.7,41.5,35.4,9.7,Agra,2023-10-28,onion
Onion,Vegetables,38.3,42.6,35.1,11.9,Agra,2023-10-29,onion
Onion,Vegetables,40.2,32.1,30.3,4.5,Agra,2023-10-30,onion
Onion,Vegetables,37.4,28.5,21.8,11.3,Agra,2023-10-31,onion
Onion,Vegetables,34.0,34.3,28.4,11.1,Agra,2023-11-01,onion
Onion,Vegetables,34.8,36.1,28.4,15.5,Agra,2023-11-02,onion
Onion,Vegetables,38.8,34.6,31.5,7.6,Agra,2023-11-03,onion
Onion,Vegetables,36.7,38.2,35.6,9.8,Agra,2023-11-04,onion
Onion,Vegetables,38.1,32.4,30.6,7.5,Agra,2023-11-05,onion
Onion,Vegetables,39.8,31.9,23.7,12.7,Agra,2023-11-06,onion
Onion,Vegetables,36.9,36.3,27.1,14.7,Agra,2023-11-07,onion
Onion,Vegetables,38.0,39.6,30.7,11.3,Agra,2023-11-08,onion
Onion,Vegetables,39.8,35.9,29.6,11.5,Agra,2023-11-09,onion
Onion,Vegetables,39.1,34.9,30.5,11.0,Agra,2023-11-10,onion
Onion,Vegetables,36.2,30.7,27.8,10.4,Agra,2023-11-11,onion
Onion,Vegetables,38.5,42.0,37.1,12.8,Agra,2023-11-12,onion
Onion,Vegetables,39.7,32.9,25.1,9.9,Agra,2023-11-13,onion
Onion,Vegetables,40.1,34.7,32.1,8.3,Agra,2023-11-14,onion
Onion,Vegetables,36.9,40.3,33.2,10.2,Agra,2023-11-15,onion
Onion,Vegetables,37.0,36.7,29.8,14.3,Agra,2023-11-16,onion
Onion,Vegetables,35.9,30.0,26.0,10.2,Agra,2023-11-17,onion
Onion,Vegetables,36.1,33.0,30.4,5.8,Agra,2023-11-18,onion
Onion,Vegetables,37.5,29.1,23.6,11.0,Agra,2023-11-19,onion
Onion,Vegetables,34.6,40.8,31.2,14.9,Agra,2023-11-20,onion
Onion,Vegetables,39.6,33.3,26.6,11.2,Agra,2023-11-21,onion
Onion,Vegetables,38.7,34.2,29.8,11.2,Agra,2023-11-22,onion
Onion,Vegetables,35.1,35.5,26.8,11.8,Agra,2023-11-23,onion
Onion,Vegetables,38.3,30.3,26.4,7.1,Agra,2023-11-24,onion
Onion,Vegetables,37.1,36.5,32.4,6.5,Agra,2023-11-25,onion
Onion,Vegetables,40.0,39.8,34.7,8.8,Agra,2023-11-26,onion
Onion,Vegetables,37.4,25.5,23.0,8.4,Agra,2023-11-27,onion
Onion,Vegetables,33.8,29.7,26.1,9.7,Agra,2023-11-28,onion
Onion,Vegetables,38.6,28.5,26.1,8.9,Agra,2023-11-29,onion
Onion,Vegetables,33.7,38.6,28.8,17.6,Agra,2023-11-30,onion
Onion,Vegetables,36.6,29.4,22.8,11.9,Agra,2023-12-01,onion
Onion,Vegetables,38.5,44.0,37.2,13.8,Agra,2023-12-02,onion
Onion,Vegetables,36.3,46.7,37.0,16.9,Agra,2023-12-03,onion
Onion,Vegetables,37.8,47.9,37.9,12.6,Agra,2023-12-04,onion
Onion,Vegetables,37.7,36.2,31.1,7.9,Agra,2023-12-05,onion
Onion,Vegetables,39.7,20.4,16.8,9.3,Agra,2023-12-06,onion
Onion,Vegetables,34.5,34.5,27.9,10.7,Agra,2023-12-07,onion
Onion,Vegetables,38.3,27.7,24.3,7.6,Agra,2023-12-08,onion
Onion,Vegetables,37.3,41.0,37.8,9.4,Agra,2023-12-09,onion
Onion,Vegetables,36.3,40.5,33.1,11.5,Agra,2023-12-10,onion
Onion,Vegetables,39.6,28.8,22.9,11.9,Agra,2023-12-11,onion
Onion,Vegetables,33.5,41.1,32.9,11.6,Agra,2023-12-12,onion
Onion,Vegetables,39.3,31.5,27.1,11.9,Agra,2023-12-13,onion
Onion,Vegetables,36.8,33.4,29.4,9.9,Agra,2023-12-14,onion
Onion,Vegetables,33.2,43.4,33.4,17.8,Agra,2023-12-15,onion
Onion,Vegetables,34.6,28.8,26.0,9.3,Agra,2023-12-16,onion
Onion,Vegetables,38.9,41.3,31.7,11.7,Agra,2023-12-17,onion
Onion,Vegetables,39.2,29.5,26.8,10.1,Agra,2023-12-18,onion
Onion,Vegetables,37.3,30.4,25.5,9.6,Agra,2023-12-19,onion
Onion,Vegetables,36.0,47.5,36.7,14.2,Agra,2023-12-20,onion
Onion,Vegetables,38.9,30.9,23.8,14.2,Agra,2023-12-21,onion
Onion,Vegetables,39.9,42.1,31.7,12.9,Agra,2023-12-22,onion
Onion,Vegetables,35.7,39.3,29.3,15.3,Agra,2023-12-23,onion
Onion,Vegetables,33.8,43.3,36.2,14.4,Agra,2023-12-24,onion
Onion,Vegetables,35.3,35.0,30.2,8.1,Agra,2023-12-25,onion
Onion,Vegetables,36.0,32.2,25.6,11.2,Agra,2023-12-26,onion
Onion,Vegetables,38.6,27.9,23.4,7.3,Agra,2023-12-27,onion
Onion,Vegetables,38.5,29.8,26.9,7.4,Agra,2023-12-28,onion
Onion,Vegetables,34.9,29.6,22.7,9.6,Agra,2023-12-29,onion
Onion,Vegetables,34.7,46.0,37.1,11.7,Agra,2023-12-30,onion
Onion,Vegetables,37.5,37.8,29.0,13.5,Agra,2023-12-31,onion
Onion,Vegetables,37.9,38.5,36.1,10.2,Bengaluru,2022-01-01,onion
Onion,Vegetables,34.9,46.4,39.8,9.7,Bengaluru,2022-01-02,onion
Onion,Vegetables,39.1,36.6,30.3,8.9,Bengaluru,2022-01-03,onion
Onion,Vegetables,39.8,29.1,23.6,9.3,Bengaluru,2022-01-04,onion
Onion,Vegetables,36.6,47.1,39.3,13.2,Bengaluru,2022-01-05,onion
Onion,Vegetables,36.0,30.7,28.1,8.6,Bengaluru,2022-01-06,onion
Onion,Vegetables,38.8,30.1,28.2,8.6,Bengaluru,2022-01-07,onion
Onion,Vegetables,34.0,43.6,33.6,16.0,Bengaluru,2022-01-08,onion
Onion,Vegetables,38.3,33.5,28.6,8.0,Bengaluru,2022-01-09,onion
Onion,Vegetables,35.9,31.0,23.1,12.8,Bengaluru,2022-01-10,onion
Onion,Vegetables,40.0,35.7,32.0,8.7,Bengaluru,2022-01-11,onion
Onion,Vegetables,39.4,36.7,28.7,11.4,Bengaluru,2022-01-12,onion
Onion,Vegetables,35.5,42.8,31.9,14.6,Bengaluru,2022-01-13,onion
Onion,Vegetables,37.4,32.9,24.4,11.4,Bengaluru,2022-01-14,onion
Onion,Vegetables,37.9,35.9,31.9,6.2,Bengaluru,2022-01-15,onion
Onion,Vegetables,40.1,34.2,28.0,12.4,Bengaluru,2022-01-16,onion
Onion,Vegetables,37.6,32.9,26.6,13.0,Bengaluru,2022-01-17,onion
Onion,Vegetables,37.5,32.5,26.6,12.4,Bengaluru,2022-01-18,onion
Onion,Vegetables,34.9,32.9,26.3,10.2,Bengaluru,2022-01-19,onion
Onion,Vegetables,34.1,36.0,34.0,8.8,Bengaluru,2022-01-20,onion
Onion,Vegetables,34.5,38.9,32.8,9.4,Bengaluru,2022-01-21,onion
Onion,Vegetables,34.5,36.3,31.0,10.7,Bengaluru,2022-01-22,onion
Onion,Vegetables,35.9,51.4,39.0,16.6,Bengaluru,2022-01-23,onion
Onion,Vegetables,38.0,31.1,25.4,8.9,Bengaluru,2022-01-24,onion
Onion,Vegetables,38.0,39.3,30.0,14.2,Bengaluru,2022-01-25,onion
Onion,Vegetables,33.5,33.6,26.4,12.0,Bengaluru,2022-01-26,onion
Onion,Vegetables,33.8,31.1,24.5,11.1,Bengaluru,2022-01-27,onion
Onion,Vegetables,37.3,29.2,24.3,11.2,Bengaluru,2022-01-28,onion
Onion,Vegetables,38.3,32.8,28.0,7.8,Bengaluru,2022-01-29,onion
Onion,Vegetables,40.0,41.5,31.1,15.1,Bengaluru,2022-01-30,onion
Onion,Vegetables,33.3,36.0,31.7,10.0,Bengaluru,2022-01-31,onion
Onion,Vegetables,34.4,35.8,27.6,15.6,Bengaluru,2022-02-01,onion
Onion,Vegetables,37.5,28.8,22.8,10.9,Bengaluru,2022-02-02,onion
Onion,Vegetables,38.5,43.0,32.1,17.8,Bengaluru,2022-02-03,onion
Onion,Vegetables,36.8,29.9,28.0,8.3,Bengaluru,2022-02-04,onion
Onion,Vegetables,39.0,36.0,33.0,9.1,Bengaluru,2022-02-05,onion
Onion,Vegetables,39.8,38.2,33.7,11.1,Bengaluru,2022-02-06,onion
Onion,Vegetables,37.3,26.6,22.6,6.2,Bengaluru,2022-02-07,onion
Onion,Vegetables,39.9,36.7,31.4,12.4,Bengaluru,2022-02-08,onion
Onion,Vegetables,34.3,31.9,28.5,7.4,Bengaluru,2022-02-09,onion
Onion,Vegetables,33.8,28.5,26.3,6.8,Bengaluru,2022-02-10,onion
Onion,Vegetables,34.5,24.5,18.7,10.9,Bengaluru,2022-02-11,onion
Onion,Vegetables,40.0,31.0,26.9,7.7,Bengaluru,2022-02-12,onion
Onion,Vegetables,38.8,30.9,27.2,7.4,Bengaluru,2022-02-13,onion
Onion,Vegetables,33.5,35.2,29.5,8.2,Bengaluru,2022-02-14,onion
Onion,Vegetables,36.9,23.3,21.5,6.4,Bengaluru,2022-02-15,onion
Onion,Vegetables,33.8,33.2,26.8,12.6,Bengaluru,2022-02-16,onion
Onion,Vegetables,37.2,33.3,28.0,7.7,Bengaluru,2022-02-17,onion
Onion,Vegetables,33.2,41.1,33.0,10.9,Bengaluru,2022-02-18,onion
Onion,Vegetables,38.1,36.2,29.6,9.6,Bengaluru,2022-02-19,onion
Onion,Vegetables,38.6,37.5,30.2,11.6,Bengaluru,2022-02-20,onion
Onion,Vegetables,33.5,40.6,31.0,16.5,Bengaluru,2022-02-21,onion
Onion,Vegetables,35.4,35.5,32.2,6.2,Bengaluru,2022-02-22,onion
Onion,Vegetables,39.2,48.5,37.0,17.9,Bengaluru,2022-02-23,onion
Onion,Vegetables,33.6,31.2,26.6,11.8,Bengaluru,2022-02-24,onion
Onion,Vegetables,35.1,35.4,32.4,9.9,Bengaluru,2022-02-25,onion
Onion,Vegetables,34.5,41.9,34.4,14.2,Bengaluru,2022-02-26,onion
Onion,Vegetables,33.2,47.4,37.5,15.5,Bengaluru,2022-02-27,onion
Onion,Vegetables,36.9,33.3,29.6,8.6,Bengaluru,2022-02-28,onion
Onion,Vegetables,34.3,36.1,26.9,12.4,Bengaluru,2022-03-01,onion
Onion,Vegetables,38.9,28.5,24.2,11.4,Bengaluru,2022-03-02,onion
Onion,Vegetables,38.1,32.1,24.5,9.9,Bengaluru,2022-03-03,onion
Onion,Vegetables,40.0,30.6,27.5,10.1,Bengaluru,2022-03-04,onion
Onion,Vegetables,39.3,36.9,30.4,10.9,Bengaluru,2022-03-05,onion
Onion,Vegetables,38.8,44.3,33.5,16.6,Bengaluru,2022-03-06,onion
Onion,Vegetables,37.9,35.9,29.4,11.4,Bengaluru,2022-03-07,onion
Onion,Vegetables,37.8,43.8,32.9,15.1,Bengaluru,2022-03-08,onion
Onion,Vegetables,36.1,31.0,29.4,6.8,Bengaluru,2022-03-09,onion
Onion,Vegetables,34.1,40.3,31.8,13.8,Bengaluru,2022-03-10,onion
Onion,Vegetables,37.0,37.4,30.1,12.6,Bengaluru,2022-03-11,onion
Onion,Vegetables,38.5,35.2,32.5,5.5,Bengaluru,2022-03-12,onion
Onion,Vegetables,35.8,44.2,36.9,10.7,Bengaluru,2022-03-13,onion
Onion,Vegetables,36.4,33.8,26.6,15.1,Bengaluru,2022-03-14,onion
Onion,Vegetables,34.5,30.6,26.6,8.1,Bengaluru,2022-03-15,onion
Onion,Vegetables,34.7,35.8,27.1,14.6,Bengaluru,2022-03-16,onion
Onion,Vegetables,35.2,30.7,27.2,9.0,Bengaluru,2022-03-17,onion
Onion,Vegetables,38.1,28.2,24.8,5.9,Bengaluru,2022-03-18,onion
Onion,Vegetables,35.9,34.0,28.1,11.8,Bengaluru,2022-03-19,onion
Onion,Vegetables,36.1,43.6,33.1,18.0,Bengaluru,2022-03-20,onion
Onion,Vegetables,39.0,30.9,27.3,8.2,Bengaluru,2022-03-21,onion
Onion,Vegetables,33.1,24.6,22.7,8.9,Bengaluru,2022-03-22,onion
Onion,Vegetables,38.0,35.1,26.0,14.1,Bengaluru,2022-03-23,onion
Onion,Vegetables,35.5,30.4,26.6,11.7,Bengaluru,2022-03-24,onion
Onion,Vegetables,34.4,24.2,22.9,4.1,Bengaluru,2022-03-25,onion
Onion,Vegetables,39.5,40.9,35.7,10.9,Bengaluru,2022-03-26,onion
Onion,Vegetables,38.2,40.1,34.9,11.5,Bengaluru,2022-03-27,onion
Onion,Vegetables,37.7,29.9,26.7,8.9,Bengaluru,2022-03-28,onion
Onion,Vegetables,37.4,32.7,27.2,9.0,Bengaluru,2022-03-29,onion
Onion,Vegetables,36.3,38.4,29.3,13.9,Bengaluru,2022-03-30,onion
Onion,Vegetables,34.7,32.8,25.3,11.4,Bengaluru,2022-03-31,onion
Onion,Vegetables,37.4,33.5,28.2,9.8,Bengaluru,2022-04-01,onion
Onion,Vegetables,39.9,36.2,30.2,8.1,Bengaluru,2022-04-02,onion
Onion,Vegetables,40.0,39.4,31.8,15.0,Bengaluru,2022-04-03,onion
Onion,Vegetables,38.0,34.1,26.4,14.3,Bengaluru,2022-04-04,onion
Onion,Vegetables,34.7,35.6,31.7,6.7,Bengaluru,2022-04-05,onion
Onion,Vegetables,38.5,42.7,31.8,17.3,Bengaluru,2022-04-06,onion
Onion,Vegetables,38.5,31.4,25.6,8.0,Bengaluru,2022-04-07,onion
Onion,Vegetables,37.9,27.6,25.2,6.9,Bengaluru,2022-04-08,onion
Onion,Vegetables,35.4,39.4,34.0,7.7,Bengaluru,2022-04-09,onion
Onion,Vegetables,36.3,36.0,29.3,9.5,Bengaluru,2022-04-10,onion
Onion,Vegetables,37.3,31.1,24.1,11.8,Bengaluru,2022-04-11,onion
Onion,Vegetables,35.8,32.5,25.1,14.9,Bengaluru,2022-04-12,onion
Onion,Vegetables,35.4,35.9,28.4,13.0,Bengaluru,2022-04-13,onion
Onion,Vegetables,38.1,31.5,25.3,13.9,Bengaluru,2022-04-14,onion
Onion,Vegetables,39.4,31.6,26.6,9.7,Bengaluru,2022-04-15,onion
Onion,Vegetables,39.8,31.7,27.6,9.8,Bengaluru,2022-04-16,onion
Onion,Vegetables,39.6,33.4,29.1,8.2,Bengaluru,2022-04-17,onion
Onion,Vegetables,34.7,38.0,30.6,15.3,Bengaluru,2022-04-18,onion
Onion,Vegetables,34.3,34.5,25.9,14.4,Bengaluru,2022-04-19,onion
Onion,Vegetables,34.7,32.4,25.1,14.8,Bengaluru,2022-04-20,onion
Onion,Vegetables,36.0,29.2,26.2,6.2,Bengaluru,2022-04-21,onion
Onion,Vegetables,34.3,33.3,25.4,10.4,Bengaluru,2022-04-22,onion
Onion,Vegetables,36.1,39.5,29.3,12.5,Bengaluru,2022-04-23,onion
Onion,Vegetables,34.1,46.8,36.4,18.3,Bengaluru,2022-04-24,onion
Onion,Vegetables,40.0,31.7,26.7,7.0,Bengaluru,2022-04-25,onion
Onion,Vegetables,37.6,39.4,31.5,14.6,Bengaluru,2022-04-26,onion
Onion,Vegetables,35.5,32.0,27.6,10.9,Bengaluru,2022-04-27,onion
Onion,Vegetables,34.8,27.1,24.8,6.9,Bengaluru,2022-04-28,onion
Onion,Vegetables,37.6,30.1,25.5,12.4,Bengaluru,2022-04-29,onion
Onion,Vegetables,40.1,38.3,30.3,14.7,Bengaluru,2022-04-30,onion
Onion,Vegetables,34.6,49.7,39.0,13.7,Bengaluru,2022-05-01,onion
Onion,Vegetables,36.4,24.6,22.4,8.0,Bengaluru,2022-05-02,onion
Onion,Vegetables,38.7,31.7,28.9,9.8,Bengaluru,2022-05-03,onion
Onion,Vegetables,35.5,39.9,30.7,12.7,Bengaluru,2022-05-04,onion
Onion,Vegetables,36.5,34.6,26.2,13.5,Bengaluru,2022-05-05,onion
Onion,Vegetables,34.5,31.5,28.7,8.9,Bengaluru,2022-05-06,onion
Onion,Vegetables,33.7,45.0,40.2,7.6,Bengaluru,2022-05-07,onion
Onion,Vegetables,36.7,27.3,23.7,6.4,Bengaluru,2022-05-08,onion
Onion,Vegetables,34.6,32.9,24.7,14.9,Bengaluru,2022-05-09,onion
Onion,Vegetables,35.5,31.5,27.9,10.8,Bengaluru,2022-05-10,onion
Onion,Vegetables,36.2,31.6,29.3,9.2,Bengaluru,2022-05-11,onion
Onion,Vegetables,37.0,37.2,29.7,10.8,Bengaluru,2022-05-12,onion
Onion,Vegetables,33.1,29.9,25.3,7.1,Bengaluru,2022-05-13,onion
Onion,Vegetables,39.6,32.2,29.7,9.1,Bengaluru,2022-05-14,onion
Onion,Vegetables,39.9,38.2,30.1,14.4,Bengaluru,2022-05-15,onion
Onion,Vegetables,33.4,27.4,25.6,4.5,Bengaluru,2022-05-16,onion
Onion,Vegetables,37.2,32.3,28.0,10.3,Bengaluru,2022-05-17,onion
Onion,Vegetables,38.8,32.4,25.2,9.4,Bengaluru,2022-05-18,onion
Onion,Vegetables,39.9,36.8,29.8,11.9,Bengaluru,2022-05-19,onion
Onion,Vegetables,38.4,31.1,27.9,5.8,Bengaluru,2022-05-20,onion
Onion,Vegetables,33.8,37.3,34.0,8.9,Bengaluru,2022-05-21,onion
Onion,Vegetables,35.7,39.8,34.5,11.7,Bengaluru,2022-05-22,onion
Onion,Vegetables,33.8,30.0,26.3,9.4,Bengaluru,2022-05-23,onion
Onion,Vegetables,34.2,30.0,23.7,13.8,Bengaluru,2022-05-24,onion
Onion,Vegetables,39.1,37.2,31.0,9.8,Bengaluru,2022-05-25,onion
Onion,Vegetables,38.5,28.6,25.5,5.8,Bengaluru,2022-05-26,onion
Onion,Vegetables,38.2,31.7,24.1,10.4,Bengaluru,2022-05-27,onion
Onion,Vegetables,38.6,32.5,27.9,12.0,Bengaluru,2022-05-28,onion
Onion,Vegetables,36.3,35.3,27.1,10.3,Bengaluru,2022-05-29,onion
Onion,Vegetables,38.2,23.3,21.0,9.6,Bengaluru,2022-05-30,onion
Onion,Vegetables,35.8,40.9,32.3,14.4,Bengaluru,2022-05-31,onion
Onion,Vegetables,35.5,30.7,24.9,8.1,Bengaluru,2022-06-01,onion
Onion,Vegetables,40.0,27.3,20.9,10.3,Bengaluru,2022-06-02,onion
Onion,Vegetables,40.3,31.8,25.3,12.4,Bengaluru,2022-06-03,onion
Onion,Vegetables,34.2,37.7,29.3,11.2,Bengaluru,2022-06-04,onion
Onion,Vegetables,35.7,41.2,34.5,13.5,Bengaluru,2022-06-05,onion
Onion,Vegetables,37.7,27.7,24.7,7.3,Bengaluru,2022-06-06,onion
Onion,Vegetables,33.3,41.2,31.7,13.7,Bengaluru,2022-06-07,onion
Onion,Vegetables,33.6,28.4,24.2,7.7,Bengaluru,2022-06-08,onion
Onion,Vegetables,38.2,36.8,31.8,7.2,Bengaluru,2022-06-09,onion
Onion,Vegetables,33.5,26.0,23.6,7.7,Bengaluru,2022-06-10,onion
Onion,Vegetables,35.1,39.3,36.7,5.8,Bengaluru,2022-06-11,onion
Onion,Vegetables,38.7,37.8,34.5,9.4,Bengaluru,2022-06-12,onion
Onion,Vegetables,38.2,29.3,27.5,5.5,Bengaluru,2022-06-13,onion
Onion,Vegetables,40.0,45.1,33.6,17.8,Bengaluru,2022-06-14,onion
Onion,Vegetables,37.7,38.9,29.4,15.5,Bengaluru,2022-06-15,onion
Onion,Vegetables,39.8,40.7,32.8,13.2,Bengaluru,2022-06-16,onion
Onion,Vegetables,35.5,37.0,28.0,12.6,Bengaluru,2022-06-17,onion
Onion,Vegetables,34.3,39.8,35.3,11.7,Bengaluru,2022-06-18,onion
Onion,Vegetables,35.2,43.3,40.5,4.9,Bengaluru,2022-06-19,onion
Onion,Vegetables,39.8,27.6,22.6,9.9,Bengaluru,2022-06-20,onion
Onion,Vegetables,40.3,33.3,25.3,11.6,Bengaluru,2022-06-21,onion
Onion,Vegetables,38.1,25.8,22.2,9.4,Bengaluru,2022-06-22,onion
Onion,Vegetables,37.0,29.9,23.4,9.4,Bengaluru,2022-06-23,onion
Onion,Vegetables,36.2,37.5,32.2,12.6,Bengaluru,2022-06-24,onion
Onion,Vegetables,38.4,42.3,34.3,11.2,Bengaluru,2022-06-25,onion
Onion,Vegetables,37.9,42.1,34.4,14.0,Bengaluru,2022-06-26,onion
Onion,Vegetables,40.2,30.8,29.2,7.6,Bengaluru,2022-06-27,onion
Onion,Vegetables,38.8,29.6,22.8,14.3,Bengaluru,2022-06-28,onion
Onion,Vegetables,38.0,36.2,30.1,10.3,Bengaluru,2022-06-29,onion
Onion,Vegetables,35.5,33.6,30.6,5.8,Bengaluru,2022-06-30,onion
Onion,Vegetables,33.6,42.7,34.0,12.6,Bengaluru,2022-07-01,onion
Onion,Vegetables,33.3,42.8,38.1,10.5,Bengaluru,2022-07-02,onion
Onion,Vegetables,36.3,37.7,31.0,12.3,Bengaluru,2022-07-03,onion
Onion,Vegetables,36.4,33.0,28.2,8.0,Bengaluru,2022-07-04,onion
Onion,Vegetables,39.6,31.5,24.8,10.4,Bengaluru,2022-07-05,onion
Onion,Vegetables,37.0,34.2,28.2,13.9,Bengaluru,2022-07-06,onion
Onion,Vegetables,35.5,33.2,29.3,7.9,Bengaluru,2022-07-07,onion
Onion,Vegetables,38.5,31.0,24.9,9.4,Bengaluru,2022-07-08,onion
Onion,Vegetables,33.1,36.6,33.0,10.5,Bengaluru,2022-07-09,onion
Onion,Vegetables,39.9,31.8,26.9,8.1,Bengaluru,2022-07-10,onion
Onion,Vegetables,39.5,38.1,30.5,10.1,Bengaluru,2022-07-11,onion
Onion,Vegetables,35.8,43.5,32.8,13.5,Bengaluru,2022-07-12,onion
Onion,Vegetables,39.1,29.6,27.7,5.3,Bengaluru,2022-07-13,onion
Onion,Vegetables,33.3,33.9,28.3,13.6,Bengaluru,2022-07-14,onion
Onion,Vegetables,35.7,24.8,22.0,10.6,Bengaluru,2022-07-15,onion
Onion,Vegetables,37.4,30.8,28.6,7.5,Bengaluru,2022-07-16,onion
Onion,Vegetables,38.3,33.7,28.3,12.7,Bengaluru,2022-07-17,onion
Onion,Vegetables,36.6,26.6,23.7,6.8,Bengaluru,2022-07-18,onion
Onion,Vegetables,40.3,28.1,24.3,8.9,Bengaluru,2022-07-19,onion
Onion,Vegetables,35.1,35.9,29.6,8.7,Bengaluru,2022-07-20,onion
Onion,Vegetables,39.5,28.7,23.9,8.8,Bengaluru,2022-07-21,onion
Onion,Vegetables,38.7,32.8,27.0,12.5,Bengaluru,2022-07-22,onion
Onion,Vegetables,35.8,38.0,29.1,15.1,Bengaluru,2022-07-23,onion
Onion,Vegetables,38.7,48.5,37.0,16.7,Bengaluru,2022-07-24,onion
Onion,Vegetables,38.0,25.3,23.0,9.2,Bengaluru,2022-07-25,onion
Onion,Vegetables,38.6,37.2,28.3,11.9,Bengaluru,2022-07-26,onion
Onion,Vegetables,39.0,38.9,29.1,16.7,Bengaluru,2022-07-27,onion
Onion,Vegetables,37.5,29.0,25.2,10.3,Bengaluru,2022-07-28,onion
Onion,Vegetables,38.5,31.3,28.4,7.7,Bengaluru,2022-07-29,onion
Onion,Vegetables,38.9,40.2,32.4,12.6,Bengaluru,2022-07-30,onion
Onion,Vegetables,37.0,36.8,34.1,6.8,Bengaluru,2022-07-31,onion
Onion,Vegetables,36.8,33.4,24.9,10.5,Bengaluru,2022-08-01,onion
Onion,Vegetables,35.3,28.9,23.6,9.0,Bengaluru,2022-08-02,onion
Onion,Vegetables,38.0,39.9,30.6,15.3,Bengaluru,2022-08-03,onion
Onion,Vegetables,33.5,30.9,24.0,10.2,Bengaluru,2022-08-04,onion
Onion,Vegetables,37.7,37.5,31.2,10.6,Bengaluru,2022-08-05,onion
Onion,Vegetables,36.8,42.4,34.9,14.4,Bengaluru,2022-08-06,onion
Onion,Vegetables,34.6,40.7,32.0,12.7,Bengaluru,2022-08-07,onion
Onion,Vegetables,38.2,39.6,30.7,14.2,Bengaluru,2022-08-08,onion
Onion,Vegetables,37.6,39.2,30.9,15.4,Bengaluru,2022-08-09,onion
Onion,Vegetables,34.7,36.0,32.3,11.5,Bengaluru,2022-08-10,onion
Onion,Vegetables,39.2,38.1,28.5,11.7,Bengaluru,2022-08-11,onion
Onion,Vegetables,33.3,37.4,31.0,13.5,Bengaluru,2022-08-12,onion
Onion,Vegetables,40.3,34.5,31.1,10.7,Bengaluru,2022-08-13,onion
Onion,Vegetables,36.5,42.6,32.6,14.7,Bengaluru,2022-08-14,onion
Onion,Vegetables,33.5,29.9,25.0,12.6,Bengaluru,2022-08-15,onion
Onion,Vegetables,36.4,44.6,34.6,12.4,Bengaluru,2022-08-16,onion
Onion,Vegetables,36.6,28.2,24.7,9.9,Bengaluru,2022-08-17,onion
Onion,Vegetables,34.4,31.8,29.2,6.4,Bengaluru,2022-08-18,onion
Onion,Vegetables,39.3,33.8,29.5,6.9,Bengaluru,2022-08-19,onion
Onion,Vegetables,33.4,45.4,37.0,14.6,Bengaluru,2022-08-20,onion
Onion,Vegetables,35.8,30.1,26.0,10.5,Bengaluru,2022-08-21,onion
Onion,Vegetables,38.3,29.7,28.1,9.3,Bengaluru,2022-08-22,onion
Onion,Vegetables,35.1,34.1,28.4,10.4,Bengaluru,2022-08-23,onion
Onion,Vegetables,39.8,33.2,29.8,9.1,Bengaluru,2022-08-24,onion
Onion,Vegetables,35.4,31.8,25.5,9.2,Bengaluru,2022-08-25,onion
Onion,Vegetables,36.0,36.8,34.0,10.6,Bengaluru,2022-08-26,onion
Onion,Vegetables,34.7,35.9,33.5,4.5,Bengaluru,2022-08-27,onion
Onion,Vegetables,37.4,40.2,32.6,12.7,Bengaluru,2022-08-28,onion
Onion,Vegetables,33.6,31.3,24.8,11.0,Bengaluru,2022-08-29,onion
Onion,Vegetables,37.2,26.1,23.0,9.5,Bengaluru,2022-08-30,onion
Onion,Vegetables,33.5,39.1,30.4,15.4,Bengaluru,2022-08-31,onion
Onion,Vegetables,35.1,34.5,25.8,10.8,Bengaluru,2022-09-01,onion
Onion,Vegetables,35.9,29.0,27.2,7.7,Bengaluru,2022-09-02,onion
Onion,Vegetables,33.6,37.7,30.5,10.6,Bengaluru,2022-09-03,onion
Onion,Vegetables,34.4,47.5,38.8,14.8,Bengaluru,2022-09-04,onion
Onion,Vegetables,39.7,25.0,22.5,7.0,Bengaluru,2022-09-05,onion
Onion,Vegetables,35.0,27.8,22.8,11.9,Bengaluru,2022-09-06,onion
Onion,Vegetables,37.1,38.8,29.8,14.7,Bengaluru,2022-09-07,onion
Onion,Vegetables,39.4,34.9,27.1,12.6,Bengaluru,2022-09-08,onion
Onion,Vegetables,38.2,31.7,29.9,9.6,Bengaluru,2022-09-09,onion
Onion,Vegetables,39.6,34.7,30.6,8.5,Bengaluru,2022-09-10,onion
Onion,Vegetables,39.5,44.5,34.0,14.2,Bengaluru,2022-09-11,onion
Onion,Vegetables,37.0,38.8,34.8,6.5,Bengaluru,2022-09-12,onion
Onion,Vegetables,33.3,32.3,27.7,12.3,Bengaluru,2022-09-13,onion
Onion,Vegetables,38.1,28.5,24.6,7.0,Bengaluru,2022-09-14,onion
Onion,Vegetables,38.6,25.0,18.9,13.0,Bengaluru,2022-09-15,onion
Onion,Vegetables,33.5,36.1,31.4,7.6,Bengaluru,2022-09-16,onion
Onion,Vegetables,37.0,31.6,26.2,11.7,Bengaluru,2022-09-17,onion
Onion,Vegetables,40.3,35.4,26.5,14.3,Bengaluru,2022-09-18,onion
Onion,Vegetables,37.8,36.0,31.1,9.6,Bengaluru,2022-09-19,onion
Onion,Vegetables,36.1,28.9,27.1,6.9,Bengaluru,2022-09-20,onion
Onion,Vegetables,35.1,28.2,26.3,8.5,Bengaluru,2022-09-21,onion
Onion,Vegetables,33.8,38.3,31.8,13.4,Bengaluru,2022-09-22,onion
Onion,Vegetables,36.1,32.9,25.4,12.7,Bengaluru,2022-09-23,onion
Onion,Vegetables,33.8,54.6,44.3,17.9,Bengaluru,2022-09-24,onion
Onion,Vegetables,34.4,34.6,28.1,13.0,Bengaluru,2022-09-25,onion
Onion,Vegetables,39.5,28.8,22.2,14.0,Bengaluru,2022-09-26,onion
Onion,Vegetables,33.9,32.6,29.1,10.7,Bengaluru,2022-09-27,onion
Onion,Vegetables,36.6,34.8,29.3,13.3,Bengaluru,2022-09-28,onion
Onion,Vegetables,34.7,28.9,24.9,7.0,Bengaluru,2022-09-29,onion
Onion,Vegetables,33.5,35.7,31.6,10.3,Bengaluru,2022-09-30,onion
Onion,Vegetables,36.9,36.8,30.5,13.0,Bengaluru,2022-10-01,onion
Onion,Vegetables,37.6,37.2,30.7,13.6,Bengaluru,2022-10-02,onion
Onion,Vegetables,34.2,28.9,26.7,7.3,Bengaluru,2022-10-03,onion
Onion,Vegetables,34.5,30.5,24.3,12.0,Bengaluru,2022-10-04,onion
Onion,Vegetables,38.9,32.3,26.5,8.9,Bengaluru,2022-10-05,onion
Onion,Vegetables,33.5,30.4,27.2,6.7,Bengaluru,2022-10-06,onion
Onion,Vegetables,34.2,39.0,34.4,11.4,Bengaluru,2022-10-07,onion
Onion,Vegetables,37.6,39.2,32.5,9.8,Bengaluru,2022-10-08,onion
Onion,Vegetables,37.3,41.7,33.8,11.1,Bengaluru,2022-10-09,onion
Onion,Vegetables,33.8,29.9,24.9,10.2,Bengaluru,2022-10-10,onion
Onion,Vegetables,37.5,32.1,26.1,12.0,Bengaluru,2022-10-11,onion
Onion,Vegetables,34.8,34.3,29.0,11.2,Bengaluru,2022-10-12,onion
Onion,Vegetables,36.7,40.6,33.6,9.1,Bengaluru,2022-10-13,onion
Onion,Vegetables,38.9,34.1,29.2,10.2,Bengaluru,2022-10-14,onion
Onion,Vegetables,33.5,27.0,23.2,9.8,Bengaluru,2022-10-15,onion
Onion,Vegetables,39.9,39.9,33.9,8.7,Bengaluru,2022-10-16,onion
Onion,Vegetables,34.9,36.9,32.6,8.9,Bengaluru,2022-10-17,onion
Onion,Vegetables,37.5,28.1,24.8,5.6,Bengaluru,2022-10-18,onion
Onion,Vegetables,40.2,45.0,33.8,14.3,Bengaluru,2022-10-19,onion
Onion,Vegetables,37.5,30.8,24.5,13.0,Bengaluru,2022-10-20,onion
Onion,Vegetables,36.0,27.7,25.9,6.2,Bengaluru,2022-10-21,onion
Onion,Vegetables,37.0,42.8,33.9,12.1,Bengaluru,2022-10-22,onion
Onion,Vegetables,38.3,42.3,35.2,14.0,Bengaluru,2022-10-23,onion
Onion,Vegetables,34.7,26.6,23.4,10.2,Bengaluru,2022-10-24,onion
Onion,Vegetables,38.1,35.0,27.6,9.8,Bengaluru,2022-10-25,onion
Onion,Vegetables,38.4,20.2,17.2,10.1,Bengaluru,2022-10-26,onion
Onion,Vegetables,34.4,34.0,26.3,15.3,Bengaluru,2022-10-27,onion
Onion,Vegetables,34.3,27.9,23.7,7.2,Bengaluru,2022-10-28,onion
Onion,Vegetables,34.0,46.4,36.8,15.1,Bengaluru,2022-10-29,onion
Onion,Vegetables,37.2,39.6,29.4,16.0,Bengaluru,2022-10-30,onion
Onion,Vegetables,39.0,28.6,24.6,11.1,Bengaluru,2022-10-31,onion
Onion,Vegetables,38.3,42.0,31.6,13.7,Bengaluru,2022-11-01,onion
Onion,Vegetables,37.1,33.1,24.7,15.3,Bengaluru,2022-11-02,onion
Onion,Vegetables,37.6,33.6,27.0,11.1,Bengaluru,2022-11-03,onion
Onion,Vegetables,40.3,31.3,24.5,9.9,Bengaluru,2022-11-04,onion
Onion,Vegetables,36.7,45.2,38.2,10.4,Bengaluru,2022-11-05,onion
Onion,Vegetables,38.3,27.7,25.6,7.3,Bengaluru,2022-11-06,onion
Onion,Vegetables,35.4,35.4,32.5,6.8,Bengaluru,2022-11-07,onion
Onion,Vegetables,38.1,25.5,24.1,5.3,Bengaluru,2022-11-08,onion
Onion,Vegetables,33.2,35.6,30.0,8.5,Bengaluru,2022-11-09,onion
Onion,Vegetables,33.7,26.7,25.0,4.2,Bengaluru,2022-11-10,onion
Onion,Vegetables,33.8,39.1,29.9,12.8,Bengaluru,2022-11-11,onion
Onion,Vegetables,34.6,36.4,34.2,5.1,Bengaluru,2022-11-12,onion
Onion,Vegetables,37.2,24.2,22.1,6.6,Bengaluru,2022-11-13,onion
Onion,Vegetables,37.4,36.0,29.3,12.0,Bengaluru,2022-11-14,onion
Onion,Vegetables,39.1,19.2,16.8,5.5,Bengaluru,2022-11-15,onion
Onion,Vegetables,33.1,37.8,33.0,10.6,Bengaluru,2022-11-16,onion
Onion,Vegetables,37.1,36.7,32.8,10.0,Bengaluru,2022-11-17,onion
Onion,Vegetables,37.5,32.4,28.1,7.6,Bengaluru,2022-11-18,onion
Onion,Vegetables,37.2,40.9,32.4,15.3,Bengaluru,2022-11-19,onion
Onion,Vegetables,34.2,38.5,36.2,5.1,Bengaluru,2022-11-20,onion
Onion,Vegetables,35.6,30.8,28.5,5.2,Bengaluru,2022-11-21,onion
Onion,Vegetables,38.1,37.0,30.0,10.0,Bengaluru,2022-11-22,onion
Onion,Vegetables,39.6,32.8,27.1,12.9,Bengaluru,2022-11-23,onion
Onion,Vegetables,33.3,27.3,25.0,5.3,Bengaluru,2022-11-24,onion
Onion,Vegetables,33.6,29.8,24.4,12.1,Bengaluru,2022-11-25,onion
Onion,Vegetables,36.1,45.5,35.5,16.7,Bengaluru,2022-11-26,onion
Onion,Vegetables,35.0,41.7,32.0,15.0,Bengaluru,2022-11-27,onion
Onion,Vegetables,34.5,41.2,32.6,13.9,Bengaluru,2022-11-28,onion
Onion,Vegetables,35.7,38.1,30.0,13.9,Bengaluru,2022-11-29,onion
Onion,Vegetables,35.5,29.2,24.7,10.8,Bengaluru,2022-11-30,onion
Onion,Vegetables,37.9,26.3,25.0,4.9,Bengaluru,2022-12-01,onion
Onion,Vegetables,35.6,41.1,30.7,13.7,Bengaluru,2022-12-02,onion
Onion,Vegetables,39.1,32.4,27.7,9.8,Bengaluru,2022-12-03,onion
Onion,Vegetables,35.6,38.9,34.8,7.6,Bengaluru,2022-12-04,onion
Onion,Vegetables,37.3,35.3,26.5,15.2,Bengaluru,2022-12-05,onion
Onion,Vegetables,39.5,39.7,33.3,8.5,Bengaluru,2022-12-06,onion
Onion,Vegetables,37.4,34.3,28.1,14.0,Bengaluru,2022-12-07,onion
Onion,Vegetables,35.8,41.9,32.5,14.4,Bengaluru,2022-12-08,onion
Onion,Vegetables,36.5,38.0,29.3,13.3,Bengaluru,2022-12-09,onion
Onion,Vegetables,38.6,36.4,29.7,10.2,Bengaluru,2022-12-10,onion
Onion,Vegetables,39.8,39.0,34.4,12.1,Bengaluru,2022-12-11,onion
Onion,Vegetables,35.7,30.8,29.3,4.0,Bengaluru,2022-12-12,onion
Onion,Vegetables,33.8,28.5,26.7,9.2,Bengaluru,2022-12-13,onion
Onion,Vegetables,39.1,32.5,25.4,12.0,Bengaluru,2022-12-14,onion
Onion,Vegetables,36.2,27.9,22.6,7.7,Bengaluru,2022-12-15,onion
Onion,Vegetables,37.9,31.1,25.8,12.2,Bengaluru,2022-12-16,onion
Onion,Vegetables,40.1,39.1,33.1,9.3,Bengaluru,2022-12-17,onion
Onion,Vegetables,37.9,38.6,34.8,5.9,Bengaluru,2022-12-18,onion
Onion,Vegetables,37.2,38.3,30.8,13.4,Bengaluru,2022-12-19,onion
Onion,Vegetables,38.8,30.3,26.3,11.7,Bengaluru,2022-12-20,onion
Onion,Vegetables,34.7,36.7,28.8,15.6,Bengaluru,2022-12-21,onion
Onion,Vegetables,34.9,32.9,27.0,12.5,Bengaluru,2022-12-22,onion
Onion,Vegetables,34.2,34.3,27.6,9.0,Bengaluru,2022-12-23,onion
Onion,Vegetables,34.7,45.2,37.9,11.0,Bengaluru,2022-12-24,onion
Onion,Vegetables,40.0,39.5,33.2,11.1,Bengaluru,2022-12-25,onion
Onion,Vegetables,38.9,32.9,28.2,9.6,Bengaluru,2022-12-26,onion
Onion,Vegetables,36.9,41.5,33.1,13.1,Bengaluru,2022-12-27,onion
Onion,Vegetables,35.2,42.7,32.2,17.5,Bengaluru,2022-12-28,onion
Onion,Vegetables,33.1,28.3,22.8,10.5,Bengaluru,2022-12-29,onion
Onion,Vegetables,33.3,37.0,29.2,11.5,Bengaluru,2022-12-30,onion
Onion,Vegetables,35.0,39.3,31.4,12.0,Bengaluru,2022-12-31,onion
Onion,Vegetables,37.2,48.4,43.0,7.8,Bengaluru,2023-01-01,onion
Onion,Vegetables,37.2,35.6,30.0,9.1,Bengaluru,2023-01-02,onion
Onion,Vegetables,37.5,27.0,24.9,8.7,Bengaluru,2023-01-03,onion
Onion,Vegetables,36.4,31.2,26.8,7.5,Bengaluru,2023-01-04,onion
Onion,Vegetables,33.6,39.7,29.7,16.4,Bengaluru,2023-01-05,onion
Onion,Vegetables,35.5,27.2,25.6,4.2,Bengaluru,2023-01-06,onion
Onion,Vegetables,33.9,39.0,31.2,13.4,Bengaluru,2023-01-07,onion
Onion,Vegetables,37.2,33.5,29.1,7.2,Bengaluru,2023-01-08,onion
Onion,Vegetables,37.4,40.4,30.4,17.2,Bengaluru,2023-01-09,onion
Onion,Vegetables,37.1,37.6,31.3,8.6,Bengaluru,2023-01-10,onion
Onion,Vegetables,39.8,29.4,27.1,8.5,Bengaluru,2023-01-11,onion
Onion,Vegetables,34.8,33.2,27.7,12.4,Bengaluru,2023-01-12,onion
Onion,Vegetables,38.6,27.1,23.6,7.8,Bengaluru,2023-01-13,onion
Onion,Vegetables,37.3,44.0,36.9,14.5,Bengaluru,2023-01-14,onion
Onion,Vegetables,34.6,44.8,34.2,14.4,Bengaluru,2023-01-15,onion
Onion,Vegetables,38.8,34.1,30.5,9.8,Bengaluru,2023-01-16,onion
Onion,Vegetables,39.2,35.4,27.6,13.2,Bengaluru,2023-01-17,onion
Onion,Vegetables,38.0,28.8,25.5,10.3,Bengaluru,2023-01-18,onion
Onion,Vegetables,34.3,30.1,26.4,11.2,Bengaluru,2023-01-19,onion
Onion,Vegetables,38.6,33.0,26.2,12.2,Bengaluru,2023-01-20,onion
Onion,Vegetables,33.6,50.0,40.9,13.8,Bengaluru,2023-01-21,onion
Onion,Vegetables,33.9,47.6,36.9,18.2,Bengaluru,2023-01-22,onion
Onion,Vegetables,38.3,32.6,26.3,9.1,Bengaluru,2023-01-23,onion
Onion,Vegetables,33.9,31.9,25.9,13.3,Bengaluru,2023-01-24,onion
Onion,Vegetables,39.5,29.4,23.4,11.4,Bengaluru,2023-01-25,onion
Onion,Vegetables,34.9,35.1,29.0,8.7,Bengaluru,2023-01-26,onion
Onion,Vegetables,39.1,33.0,28.6,11.8,Bengaluru,2023-01-27,onion
Onion,Vegetables,34.3,35.7,33.3,4.8,Bengaluru,2023-01-28,onion
Onion,Vegetables,38.3,33.7,29.9,9.6,Bengaluru,2023-01-29,onion
Onion,Vegetables,37.2,28.5,26.6,6.4,Bengaluru,2023-01-30,onion
Onion,Vegetables,34.4,27.0,25.0,5.9,Bengaluru,2023-01-31,onion
Onion,Vegetables,33.1,33.2,26.8,13.4,Bengaluru,2023-02-01,onion
Onion,Vegetables,39.7,34.7,28.5,12.9,Bengaluru,2023-02-02,onion
Onion,Vegetables,36.4,47.4,37.9,15.5,Bengaluru,2023-02-03,onion
Onion,Vegetables,38.8,36.6,29.6,14.3,Bengaluru,2023-02-04,onion
Onion,Vegetables,38.2,41.5,32.6,16.1,Bengaluru,2023-02-05,onion
Onion,Vegetables,37.8,30.8,27.9,5.4,Bengaluru,2023-02-06,onion
Onion,Vegetables,35.4,34.4,31.5,7.4,Bengaluru,2023-02-07,onion
Onion,Vegetables,34.0,26.7,25.4,7.0,Bengaluru,2023-02-08,onion
Onion,Vegetables,36.6,31.0,25.3,12.4,Bengaluru,2023-02-09,onion
Onion,Vegetables,33.6,33.2,28.3,8.8,Bengaluru,2023-02-10,onion
Onion,Vegetables,39.5,49.2,40.1,15.2,Bengaluru,2023-02-11,onion
Onion,Vegetables,36.2,42.0,31.8,13.8,Bengaluru,2023-02-12,onion
Onion,Vegetables,33.8,38.0,32.3,10.0,Bengaluru,2023-02-13,onion
Onion,Vegetables,40.0,33.2,28.5,7.2,Bengaluru,2023-02-14,onion
Onion,Vegetables,35.3,31.7,24.9,11.9,Bengaluru,2023-02-15,onion
Onion,Vegetables,37.7,34.3,30.5,6.8,Bengaluru,2023-02-16,onion
Onion,Vegetables,33.6,34.9,30.7,11.2,Bengaluru,2023-02-17,onion
Onion,Vegetables,39.1,38.4,35.2,9.5,Bengaluru,2023-02-18,onion
Onion,Vegetables,35.2,28.8,23.4,9.5,Bengaluru,2023-02-19,onion
Onion,Vegetables,33.6,31.0,24.8,14.0,Bengaluru,2023-02-20,onion
Onion,Vegetables,37.9,28.8,23.3,11.2,Bengaluru,2023-02-21,onion
Onion,Vegetables,37.6,36.9,28.0,15.2,Bengaluru,2023-02-22,onion
Onion,Vegetables,38.8,26.1,23.5,9.3,Bengaluru,2023-02-23,onion
Onion,Vegetables,38.1,28.1,24.4,6.5,Bengaluru,2023-02-24,onion
Onion,Vegetables,39.2,29.8,27.3,10.0,Bengaluru,2023-02-25,onion
Onion,Vegetables,34.1,36.9,31.9,10.8,Bengaluru,2023-02-26,onion
Onion,Vegetables,36.1,44.1,32.7,16.2,Bengaluru,2023-02-27,onion
Onion,Vegetables,35.8,32.5,27.7,9.0,Bengaluru,2023-02-28,onion
Onion,Vegetables,36.5,35.1,26.3,12.5,Bengaluru,2023-03-01,onion
Onion,Vegetables,37.8,24.9,20.8,10.5,Bengaluru,2023-03-02,onion
Onion,Vegetables,36.5,37.4,28.8,16.5,Bengaluru,2023-03-03,onion
Onion,Vegetables,36.1,47.4,41.0,12.9,Bengaluru,2023-03-04,onion
Onion,Vegetables,36.4,41.4,32.0,15.6,Bengaluru,2023-03-05,onion
Onion,Vegetables,39.3,27.1,24.8,5.8,Bengaluru,2023-03-06,onion
Onion,Vegetables,34.7,42.3,34.2,14.2,Bengaluru,2023-03-07,onion
Onion,Vegetables,36.6,34.4,32.0,8.6,Bengaluru,2023-03-08,onion
Onion,Vegetables,35.1,34.5,26.4,13.3,Bengaluru,2023-03-09,onion
Onion,Vegetables,36.5,24.5,22.1,10.2,Bengaluru,2023-03-10,onion
Onion,Vegetables,39.7,36.2,29.7,10.8,Bengaluru,2023-03-11,onion
Onion,Vegetables,36.0,39.7,37.0,5.5,Bengaluru,2023-03-12,onion
Onion,Vegetables,40.0,31.6,29.6,7.2,Bengaluru,2023-03-13,onion
Onion,Vegetables,33.5,36.2,33.9,4.6,Bengaluru,2023-03-14,onion
Onion,Vegetables,35.0,32.9,26.5,9.1,Bengaluru,2023-03-15,onion
Onion,Vegetables,39.8,36.9,30.7,8.3,Bengaluru,2023-03-16,onion
Onion,Vegetables,37.0,32.0,26.0,9.4,Bengaluru,2023-03-17,onion
Onion,Vegetables,34.7,38.1,31.4,10.1,Bengaluru,2023-03-18,onion
Onion,Vegetables,33.9,41.6,31.5,14.8,Bengaluru,2023-03-19,onion
Onion,Vegetables,33.2,31.8,28.5,11.0,Bengaluru,2023-03-20,onion
Onion,Vegetables,36.7,27.1,23.1,7.3,Bengaluru,2023-03-21,onion
Onion,Vegetables,38.5,28.6,23.8,11.3,Bengaluru,2023-03-22,onion
Onion,Vegetables,35.0,27.6,25.5,6.7,Bengaluru,2023-03-23,onion
Onion,Vegetables,38.1,32.1,27.5,11.5,Bengaluru,2023-03-24,onion
Onion,Vegetables,35.5,48.4,35.9,17.4,Bengaluru,2023-03-25,onion
Onion,Vegetables,34.6,40.6,31.1,13.9,Bengaluru,2023-03-26,onion
Onion,Vegetables,35.1,36.1,32.2,8.4,Bengaluru,2023-03-27,onion
Onion,Vegetables,36.3,36.1,27.8,14.4,Bengaluru,2023-03-28,onion
Onion,Vegetables,38.7,32.5,29.8,9.7,Bengaluru,2023-03-29,onion
Onion,Vegetables,37.5,41.6,33.0,15.3,Bengaluru,2023-03-30,onion
Onion,Vegetables,35.4,38.4,33.3,8.7,Bengaluru,2023-03-31,onion
Onion,Vegetables,38.7,29.6,23.2,13.4,Bengaluru,2023-04-01,onion
Onion,Vegetables,38.1,33.8,28.0,12.8,Bengaluru,2023-04-02,onion
Onion,Vegetables,35.6,30.8,24.1,10.5,Bengaluru,2023-04-03,onion
Onion,Vegetables,35.6,34.3,30.8,10.5,Bengaluru,2023-04-04,onion
Onion,Vegetables,38.8,39.8,30.9,13.7,Bengaluru,2023-04-05,onion
Onion,Vegetables,35.5,38.7,29.1,13.1,Bengaluru,2023-04-06,onion
Onion,Vegetables,40.1,35.4,30.4,9.3,Bengaluru,2023-04-07,onion
Onion,Vegetables,34.8,26.9,24.5,8.7,Bengaluru,2023-04-08,onion
Onion,Vegetables,39.6,33.8,30.1,8.7,Bengaluru,2023-04-09,onion
Onion,Vegetables,37.3,35.7,30.0,13.6,Bengaluru,2023-04-10,onion
Onion,Vegetables,35.2,29.6,27.6,7.4,Bengaluru,2023-04-11,onion
Onion,Vegetables,39.0,29.5,23.2,9.9,Bengaluru,2023-04-12,onion
Onion,Vegetables,38.7,29.1,25.8,8.6,Bengaluru,2023-04-13,onion
Onion,Vegetables,39.5,32.4,28.7,9.7,Bengaluru,2023-04-14,onion
Onion,Vegetables,34.9,34.0,31.4,8.6,Bengaluru,2023-04-15,onion
Onion,Vegetables,37.4,36.7,30.8,8.8,Bengaluru,2023-04-16,onion
Onion,Vegetables,35.7,34.1,27.8,13.9,Bengaluru,2023-04-17,onion
Onion,Vegetables,36.8,31.5,27.9,10.1,Bengaluru,2023-04-18,onion
Onion,Vegetables,35.5,32.4,27.5,11.5,Bengaluru,2023-04-19,onion
Onion,Vegetables,39.6,26.4,25.1,8.4,Bengaluru,2023-04-20,onion
Onion,Vegetables,39.9,27.2,24.0,7.5,Bengaluru,2023-04-21,onion
Onion,Vegetables,36.2,31.1,26.1,7.9,Bengaluru,2023-04-22,onion
Onion,Vegetables,33.5,35.6,28.1,14.6,Bengaluru,2023-04-23,onion
Onion,Vegetables,39.0,29.6,28.2,5.3,Bengaluru,2023-04-24,onion
Onion,Vegetables,35.4,32.9,28.5,11.2,Bengaluru,2023-04-25,onion
Onion,Vegetables,35.7,46.9,36.0,16.6,Bengaluru,2023-04-26,onion
Onion,Vegetables,35.9,37.6,29.9,12.8,Bengaluru,2023-04-27,onion
Onion,Vegetables,36.9,25.1,23.2,5.1,Bengaluru,2023-04-28,onion
Onion,Vegetables,40.2,31.5,27.8,8.8,Bengaluru,2023-04-29,onion
Onion,Vegetables,37.1,38.8,30.3,14.9,Bengaluru,2023-04-30,onion
Onion,Vegetables,40.2,29.8,27.0,8.1,Bengaluru,2023-05-01,onion
Onion,Vegetables,38.9,31.8,28.1,7.4,Bengaluru,2023-05-02,onion
Onion,Vegetables,39.9,29.4,25.7,9.2,Bengaluru,2023-05-03,onion
Onion,Vegetables,36.3,29.8,25.6,9.2,Bengaluru,2023-05-04,onion
Onion,Vegetables,34.2,31.7,25.6,11.2,Bengaluru,2023-05-05,onion
Onion,Vegetables,35.3,44.1,33.9,17.3,Bengaluru,2023-05-06,onion
Onion,Vegetables,40.2,41.7,39.0,7.1,Bengaluru,2023-05-07,onion
Onion,Vegetables,36.7,30.1,28.0,6.7,Bengaluru,2023-05-08,onion
Onion,Vegetables,34.5,35.5,28.3,13.4,Bengaluru,2023-05-09,onion
Onion,Vegetables,39.4,38.4,31.6,13.7,Bengaluru,2023-05-10,onion
Onion,Vegetables,33.7,32.2,27.1,8.0,Bengaluru,2023-05-11,onion
Onion,Vegetables,38.8,36.5,27.1,14.1,Bengaluru,2023-05-12,onion
Onion,Vegetables,37.4,45.3,35.6,13.4,Bengaluru,2023-05-13,onion
Onion,Vegetables,34.1,44.5,34.3,12.5,Bengaluru,2023-05-14,onion
Onion,Vegetables,37.0,38.4,34.7,9.4,Bengaluru,2023-05-15,onion
Onion,Vegetables,38.6,31.5,26.8,11.2,Bengaluru,2023-05-16,onion
Onion,Vegetables,37.4,23.8,21.9,9.8,Bengaluru,2023-05-17,onion
Onion,Vegetables,39.7,33.3,31.5,5.0,Bengaluru,2023-05-18,onion
Onion,Vegetables,38.6,30.9,28.6,4.6,Bengaluru,2023-05-19,onion
Onion,Vegetables,37.6,41.0,32.7,11.4,Bengaluru,2023-05-20,onion
Onion,Vegetables,36.5,31.3,29.6,5.3,Bengaluru,2023-05-21,onion
Onion,Vegetables,34.4,34.7,26.9,15.5,Bengaluru,2023-05-22,onion
Onion,Vegetables,38.2,27.2,25.4,7.6,Bengaluru,2023-05-23,onion
Onion,Vegetables,38.4,30.9,26.2,8.6,Bengaluru,2023-05-24,onion
Onion,Vegetables,36.9,27.9,25.6,7.0,Bengaluru,2023-05-25,onion
Onion,Vegetables,38.4,29.0,22.5,10.9,Bengaluru,2023-05-26,onion
Onion,Vegetables,36.2,37.3,32.2,8.8,Bengaluru,2023-05-27,onion
Onion,Vegetables,37.5,41.4,34.7,14.0,Bengaluru,2023-05-28,onion
Onion,Vegetables,39.9,28.8,24.7,7.1,Bengaluru,2023-05-29,onion
Onion,Vegetables,36.8,30.2,26.0,8.9,Bengaluru,2023-05-30,onion
Onion,Vegetables,36.7,27.7,22.4,7.3,Bengaluru,2023-05-31,onion
Onion,Vegetables,35.0,39.1,30.1,15.4,Bengaluru,2023-06-01,onion
Onion,Vegetables,40.1,25.9,24.1,6.6,Bengaluru,2023-06-02,onion
Onion,Vegetables,39.6,43.5,35.7,15.7,Bengaluru,2023-06-03,onion
Onion,Vegetables,35.8,36.1,30.7,8.4,Bengaluru,2023-06-04,onion
Onion,Vegetables,34.3,34.1,27.6,13.0,Bengaluru,2023-06-05,onion
Onion,Vegetables,36.3,42.0,31.4,18.2,Bengaluru,2023-06-06,onion
Onion,Vegetables,38.0,37.1,27.9,12.0,Bengaluru,2023-06-07,onion
Onion,Vegetables,33.4,37.5,30.9,9.7,Bengaluru,2023-06-08,onion
Onion,Vegetables,39.3,38.2,31.7,11.7,Bengaluru,2023-06-09,onion
Onion,Vegetables,38.0,35.3,30.7,12.3,Bengaluru,2023-06-10,onion
Onion,Vegetables,36.0,48.8,39.3,17.5,Bengaluru,2023-06-11,onion
Onion,Vegetables,39.2,27.8,24.5,5.9,Bengaluru,2023-06-12,onion
Onion,Vegetables,33.9,34.0,27.4,13.7,Bengaluru,2023-06-13,onion
Onion,Vegetables,40.2,23.0,19.6,8.7,Bengaluru,2023-06-14,onion
Onion,Vegetables,37.4,26.8,24.7,9.4,Bengaluru,2023-06-15,onion
Onion,Vegetables,38.0,34.9,27.8,14.0,Bengaluru,2023-06-16,onion
Onion,Vegetables,33.7,34.7,27.8,10.2,Bengaluru,2023-06-17,onion
Onion,Vegetables,38.1,35.5,30.4,9.7,Bengaluru,2023-06-18,onion
Onion,Vegetables,39.0,30.0,23.0,13.1,Bengaluru,2023-06-19,onion
Onion,Vegetables,36.0,30.3,25.3,9.1,Bengaluru,2023-06-20,onion
Onion,Vegetables,37.1,25.2,20.6,7.6,Bengaluru,2023-06-21,onion
Onion,Vegetables,33.7,39.1,32.2,9.3,Bengaluru,2023-06-22,onion
Onion,Vegetables,37.9,30.3,27.6,6.2,Bengaluru,2023-06-23,onion
Onion,Vegetables,38.4,34.6,30.7,7.0,Bengaluru,2023-06-24,onion
Onion,Vegetables,35.8,41.3,31.5,13.6,Bengaluru,2023-06-25,onion
Onion,Vegetables,35.1,28.8,26.5,4.4,Bengaluru,2023-06-26,onion
Onion,Vegetables,34.3,39.6,30.8,12.6,Bengaluru,2023-06-27,onion
Onion,Vegetables,38.4,36.6,28.7,11.5,Bengaluru,2023-06-28,onion
Onion,Vegetables,39.7,28.8,23.5,7.3,Bengaluru,2023-06-29,onion
Onion,Vegetables,35.3,25.0,23.5,7.2,Bengaluru,2023-06-30,onion
Onion,Vegetables,37.5,37.6,28.2,14.6,Bengaluru,2023-07-01,onion
Onion,Vegetables,37.1,41.0,33.8,12.3,Bengaluru,2023-07-02,onion
Onion,Vegetables,39.9,32.9,25.7,10.7,Bengaluru,2023-07-03,onion
Onion,Vegetables,34.5,43.7,37.0,8.8,Bengaluru,2023-07-04,onion
Onion,Vegetables,35.2,41.4,34.1,11.5,Bengaluru,2023-07-05,onion
Onion,Vegetables,35.6,23.3,22.2,8.4,Bengaluru,2023-07-06,onion
Onion,Vegetables,34.8,30.0,28.4,5.1,Bengaluru,2023-07-07,onion
Onion,Vegetables,39.5,39.6,34.1,11.6,Bengaluru,2023-07-08,onion
Onion,Vegetables,37.5,39.7,37.4,9.8,Bengaluru,2023-07-09,onion
Onion,Vegetables,38.3,35.3,27.0,10.4,Bengaluru,2023-07-10,onion
Onion,Vegetables,33.7,32.5,30.2,9.9,Bengaluru,2023-07-11,onion
Onion,Vegetables,38.5,29.6,22.9,12.2,Bengaluru,2023-07-12,onion
Onion,Vegetables,37.7,34.9,28.0,11.4,Bengaluru,2023-07-13,onion
Onion,Vegetables,39.5,35.0,26.7,10.3,Bengaluru,2023-07-14,onion
Onion,Vegetables,39.8,29.8,27.7,9.4,Bengaluru,2023-07-15,onion
Onion,Vegetables,37.0,33.6,25.4,14.9,Bengaluru,2023-07-16,onion
Onion,Vegetables,39.6,30.8,23.5,15.0,Bengaluru,2023-07-17,onion
Onion,Vegetables,34.0,33.5,29.9,9.4,Bengaluru,2023-07-18,onion
Onion,Vegetables,38.3,22.6,19.8,8.8,Bengaluru,2023-07-19,onion
Onion,Vegetables,38.5,31.8,28.0,7.8,Bengaluru,2023-07-20,onion
Onion,Vegetables,36.4,37.7,31.9,13.7,Bengaluru,2023-07-21,onion
Onion,Vegetables,35.4,41.0,32.6,15.0,Bengaluru,2023-07-22,onion
Onion,Vegetables,37.7,33.5,27.2,12.3,Bengaluru,2023-07-23,onion
Onion,Vegetables,35.0,29.7,25.8,11.1,Bengaluru,2023-07-24,onion
Onion,Vegetables,39.0,29.9,26.9,9.4,Bengaluru,2023-07-25,onion
Onion,Vegetables,39.7,36.9,34.5,7.5,Bengaluru,2023-07-26,onion
Onion,Vegetables,39.4,30.1,24.8,12.0,Bengaluru,2023-07-27,onion
Onion,Vegetables,37.0,33.2,30.7,8.0,Bengaluru,2023-07-28,onion
Onion,Vegetables,34.0,49.7,36.9,19.2,Bengaluru,2023-07-29,onion
Onion,Vegetables,35.3,33.3,25.4,11.3,Bengaluru,2023-07-30,onion
Onion,Vegetables,35.9,31.0,24.4,12.5,Bengaluru,2023-07-31,onion
Onion,Vegetables,37.9,39.0,33.2,8.1,Bengaluru,2023-08-01,onion
Onion,Vegetables,39.4,30.6,26.8,7.6,Bengaluru,2023-08-02,onion
Onion,Vegetables,34.8,29.1,25.7,11.1,Bengaluru,2023-08-03,onion
Onion,Vegetables,40.1,31.6,29.7,8.7,Bengaluru,2023-08-04,onion
Onion,Vegetables,34.3,48.3,44.2,8.6,Bengaluru,2023-08-05,onion
Onion,Vegetables,35.6,31.5,26.7,10.6,Bengaluru,2023-08-06,onion
Onion,Vegetables,38.8,39.8,29.8,12.7,Bengaluru,2023-08-07,onion
Onion,Vegetables,34.5,36.5,30.8,11.5,Bengaluru,2023-08-08,onion
Onion,Vegetables,35.2,37.0,28.6,14.0,Bengaluru,2023-08-09,onion
Onion,Vegetables,35.9,38.2,34.3,7.9,Bengaluru,2023-08-10,onion
Onion,Vegetables,34.9,39.7,29.7,12.3,Bengaluru,2023-08-11,onion
Onion,Vegetables,33.5,41.7,36.3,12.5,Bengaluru,2023-08-12,onion
Onion,Vegetables,34.3,29.1,25.1,8.9,Bengaluru,2023-08-13,onion
Onion,Vegetables,34.6,35.1,29.1,13.2,Bengaluru,2023-08-14,onion
Onion,Vegetables,35.1,34.5,28.0,13.1,Bengaluru,2023-08-15,onion
Onion,Vegetables,36.2,34.1,31.2,7.0,Bengaluru,2023-08-16,onion
Onion,Vegetables,39.1,31.6,28.2,8.7,Bengaluru,2023-08-17,onion
Onion,Vegetables,36.3,39.3,32.1,14.9,Bengaluru,2023-08-18,onion
Onion,Vegetables,34.4,50.2,38.6,16.5,Bengaluru,2023-08-19,onion
Onion,Vegetables,37.9,39.1,30.5,12.1,Bengaluru,2023-08-20,onion
Onion,Vegetables,35.9,28.8,27.1,7.6,Bengaluru,2023-08-21,onion
Onion,Vegetables,38.1,27.9,24.0,8.2,Bengaluru,2023-08-22,onion
Onion,Vegetables,34.1,43.6,32.7,17.8,Bengaluru,2023-08-23,onion
Onion,Vegetables,34.2,32.0,27.8,9.0,Bengaluru,2023-08-24,onion
Onion,Vegetables,34.7,35.6,29.9,7.8,Bengaluru,2023-08-25,onion
Onion,Vegetables,39.4,42.4,31.9,17.4,Bengaluru,2023-08-26,onion
Onion,Vegetables,38.7,33.6,27.3,10.9,Bengaluru,2023-08-27,onion
Onion,Vegetables,36.3,28.7,26.9,7.8,Bengaluru,2023-08-28,onion
Onion,Vegetables,38.0,34.8,31.1,8.2,Bengaluru,2023-08-29,onion
Onion,Vegetables,37.2,33.2,28.6,7.0,Bengaluru,2023-08-30,onion
Onion,Vegetables,33.3,44.8,37.7,10.3,Bengaluru,2023-08-31,onion
Onion,Vegetables,39.9,35.6,30.4,9.2,Bengaluru,2023-09-01,onion
Onion,Vegetables,34.4,43.7,40.9,8.6,Bengaluru,2023-09-02,onion
Onion,Vegetables,38.7,44.6,33.8,18.7,Bengaluru,2023-09-03,onion
Onion,Vegetables,40.0,35.7,29.1,9.9,Bengaluru,2023-09-04,onion
Onion,Vegetables,33.9,36.2,28.4,15.1,Bengaluru,2023-09-05,onion
Onion,Vegetables,36.6,30.2,26.5,10.4,Bengaluru,2023-09-06,onion
Onion,Vegetables,36.7,28.2,26.8,3.9,Bengaluru,2023-09-07,onion
Onion,Vegetables,39.0,32.7,27.4,9.3,Bengaluru,2023-09-08,onion
Onion,Vegetables,34.9,37.1,30.0,11.4,Bengaluru,2023-09-09,onion
Onion,Vegetables,39.3,40.8,32.0,10.9,Bengaluru,2023-09-10,onion
Onion,Vegetables,34.3,45.1,35.7,16.3,Bengaluru,2023-09-11,onion
Onion,Vegetables,33.5,29.1,27.6,7.1,Bengaluru,2023-09-12,onion
Onion,Vegetables,38.3,34.3,25.6,12.1,Bengaluru,2023-09-13,onion
Onion,Vegetables,34.9,32.7,29.8,5.2,Bengaluru,2023-09-14,onion
Onion,Vegetables,39.0,29.2,27.1,4.4,Bengaluru,2023-09-15,onion
Onion,Vegetables,39.8,40.2,31.0,13.6,Bengaluru,2023-09-16,onion
Onion,Vegetables,36.4,42.9,34.1,14.0,Bengaluru,2023-09-17,onion
Onion,Vegetables,37.5,33.6,28.8,10.0,Bengaluru,2023-09-18,onion
Onion,Vegetables,37.0,29.8,26.5,6.6,Bengaluru,2023-09-19,onion
Onion,Vegetables,37.3,36.6,29.1,10.9,Bengaluru,2023-09-20,onion
Onion,Vegetables,38.0,25.3,22.6,10.0,Bengaluru,2023-09-21,onion
Onion,Vegetables,37.2,39.2,31.1,15.7,Bengaluru,2023-09-22,onion
Onion,Vegetables,34.6,33.7,30.1,10.6,Bengaluru,2023-09-23,onion
Onion,Vegetables,33.7,29.2,26.0,6.3,Bengaluru,2023-09-24,onion
Onion,Vegetables,40.0,34.1,31.5,5.8,Bengaluru,2023-09-25,onion
Onion,Vegetables,39.0,36.5,29.9,8.9,Bengaluru,2023-09-26,onion
Onion,Vegetables,37.2,29.0,23.6,8.4,Bengaluru,2023-09-27,onion
Onion,Vegetables,39.0,33.1,26.8,13.5,Bengaluru,2023-09-28,onion
Onion,Vegetables,36.2,40.4,33.3,12.5,Bengaluru,2023-09-29,onion
Onion,Vegetables,37.1,39.4,32.9,13.3,Bengaluru,2023-09-30,onion
Onion,Vegetables,36.6,42.8,35.3,14.4,Bengaluru,2023-10-01,onion
Onion,Vegetables,34.9,31.5,29.4,8.2,Bengaluru,2023-10-02,onion
Onion,Vegetables,35.3,34.8,26.0,13.9,Bengaluru,2023-10-03,onion
Onion,Vegetables,33.2,35.4,29.7,12.4,Bengaluru,2023-10-04,onion
Onion,Vegetables,39.3,31.2,23.6,15.5,Bengaluru,2023-10-05,onion
Onion,Vegetables,33.6,30.5,28.4,7.5,Bengaluru,2023-10-06,onion
Onion,Vegetables,37.0,27.7,26.0,7.2,Bengaluru,2023-10-07,onion
Onion,Vegetables,34.2,42.8,37.1,11.2,Bengaluru,2023-10-08,onion
Onion,Vegetables,34.6,36.9,34.5,8.1,Bengaluru,2023-10-09,onion
Onion,Vegetables,36.8,31.2,28.9,8.5,Bengaluru,2023-10-10,onion
Onion,Vegetables,35.4,31.8,26.2,11.1,Bengaluru,2023-10-11,onion
Onion,Vegetables,34.3,34.2,25.7,12.5,Bengaluru,2023-10-12,onion
Onion,Vegetables,35.1,37.1,27.6,15.5,Bengaluru,2023-10-13,onion
Onion,Vegetables,38.8,36.8,31.4,9.9,Bengaluru,2023-10-14,onion
Onion,Vegetables,40.2,32.5,29.3,6.9,Bengaluru,2023-10-15,onion
Onion,Vegetables,37.9,27.4,24.0,10.7,Bengaluru,2023-10-16,onion
Onion,Vegetables,33.5,39.6,32.0,14.2,Bengaluru,2023-10-17,onion
Onion,Vegetables,35.5,31.2,26.9,11.6,Bengaluru,2023-10-18,onion
Onion,Vegetables,38.5,24.9,23.0,9.1,Bengaluru,2023-10-19,onion
Onion,Vegetables,38.1,31.5,25.6,12.6,Bengaluru,2023-10-20,onion
Onion,Vegetables,39.7,33.2,30.1,9.4,Bengaluru,2023-10-21,onion
Onion,Vegetables,34.9,50.6,39.4,15.2,Bengaluru,2023-10-22,onion
Onion,Vegetables,34.2,29.8,25.6,7.7,Bengaluru,2023-10-23,onion
Onion,Vegetables,34.7,29.5,25.3,11.4,Bengaluru,2023-10-24,onion
Onion,Vegetables,33.6,40.2,30.6,13.3,Bengaluru,2023-10-25,onion
Onion,Vegetables,35.6,28.6,22.2,10.6,Bengaluru,2023-10-26,onion
Onion,Vegetables,39.3,41.9,34.4,10.2,Bengaluru,2023-10-27,onion
Onion,Vegetables,35.7,30.6,27.3,9.4,Bengaluru,2023-10-28,onion
Onion,Vegetables,39.8,38.0,31.6,10.7,Bengaluru,2023-10-29,onion
Onion,Vegetables,33.4,38.2,28.8,17.0,Bengaluru,2023-10-30,onion
Onion,Vegetables,39.2,30.7,25.0,9.4,Bengaluru,2023-10-31,onion
Onion,Vegetables,34.6,33.8,27.2,13.1,Bengaluru,2023-11-01,onion
Onion,Vegetables,36.9,34.7,28.2,8.8,Bengaluru,2023-11-02,onion
Onion,Vegetables,36.3,26.1,21.2,7.7,Bengaluru,2023-11-03,onion
Onion,Vegetables,36.4,43.6,36.4,11.8,Bengaluru,2023-11-04,onion
Onion,Vegetables,34.9,42.8,32.0,18.6,Bengaluru,2023-11-05,onion
Onion,Vegetables,35.8,36.9,28.7,10.7,Bengaluru,2023-11-06,onion
Onion,Vegetables,33.3,37.6,31.2,8.9,Bengaluru,2023-11-07,onion
Onion,Vegetables,39.5,30.5,28.8,6.5,Bengaluru,2023-11-08,onion
Onion,Vegetables,33.7,42.1,31.7,16.1,Bengaluru,2023-11-09,onion
Onion,Vegetables,34.2,27.5,25.1,4.9,Bengaluru,2023-11-10,onion
Onion,Vegetables,39.4,39.4,32.5,10.9,Bengaluru,2023-11-11,onion
Onion,Vegetables,33.1,45.9,39.9,10.9,Bengaluru,2023-11-12,onion
Onion,Vegetables,33.8,24.1,18.2,9.5,Bengaluru,2023-11-13,onion
Onion,Vegetables,39.9,37.4,30.6,13.9,Bengaluru,2023-11-14,onion
Onion,Vegetables,33.2,31.9,28.8,7.2,Bengaluru,2023-11-15,onion
Onion,Vegetables,35.3,37.3,27.8,15.4,Bengaluru,2023-11-16,onion
Onion,Vegetables,39.1,33.8,28.9,8.0,Bengaluru,2023-11-17,onion
Onion,Vegetables,33.5,37.6,34.6,9.6,Bengaluru,2023-11-18,onion
Onion,Vegetables,35.7,44.9,33.3,18.8,Bengaluru,2023-11-19,onion
Onion,Vegetables,34.8,39.6,31.0,11.1,Bengaluru,2023-11-20,onion
Onion,Vegetables,38.9,33.9,30.0,9.4,Bengaluru,2023-11-21,onion
Onion,Vegetables,34.0,35.0,31.7,10.4,Bengaluru,2023-11-22,onion
Onion,Vegetables,36.3,32.5,28.3,6.5,Bengaluru,2023-11-23,onion
Onion,Vegetables,36.9,35.7,29.3,10.4,Bengaluru,2023-11-24,onion
Onion,Vegetables,39.3,29.1,26.3,9.7,Bengaluru,2023-11-25,onion
Onion,Vegetables,34.6,44.1,39.0,7.9,Bengaluru,2023-11-26,onion
Onion,Vegetables,38.2,38.6,32.0,10.5,Bengaluru,2023-11-27,onion
Onion,Vegetables,35.4,34.8,31.1,10.5,Bengaluru,2023-11-28,onion
Onion,Vegetables,34.0,33.7,26.4,12.6,Bengaluru,2023-11-29,onion
Onion,Vegetables,34.0,27.2,24.5,7.4,Bengaluru,2023-11-30,onion
Onion,Vegetables,40.1,37.3,28.3,16.0,Bengaluru,2023-12-01,onion
Onion,Vegetables,39.2,30.1,22.9,9.7,Bengaluru,2023-12-02,onion
Onion,Vegetables,40.3,38.2,31.4,12.0,Bengaluru,2023-12-03,onion
Onion,Vegetables,35.2,34.8,30.0,8.6,Bengaluru,2023-12-04,onion
Onion,Vegetables,34.3,30.6,25.3,10.8,Bengaluru,2023-12-05,onion
Onion,Vegetables,36.3,31.6,27.9,6.5,Bengaluru,2023-12-06,onion
Onion,Vegetables,37.3,33.3,26.6,11.8,Bengaluru,2023-12-07,onion
Onion,Vegetables,37.5,27.2,24.4,4.9,Bengaluru,2023-12-08,onion
Onion,Vegetables,40.2,36.3,32.6,10.6,Bengaluru,2023-12-09,onion
Onion,Vegetables,38.7,37.2,30.4,9.9,Bengaluru,2023-12-10,onion
Onion,Vegetables,33.9,40.3,34.9,12.4,Bengaluru,2023-12-11,onion
Onion,Vegetables,37.2,35.3,29.0,10.5,Bengaluru,2023-12-12,onion
Onion,Vegetables,39.3,31.2,27.9,5.4,Bengaluru,2023-12-13,onion
Onion,Vegetables,33.5,39.0,32.0,11.5,Bengaluru,2023-12-14,onion
Onion,Vegetables,37.3,35.3,28.2,13.7,Bengaluru,2023-12-15,onion
Onion,Vegetables,35.6,40.0,32.1,14.6,Bengaluru,2023-12-16,onion
Onion,Vegetables,36.8,37.8,32.5,9.3,Bengaluru,2023-12-17,onion
Onion,Vegetables,37.8,40.8,30.7,14.1,Bengaluru,2023-12-18,onion
Onion,Vegetables,33.6,30.2,23.0,10.8,Bengaluru,2023-12-19,onion
Onion,Vegetables,40.2,32.2,26.0,9.9,Bengaluru,2023-12-20,onion
Onion,Vegetables,33.7,39.6,32.8,11.3,Bengaluru,2023-12-21,onion
Onion,Vegetables,40.1,34.5,31.6,9.2,Bengaluru,2023-12-22,onion
Onion,Vegetables,33.5,44.9,36.4,15.5,Bengaluru,2023-12-23,onion
Onion,Vegetables,36.6,41.3,31.7,15.9,Bengaluru,2023-12-24,onion
Onion,Vegetables,37.5,28.7,22.8,12.9,Bengaluru,2023-12-25,onion
Onion,Vegetables,34.2,35.7,29.9,10.2,Bengaluru,2023-12-26,onion
Onion,Vegetables,39.8,36.7,28.3,16.3,Bengaluru,2023-12-27,onion
Onion,Vegetables,37.7,32.3,29.1,5.3,Bengaluru,2023-12-28,onion
Onion,Vegetables,35.0,35.0,32.1,10.2,Bengaluru,2023-12-29,onion
Onion,Vegetables,39.5,41.5,30.9,17.7,Bengaluru,2023-12-30,onion
Onion,Vegetables,33.6,36.5,33.4,6.7,Bengaluru,2023-12-31,onion
Onion,Vegetables,37.1,38.1,30.3,13.2,Delhi,2022-01-01,onion
Onion,Vegetables,37.6,39.4,32.6,13.1,Delhi,2022-01-02,onion
Onion,Vegetables,36.9,38.7,29.2,13.1,Delhi,2022-01-03,onion
Onion,Vegetables,40.3,31.1,27.5,5.7,Delhi,2022-01-04,onion
Onion,Vegetables,40.0,37.8,28.2,11.9,Delhi,2022-01-05,onion
Onion,Vegetables,35.1,29.0,23.5,12.1,Delhi,2022-01-06,onion
Onion,Vegetables,38.9,40.2,31.8,12.2,Delhi,2022-01-07,onion
Onion,Vegetables,35.3,34.3,29.9,11.8,Delhi,2022-01-08,onion
Onion,Vegetables,39.7,43.5,32.6,16.7,Delhi,2022-01-09,onion
Onion,Vegetables,33.4,31.8,28.7,7.7,Delhi,2022-01-10,onion
Onion,Vegetables,40.0,29.9,27.0,7.9,Delhi,2022-01-11,onion
Onion,Vegetables,38.6,34.0,27.0,13.7,Delhi,2022-01-12,onion
Onion,Vegetables,39.0,30.9,23.9,9.2,Delhi,2022-01-13,onion
Onion,Vegetables,36.8,30.5,23.0,14.8,Delhi,2022-01-14,onion
Onion,Vegetables,38.9,37.6,33.0,9.5,Delhi,2022-01-15,onion
Onion,Vegetables,38.6,44.8,34.6,14.3,Delhi,2022-01-16,onion
Onion,Vegetables,35.5,37.4,31.1,10.8,Delhi,2022-01-17,onion
Onion,Vegetables,37.9,33.0,31.1,4.4,Delhi,2022-01-18,onion
Onion,Vegetables,37.2,38.2,29.8,14.7,Delhi,2022-01-19,onion
Onion,Vegetables,39.6,27.0,24.7,5.9,Delhi,2022-01-20,onion
Onion,Vegetables,34.9,32.3,28.7,6.4,Delhi,2022-01-21,onion
Onion,Vegetables,39.5,47.3,37.6,14.9,Delhi,2022-01-22,onion
Onion,Vegetables,40.1,36.7,30.5,11.1,Delhi,2022-01-23,onion
Onion,Vegetables,39.2,30.8,28.1,7.4,Delhi,2022-01-24,onion
Onion,Vegetables,37.7,46.0,35.2,17.3,Delhi,2022-01-25,onion
Onion,Vegetables,39.5,38.8,29.4,16.4,Delhi,2022-01-26,onion
Onion,Vegetables,33.2,32.6,26.0,10.4,Delhi,2022-01-27,onion
Onion,Vegetables,35.4,26.4,22.6,11.5,Delhi,2022-01-28,onion
Onion,Vegetables,36.3,41.2,33.1,14.9,Delhi,2022-01-29,onion
Onion,Vegetables,33.5,42.4,36.5,11.8,Delhi,2022-01-30,onion
Onion,Vegetables,39.6,32.0,24.2,13.8,Delhi,2022-01-31,onion
Onion,Vegetables,39.1,36.5,31.3,7.2,Delhi,2022-02-01,onion
Onion,Vegetables,34.3,27.2,23.1,8.5,Delhi,2022-02-02,onion
Onion,Vegetables,33.6,37.6,34.6,5.4,Delhi,2022-02-03,onion
Onion,Vegetables,33.5,32.2,29.7,6.1,Delhi,2022-02-04,onion
Onion,Vegetables,37.9,32.8,30.3,10.0,Delhi,2022-02-05,onion
Onion,Vegetables,36.6,38.0,33.1,10.3,Delhi,2022-02-06,onion
Onion,Vegetables,36.5,31.5,26.5,12.1,Delhi,2022-02-07,onion
Onion,Vegetables,34.5,24.3,19.4,7.2,Delhi,2022-02-08,onion
Onion,Vegetables,36.9,33.1,27.7,13.2,Delhi,2022-02-09,onion
Onion,Vegetables,38.6,35.1,27.3,12.9,Delhi,2022-02-10,onion
Onion,Vegetables,35.7,27.9,24.0,8.1,Delhi,2022-02-11,onion
Onion,Vegetables,33.3,41.8,37.0,10.6,Delhi,2022-02-12,onion
Onion,Vegetables,35.3,44.0,39.2,11.2,Delhi,2022-02-13,onion
Onion,Vegetables,38.9,36.3,31.3,7.4,Delhi,2022-02-14,onion
Onion,Vegetables,37.5,33.1,29.4,10.4,Delhi,2022-02-15,onion
Onion,Vegetables,35.7,39.0,30.1,15.9,Delhi,2022-02-16,onion
Onion,Vegetables,33.6,40.4,35.5,12.1,Delhi,2022-02-17,onion
Onion,Vegetables,36.0,28.6,23.5,8.7,Delhi,2022-02-18,onion
Onion,Vegetables,39.1,35.7,32.2,7.7,Delhi,2022-02-19,onion
Onion,Vegetables,33.8,40.2,36.5,5.8,Delhi,2022-02-20,onion
Onion,Vegetables,36.2,36.2,28.4,15.7,Delhi,2022-02-21,onion
Onion,Vegetables,33.5,29.5,26.9,5.8,Delhi,2022-02-22,onion
Onion,Vegetables,39.8,39.9,30.9,12.9,Delhi,2022-02-23,onion
Onion,Vegetables,39.9,32.3,25.9,14.4,Delhi,2022-02-24,onion
Onion,Vegetables,36.5,33.0,25.5,15.0,Delhi,2022-02-25,onion
Onion,Vegetables,33.2,40.8,31.8,14.4,Delhi,2022-02-26,onion
Onion,Vegetables,33.8,38.5,32.7,10.9,Delhi,2022-02-27,onion
Onion,Vegetables,38.1,32.3,27.0,8.3,Delhi,2022-02-28,onion
Onion,Vegetables,38.5,34.3,27.5,13.1,Delhi,2022-03-01,onion
Onion,Vegetables,33.7,41.7,33.0,15.9,Delhi,2022-03-02,onion
Onion,Vegetables,34.6,32.5,28.6,8.5,Delhi,2022-03-03,onion
Onion,Vegetables,36.9,32.0,25.5,12.4,Delhi,2022-03-04,onion
Onion,Vegetables,33.9,37.9,28.2,15.1,Delhi,2022-03-05,onion
Onion,Vegetables,36.6,44.7,38.2,12.9,Delhi,2022-03-06,onion
Onion,Vegetables,39.6,31.1,27.6,6.9,Delhi,2022-03-07,onion
Onion,Vegetables,35.7,27.9,24.9,10.2,Delhi,2022-03-08,onion
Onion,Vegetables,37.2,30.5,27.0,11.2,Delhi,2022-03-09,onion
Onion,Vegetables,38.7,38.6,31.4,13.3,Delhi,2022-03-10,onion
Onion,Vegetables,35.4,28.9,26.0,6.4,Delhi,2022-03-11,onion
Onion,Vegetables,33.7,25.2,24.0,8.3,Delhi,2022-03-12,onion
Onion,Vegetables,38.0,34.8,29.4,13.2,Delhi,2022-03-13,onion
Onion,Vegetables,39.9,35.7,27.6,11.1,Delhi,2022-03-14,onion
Onion,Vegetables,34.0,29.2,25.9,7.0,Delhi,2022-03-15,onion
Onion,Vegetables,40.1,28.9,25.0,7.8,Delhi,2022-03-16,onion
Onion,Vegetables,35.1,34.2,29.9,10.8,Delhi,2022-03-17,onion
Onion,Vegetables,35.0,34.1,31.8,8.1,Delhi,2022-03-18,onion
Onion,Vegetables,36.8,38.9,33.8,7.7,Delhi,2022-03-19,onion
Onion,Vegetables,38.0,35.7,28.2,15.2,Delhi,2022-03-20,onion
Onion,Vegetables,35.5,30.4,23.9,14.2,Delhi,2022-03-21,onion
Onion,Vegetables,33.8,35.9,27.7,11.9,Delhi,2022-03-22,onion
Onion,Vegetables,35.5,35.4,28.2,13.9,Delhi,2022-03-23,onion
Onion,Vegetables,36.0,38.3,29.1,15.4,Delhi,2022-03-24,onion
Onion,Vegetables,39.9,35.7,27.2,14.9,Delhi,2022-03-25,onion
Onion,Vegetables,39.7,38.2,31.8,8.5,Delhi,2022-03-26,onion
Onion,Vegetables,33.3,50.4,39.6,16.1,Delhi,2022-03-27,onion
Onion,Vegetables,38.6,29.1,27.0,7.9,Delhi,2022-03-28,onion
Onion,Vegetables,33.8,38.2,30.9,12.5,Delhi,2022-03-29,onion
Onion,Vegetables,38.2,27.2,24.3,9.0,Delhi,2022-03-30,onion
Onion,Vegetables,36.6,32.1,26.5,9.5,Delhi,2022-03-31,onion
Onion,Vegetables,39.1,31.2,24.5,11.3,Delhi,2022-04-01,onion
Onion,Vegetables,37.5,38.8,34.6,11.3,Delhi,2022-04-02,onion
Onion,Vegetables,34.4,46.7,35.7,16.5,Delhi,2022-04-03,onion
Onion,Vegetables,34.7,29.4,22.5,12.5,Delhi,2022-04-04,onion
Onion,Vegetables,34.8,43.6,34.8,15.1,Delhi,2022-04-05,onion
Onion,Vegetables,39.6,37.8,29.1,14.3,Delhi,2022-04-06,onion
Onion,Vegetables,33.4,40.9,31.9,14.8,Delhi,2022-04-07,onion
Onion,Vegetables,39.8,26.0,21.8,9.4,Delhi,2022-04-08,onion
Onion,Vegetables,33.4,44.2,32.9,14.5,Delhi,2022-04-09,onion
Onion,Vegetables,34.9,42.2,35.3,12.9,Delhi,2022-04-10,onion
Onion,Vegetables,36.3,39.9,29.8,17.9,Delhi,2022-04-11,onion
Onion,Vegetables,35.5,26.5,21.1,11.7,Delhi,2022-04-12,onion
Onion,Vegetables,37.8,35.6,27.8,11.0,Delhi,2022-04-13,onion
Onion,Vegetables,35.6,27.6,24.8,10.1,Delhi,2022-04-14,onion
Onion,Vegetables,39.3,33.3,28.7,10.7,Delhi,2022-04-15,onion
Onion,Vegetables,36.7,36.0,30.2,13.1,Delhi,2022-04-16,onion
Onion,Vegetables,37.7,41.0,30.8,13.1,Delhi,2022-04-17,onion
Onion,Vegetables,38.4,31.6,26.4,8.0,Delhi,2022-04-18,onion
Onion,Vegetables,38.7,40.1,33.9,10.7,Delhi,2022-04-19,onion
Onion,Vegetables,35.3,34.5,28.3,9.2,Delhi,2022-04-20,onion
Onion,Vegetables,38.3,41.4,31.2,17.6,Delhi,2022-04-21,onion
Onion,Vegetables,37.4,32.2,28.1,8.2,Delhi,2022-04-22,onion
Onion,Vegetables,37.8,39.5,29.3,12.8,Delhi,2022-04-23,onion
Onion,Vegetables,37.5,41.7,34.5,12.7,Delhi,2022-04-24,onion
Onion,Vegetables,37.0,30.9,27.8,6.2,Delhi,2022-04-25,onion
Onion,Vegetables,33.5,37.1,30.1,11.9,Delhi,2022-04-26,onion
Onion,Vegetables,36.1,33.9,31.6,7.6,Delhi,2022-04-27,onion
Onion,Vegetables,38.2,37.0,27.6,15.8,Delhi,2022-04-28,onion
Onion,Vegetables,37.1,40.4,32.3,12.6,Delhi,2022-04-29,onion
Onion,Vegetables,35.4,43.0,34.7,12.8,Delhi,2022-04-30,onion
Onion,Vegetables,35.9,38.7,31.1,14.8,Delhi,2022-05-01,onion
Onion,Vegetables,37.6,36.5,30.5,8.2,Delhi,2022-05-02,onion
Onion,Vegetables,38.0,28.7,25.7,9.2,Delhi,2022-05-03,onion
Onion,Vegetables,34.4,47.5,36.1,15.5,Delhi,2022-05-04,onion
Onion,Vegetables,36.0,34.7,27.7,10.8,Delhi,2022-05-05,onion
Onion,Vegetables,38.2,27.7,22.4,9.5,Delhi,2022-05-06,onion
Onion,Vegetables,35.4,39.0,30.8,13.2,Delhi,2022-05-07,onion
Onion,Vegetables,33.7,54.6,40.6,16.5,Delhi,2022-05-08,onion
Onion,Vegetables,34.3,34.9,30.7,9.6,Delhi,2022-05-09,onion
Onion,Vegetables,36.9,31.5,27.4,10.3,Delhi,2022-05-10,onion
Onion,Vegetables,36.7,30.8,23.2,10.3,Delhi,2022-05-11,onion
Onion,Vegetables,38.1,37.6,28.6,11.5,Delhi,2022-05-12,onion
Onion,Vegetables,33.3,41.4,32.7,15.6,Delhi,2022-05-13,onion
Onion,Vegetables,36.0,41.1,30.5,14.8,Delhi,2022-05-14,onion
Onion,Vegetables,38.9,31.7,27.5,7.4,Delhi,2022-05-15,onion
Onion,Vegetables,34.0,30.7,26.5,7.1,Delhi,2022-05-16,onion
Onion,Vegetables,36.7,36.8,27.5,13.5,Delhi,2022-05-17,onion
Onion,Vegetables,34.1,30.7,26.9,10.5,Delhi,2022-05-18,onion
Onion,Vegetables,35.4,36.7,32.5,9.1,Delhi,2022-05-19,onion
Onion,Vegetables,33.6,29.8,27.0,6.1,Delhi,2022-05-20,onion
Onion,Vegetables,36.5,36.0,30.9,8.9,Delhi,2022-05-21,onion
Onion,Vegetables,35.4,44.0,37.6,13.8,Delhi,2022-05-22,onion
Onion,Vegetables,33.3,37.5,31.9,11.5,Delhi,2022-05-23,onion
Onion,Vegetables,37.3,32.8,28.5,7.1,Delhi,2022-05-24,onion
Onion,Vegetables,34.7,38.1,33.5,11.4,Delhi,2022-05-25,onion
Onion,Vegetables,35.3,31.3,28.8,7.7,Delhi,2022-05-26,onion
Onion,Vegetables,39.9,33.7,28.4,10.0,Delhi,2022-05-27,onion
Onion,Vegetables,34.7,27.2,23.1,9.1,Delhi,2022-05-28,onion
Onion,Vegetables,38.5,41.2,33.0,12.5,Delhi,2022-05-29,onion
Onion,Vegetables,37.1,30.3,24.0,11.1,Delhi,2022-05-30,onion
Onion,Vegetables,35.5,35.4,29.2,10.9,Delhi,2022-05-31,onion
Onion,Vegetables,39.6,34.7,26.2,12.1,Delhi,2022-06-01,onion
Onion,Vegetables,35.7,31.8,28.0,11.6,Delhi,2022-06-02,onion
Onion,Vegetables,34.7,40.1,32.5,12.2,Delhi,2022-06-03,onion
Onion,Vegetables,36.4,34.9,31.7,9.7,Delhi,2022-06-04,onion
Onion,Vegetables,38.1,39.3,30.5,15.0,Delhi,2022-06-05,onion
Onion,Vegetables,34.0,36.3,33.2,6.1,Delhi,2022-06-06,onion
Onion,Vegetables,39.4,27.5,23.9,9.6,Delhi,2022-06-07,onion
Onion,Vegetables,39.3,31.2,28.2,8.5,Delhi,2022-06-08,onion
Onion,Vegetables,37.0,31.4,25.8,11.5,Delhi,2022-06-09,onion
Onion,Vegetables,39.2,32.7,28.4,8.2,Delhi,2022-06-10,onion
Onion,Vegetables,33.3,33.5,27.2,14.1,Delhi,2022-06-11,onion
Onion,Vegetables,38.6,40.2,35.3,11.4,Delhi,2022-06-12,onion
Onion,Vegetables,39.3,27.5,23.9,5.6,Delhi,2022-06-13,onion
Onion,Vegetables,35.3,34.0,29.9,6.3,Delhi,2022-06-14,onion
Onion,Vegetables,36.9,31.0,23.6,12.1,Delhi,2022-06-15,onion
Onion,Vegetables,35.8,30.7,26.7,12.0,Delhi,2022-06-16,onion
Onion,Vegetables,33.3,27.8,24.8,5.4,Delhi,2022-06-17,onion
Onion,Vegetables,39.3,46.5,37.0,17.1,Delhi,2022-06-18,onion
Onion,Vegetables,33.3,36.3,32.6,9.9,Delhi,2022-06-19,onion
Onion,Vegetables,37.3,36.5,29.8,14.3,Delhi,2022-06-20,onion
Onion,Vegetables,39.8,34.5,32.5,6.5,Delhi,2022-06-21,onion
Onion,Vegetables,36.8,31.2,26.2,12.9,Delhi,2022-06-22,onion
Onion,Vegetables,33.6,36.6,28.3,11.5,Delhi,2022-06-23,onion
Onion,Vegetables,37.3,29.4,22.4,14.8,Delhi,2022-06-24,onion
Onion,Vegetables,35.9,35.3,28.4,12.2,Delhi,2022-06-25,onion
Onion,Vegetables,33.7,36.9,27.4,12.0,Delhi,2022-06-26,onion
Onion,Vegetables,35.1,33.1,25.3,12.3,Delhi,2022-06-27,onion
Onion,Vegetables,37.3,29.1,26.5,7.6,Delhi,2022-06-28,onion
Onion,Vegetables,39.0,29.0,25.7,6.2,Delhi,2022-06-29,onion
Onion,Vegetables,36.1,45.2,35.0,16.7,Delhi,2022-06-30,onion
Onion,Vegetables,33.7,34.3,28.9,7.9,Delhi,2022-07-01,onion
Onion,Vegetables,37.6,42.8,33.9,10.9,Delhi,2022-07-02,onion
Onion,Vegetables,35.2,34.5,32.7,5.6,Delhi,2022-07-03,onion
Onion,Vegetables,38.1,39.3,29.7,13.8,Delhi,2022-07-04,onion
Onion,Vegetables,39.3,36.8,29.0,13.0,Delhi,2022-07-05,onion
Onion,Vegetables,40.0,32.9,24.9,12.4,Delhi,2022-07-06,onion
Onion,Vegetables,38.9,31.7,25.2,13.1,Delhi,2022-07-07,onion
Onion,Vegetables,33.3,39.1,32.7,12.5,Delhi,2022-07-08,onion
Onion,Vegetables,38.6,34.0,31.3,5.6,Delhi,2022-07-09,onion
Onion,Vegetables,38.3,41.9,31.6,15.7,Delhi,2022-07-10,onion
Onion,Vegetables,39.7,29.1,25.5,9.4,Delhi,2022-07-11,onion
Onion,Vegetables,35.2,34.8,26.7,14.9,Delhi,2022-07-12,onion
Onion,Vegetables,40.2,27.1,25.3,4.4,Delhi,2022-07-13,onion
Onion,Vegetables,36.4,28.9,26.3,8.8,Delhi,2022-07-14,onion
Onion,Vegetables,37.9,29.8,27.7,9.7,Delhi,2022-07-15,onion
Onion,Vegetables,35.0,26.0,22.9,9.9,Delhi,2022-07-16,onion
Onion,Vegetables,34.5,40.1,32.4,13.1,Delhi,2022-07-17,onion
Onion,Vegetables,34.9,32.6,28.2,11.7,Delhi,2022-07-18,onion
Onion,Vegetables,35.0,36.7,27.2,12.7,Delhi,2022-07-19,onion
Onion,Vegetables,34.9,33.0,25.1,10.6,Delhi,2022-07-20,onion
Onion,Vegetables,40.2,37.1,28.3,15.8,Delhi,2022-07-21,onion
Onion,Vegetables,36.1,24.4,18.1,8.5,Delhi,2022-07-22,onion
Onion,Vegetables,35.9,49.2,36.7,16.7,Delhi,2022-07-23,onion
Onion,Vegetables,36.0,41.0,36.0,12.7,Delhi,2022-07-24,onion
Onion,Vegetables,35.2,37.7,29.1,12.3,Delhi,2022-07-25,onion
Onion,Vegetables,33.6,32.7,28.0,9.3,Delhi,2022-07-26,onion
Onion,Vegetables,37.5,36.1,32.0,7.5,Delhi,2022-07-27,onion
Onion,Vegetables,36.6,36.4,28.1,14.7,Delhi,2022-07-28,onion
Onion,Vegetables,36.5,32.7,26.8,8.1,Delhi,2022-07-29,onion
Onion,Vegetables,39.7,28.1,24.7,9.4,Delhi,2022-07-30,onion
Onion,Vegetables,37.3,38.6,34.9,8.2,Delhi,2022-07-31,onion
Onion,Vegetables,38.0,31.2,27.7,5.9,Delhi,2022-08-01,onion
Onion,Vegetables,35.9,27.4,21.6,9.1,Delhi,2022-08-02,onion
Onion,Vegetables,38.6,36.9,27.5,16.7,Delhi,2022-08-03,onion
Onion,Vegetables,37.2,42.0,34.5,11.2,Delhi,2022-08-04,onion
Onion,Vegetables,39.7,30.3,27.8,8.7,Delhi,2022-08-05,onion
Onion,Vegetables,34.9,39.1,35.3,10.4,Delhi,2022-08-06,onion
Onion,Vegetables,40.0,42.9,35.7,12.4,Delhi,2022-08-07,onion
Onion,Vegetables,35.2,35.4,32.3,9.8,Delhi,2022-08-08,onion
Onion,Vegetables,36.5,33.7,30.3,8.3,Delhi,2022-08-09,onion
Onion,Vegetables,34.5,30.5,23.9,10.5,Delhi,2022-08-10,onion
Onion,Vegetables,36.3,35.6,30.4,7.6,Delhi,2022-08-11,onion
Onion,Vegetables,39.8,32.4,30.8,8.0,Delhi,2022-08-12,onion
Onion,Vegetables,39.9,33.6,29.9,7.6,Delhi,2022-08-13,onion
Onion,Vegetables,36.4,38.6,32.0,13.0,Delhi,2022-08-14,onion
Onion,Vegetables,39.6,35.1,32.3,6.8,Delhi,2022-08-15,onion
Onion,Vegetables,34.0,35.0,27.8,14.6,Delhi,2022-08-16,onion
Onion,Vegetables,39.5,26.4,23.3,6.8,Delhi,2022-08-17,onion
Onion,Vegetables,33.7,28.6,26.2,5.7,Delhi,2022-08-18,onion
Onion,Vegetables,33.2,36.1,29.2,14.6,Delhi,2022-08-19,onion
Onion,Vegetables,36.0,38.2,32.3,8.3,Delhi,2022-08-20,onion
Onion,Vegetables,34.2,37.8,29.5,14.5,Delhi,2022-08-21,onion
Onion,Vegetables,38.5,37.5,29.8,13.9,Delhi,2022-08-22,onion
Onion,Vegetables,37.1,31.8,28.6,6.5,Delhi,2022-08-23,onion
Onion,Vegetables,36.0,36.6,34.7,9.2,Delhi,2022-08-24,onion
Onion,Vegetables,35.1,36.1,27.9,12.6,Delhi,2022-08-25,onion
Onion,Vegetables,35.0,31.9,26.3,11.0,Delhi,2022-08-26,onion
Onion,Vegetables,38.6,36.4,34.6,3.8,Delhi,2022-08-27,onion
Onion,Vegetables,40.2,39.6,35.1,8.2,Delhi,2022-08-28,onion
Onion,Vegetables,38.4,25.8,23.8,4.5,Delhi,2022-08-29,onion
Onion,Vegetables,38.2,38.3,35.2,7.7,Delhi,2022-08-30,onion
Onion,Vegetables,38.4,34.7,26.1,14.7,Delhi,2022-08-31,onion
Onion,Vegetables,39.5,32.3,30.0,4.5,Delhi,2022-09-01,onion
Onion,Vegetables,36.2,35.3,26.8,11.9,Delhi,2022-09-02,onion
Onion,Vegetables,33.4,49.7,38.9,16.6,Delhi,2022-09-03,onion
Onion,Vegetables,36.3,39.2,34.2,12.0,Delhi,2022-09-04,onion
Onion,Vegetables,35.6,36.2,29.3,10.1,Delhi,2022-09-05,onion
Onion,Vegetables,35.0,23.8,21.9,6.8,Delhi,2022-09-06,onion
Onion,Vegetables,36.8,28.5,26.0,5.5,Delhi,2022-09-07,onion
Onion,Vegetables,33.3,31.3,28.6,10.2,Delhi,2022-09-08,onion
Onion,Vegetables,34.6,29.4,27.5,6.3,Delhi,2022-09-09,onion
Onion,Vegetables,34.5,36.8,30.9,8.1,Delhi,2022-09-10,onion
Onion,Vegetables,35.7,38.8,33.5,12.2,Delhi,2022-09-11,onion
Onion,Vegetables,38.4,33.7,26.0,11.9,Delhi,2022-09-12,onion
Onion,Vegetables,33.6,33.2,28.9,8.0,Delhi,2022-09-13,onion
Onion,Vegetables,38.6,35.7,27.7,14.4,Delhi,2022-09-14,onion
Onion,Vegetables,39.9,24.7,23.5,5.3,Delhi,2022-09-15,onion
Onion,Vegetables,35.8,34.0,29.0,12.4,Delhi,2022-09-16,onion
Onion,Vegetables,35.0,47.4,41.2,13.9,Delhi,2022-09-17,onion
Onion,Vegetables,33.6,48.7,36.9,14.3,Delhi,2022-09-18,onion
Onion,Vegetables,40.1,31.5,29.8,5.7,Delhi,2022-09-19,onion
Onion,Vegetables,33.7,31.3,28.9,7.6,Delhi,2022-09-20,onion
Onion,Vegetables,35.4,38.8,34.3,10.2,Delhi,2022-09-21,onion
Onion,Vegetables,38.8,32.4,26.0,9.1,Delhi,2022-09-22,onion
Onion,Vegetables,39.1,22.9,17.6,10.5,Delhi,2022-09-23,onion
Onion,Vegetables,34.5,38.0,29.7,12.2,Delhi,2022-09-24,onion
Onion,Vegetables,35.4,44.4,33.3,15.6,Delhi,2022-09-25,onion
Onion,Vegetables,38.8,24.6,22.6,8.8,Delhi,2022-09-26,onion
Onion,Vegetables,38.6,33.8,30.7,6.6,Delhi,2022-09-27,onion
Onion,Vegetables,38.6,33.0,29.1,6.0,Delhi,2022-09-28,onion
Onion,Vegetables,35.4,38.9,29.0,17.2,Delhi,2022-09-29,onion
Onion,Vegetables,33.5,33.3,25.9,11.6,Delhi,2022-09-30,onion
Onion,Vegetables,39.7,33.9,31.8,8.5,Delhi,2022-10-01,onion
Onion,Vegetables,36.0,40.2,33.6,10.7,Delhi,2022-10-02,onion
Onion,Vegetables,37.8,27.1,21.7,7.9,Delhi,2022-10-03,onion
Onion,Vegetables,37.4,32.7,26.2,13.3,Delhi,2022-10-04,onion
Onion,Vegetables,39.1,29.5,27.8,7.9,Delhi,2022-10-05,onion
Onion,Vegetables,38.9,34.1,30.2,7.8,Delhi,2022-10-06,onion
Onion,Vegetables,36.7,22.1,20.2,6.1,Delhi,2022-10-07,onion
Onion,Vegetables,35.3,42.8,32.9,13.4,Delhi,2022-10-08,onion
Onion,Vegetables,37.9,29.4,26.1,6.2,Delhi,2022-10-09,onion
Onion,Vegetables,39.9,30.1,24.3,8.9,Delhi,2022-10-10,onion
Onion,Vegetables,39.5,31.4,27.9,10.3,Delhi,2022-10-11,onion
Onion,Vegetables,34.6,35.6,31.3,6.8,Delhi,2022-10-12,onion
Onion,Vegetables,37.1,31.0,28.1,9.3,Delhi,2022-10-13,onion
Onion,Vegetables,37.4,35.8,31.9,11.4,Delhi,2022-10-14,onion
Onion,Vegetables,35.6,37.5,29.3,11.8,Delhi,2022-10-15,onion
Onion,Vegetables,38.3,37.5,31.8,9.9,Delhi,2022-10-16,onion
Onion,Vegetables,40.2,26.8,23.9,9.6,Delhi,2022-10-17,onion
Onion,Vegetables,36.3,30.1,24.3,9.8,Delhi,2022-10-18,onion
Onion,Vegetables,39.0,33.6,25.1,11.9,Delhi,2022-10-19,onion
Onion,Vegetables,34.0,31.4,27.5,11.7,Delhi,2022-10-20,onion
Onion,Vegetables,38.7,27.9,20.8,11.3,Delhi,2022-10-21,onion
Onion,Vegetables,35.3,45.6,35.8,17.1,Delhi,2022-10-22,onion
Onion,Vegetables,36.5,26.1,23.0,7.0,Delhi,2022-10-23,onion
Onion,Vegetables,38.1,28.4,25.6,10.1,Delhi,2022-10-24,onion
Onion,Vegetables,38.7,39.5,36.2,7.5,Delhi,2022-10-25,onion
Onion,Vegetables,37.0,25.7,20.3,7.7,Delhi,2022-10-26,onion
Onion,Vegetables,36.5,27.7,24.5,5.7,Delhi,2022-10-27,onion
Onion,Vegetables,36.5,31.4,26.1,13.1,Delhi,2022-10-28,onion
Onion,Vegetables,38.0,33.4,29.5,8.2,Delhi,2022-10-29,onion
Onion,Vegetables,36.0,35.1,32.1,8.1,Delhi,2022-10-30,onion
Onion,Vegetables,38.0,32.6,26.6,13.9,Delhi,2022-10-31,onion
Onion,Vegetables,34.0,31.9,28.6,11.0,Delhi,2022-11-01,onion
Onion,Vegetables,36.5,33.4,28.9,7.8,Delhi,2022-11-02,onion
Onion,Vegetables,35.0,30.6,26.1,7.9,Delhi,2022-11-03,onion
Onion,Vegetables,38.1,28.6,25.5,10.1,Delhi,2022-11-04,onion
Onion,Vegetables,39.1,46.7,35.7,16.5,Delhi,2022-11-05,onion
Onion,Vegetables,35.8,35.2,29.8,12.1,Delhi,2022-11-06,onion
Onion,Vegetables,35.2,29.2,25.0,6.7,Delhi,2022-11-07,onion
Onion,Vegetables,35.4,30.9,26.6,7.8,Delhi,2022-11-08,onion
Onion,Vegetables,33.8,37.5,32.6,8.3,Delhi,2022-11-09,onion
Onion,Vegetables,35.2,37.3,28.5,14.0,Delhi,2022-11-10,onion
Onion,Vegetables,34.1,27.7,25.9,5.3,Delhi,2022-11-11,onion
Onion,Vegetables,34.3,43.8,35.6,13.1,Delhi,2022-11-12,onion
Onion,Vegetables,38.3,26.5,21.9,9.2,Delhi,2022-11-13,onion
Onion,Vegetables,33.4,37.9,30.2,15.5,Delhi,2022-11-14,onion
Onion,Vegetables,36.2,34.2,26.0,15.8,Delhi,2022-11-15,onion
Onion,Vegetables,39.0,29.0,26.8,9.6,Delhi,2022-11-16,onion
Onion,Vegetables,33.3,37.7,29.0,15.2,Delhi,2022-11-17,onion
Onion,Vegetables,38.9,22.9,17.5,10.3,Delhi,2022-11-18,onion
Onion,Vegetables,38.7,33.6,31.7,9.4,Delhi,2022-11-19,onion
Onion,Vegetables,40.0,31.1,28.9,7.4,Delhi,2022-11-20,onion
Onion,Vegetables,35.5,28.3,26.0,5.4,Delhi,2022-11-21,onion
Onion,Vegetables,37.3,22.1,20.9,6.8,Delhi,2022-11-22,onion
Onion,Vegetables,35.4,37.1,29.4,10.4,Delhi,2022-11-23,onion
Onion,Vegetables,35.0,43.6,32.3,15.9,Delhi,2022-11-24,onion
Onion,Vegetables,35.7,26.9,23.2,6.9,Delhi,2022-11-25,onion
Onion,Vegetables,33.4,40.9,34.8,12.8,Delhi,2022-11-26,onion
Onion,Vegetables,40.0,33.8,26.4,12.4,Delhi,2022-11-27,onion
Onion,Vegetables,35.8,36.8,33.3,10.3,Delhi,2022-11-28,onion
Onion,Vegetables,36.7,39.1,33.0,8.6,Delhi,2022-11-29,onion
Onion,Vegetables,36.8,34.1,26.0,15.2,Delhi,2022-11-30,onion
Onion,Vegetables,37.3,39.2,30.7,14.2,Delhi,2022-12-01,onion
Onion,Vegetables,37.3,36.7,30.9,10.5,Delhi,2022-12-02,onion
Onion,Vegetables,39.4,47.0,36.1,17.5,Delhi,2022-12-03,onion
Onion,Vegetables,33.4,35.7,32.6,7.0,Delhi,2022-12-04,onion
Onion,Vegetables,39.2,33.6,29.9,11.6,Delhi,2022-12-05,onion
Onion,Vegetables,36.6,35.0,26.3,13.3,Delhi,2022-12-06,onion
Onion,Vegetables,35.5,35.6,31.0,10.6,Delhi,2022-12-07,onion
Onion,Vegetables,36.5,35.7,26.8,11.9,Delhi,2022-12-08,onion
Onion,Vegetables,36.2,33.5,28.6,7.3,Delhi,2022-12-09,onion
Onion,Vegetables,39.2,32.7,28.1,9.6,Delhi,2022-12-10,onion
Onion,Vegetables,36.1,40.9,31.6,13.3,Delhi,2022-12-11,onion
Onion,Vegetables,38.3,29.2,27.3,7.0,Delhi,2022-12-12,onion
Onion,Vegetables,39.7,24.6,22.8,9.0,Delhi,2022-12-13,onion
Onion,Vegetables,34.8,36.1,26.9,12.7,Delhi,2022-12-14,onion
Onion,Vegetables,36.6,30.7,25.4,11.3,Delhi,2022-12-15,onion
Onion,Vegetables,38.5,32.6,27.0,12.5,Delhi,2022-12-16,onion
Onion,Vegetables,38.5,33.4,30.6,5.6,Delhi,2022-12-17,onion
Onion,Vegetables,38.2,33.1,27.4,11.3,Delhi,2022-12-18,onion
Onion,Vegetables,38.4,30.8,25.0,8.4,Delhi,2022-12-19,onion
Onion,Vegetables,39.1,25.4,22.0,9.4,Delhi,2022-12-20,onion
Onion,Vegetables,40.3,24.5,22.0,4.9,Delhi,2022-12-21,onion
Onion,Vegetables,38.6,30.5,26.8,6.7,Delhi,2022-12-22,onion
Onion,Vegetables,38.3,35.4,30.1,9.3,Delhi,2022-12-23,onion
Onion,Vegetables,36.6,30.2,26.4,11.0,Delhi,2022-12-24,onion
Onion,Vegetables,33.6,37.0,33.6,9.9,Delhi,2022-12-25,onion
Onion,Vegetables,35.7,30.1,26.7,7.6,Delhi,2022-12-26,onion
Onion,Vegetables,34.7,39.8,30.4,13.6,Delhi,2022-12-27,onion
Onion,Vegetables,35.4,28.5,22.2,8.4,Delhi,2022-12-28,onion
Onion,Vegetables,35.3,39.2,35.7,8.1,Delhi,2022-12-29,onion
Onion,Vegetables,37.2,29.0,24.1,10.3,Delhi,2022-12-30,onion
Onion,Vegetables,37.9,32.0,30.0,9.2,Delhi,2022-12-31,onion
Onion,Vegetables,38.0,40.6,31.7,16.5,Delhi,2023-01-01,onion
Onion,Vegetables,38.5,34.6,30.7,11.6,Delhi,2023-01-02,onion
Onion,Vegetables,37.0,35.7,32.0,7.0,Delhi,2023-01-03,onion
Onion,Vegetables,39.0,36.8,31.3,12.3,Delhi,2023-01-04,onion
Onion,Vegetables,39.1,34.3,26.2,13.6,Delhi,2023-01-05,onion
Onion,Vegetables,38.2,31.2,25.8,7.5,Delhi,2023-01-06,onion
Onion,Vegetables,36.5,34.4,31.8,5.3,Delhi,2023-01-07,onion
Onion,Vegetables,39.4,43.5,37.1,10.9,Delhi,2023-01-08,onion
Onion,Vegetables,35.3,38.6,32.7,11.4,Delhi,2023-01-09,onion
Onion,Vegetables,34.5,33.1,28.4,11.6,Delhi,2023-01-10,onion
Onion,Vegetables,39.0,24.7,21.5,7.9,Delhi,2023-01-11,onion
Onion,Vegetables,40.2,28.6,25.2,5.9,Delhi,2023-01-12,onion
Onion,Vegetables,38.0,33.6,29.3,9.5,Delhi,2023-01-13,onion
Onion,Vegetables,38.7,33.9,30.2,10.8,Delhi,2023-01-14,onion
Onion,Vegetables,35.9,47.7,36.8,13.8,Delhi,2023-01-15,onion
Onion,Vegetables,39.7,27.6,22.8,12.0,Delhi,2023-01-16,onion
Onion,Vegetables,35.9,30.7,27.8,8.4,Delhi,2023-01-17,onion
Onion,Vegetables,39.1,34.0,27.0,13.3,Delhi,2023-01-18,onion
Onion,Vegetables,37.7,30.9,27.1,10.2,Delhi,2023-01-19,onion
Onion,Vegetables,37.3,30.3,27.4,8.7,Delhi,2023-01-20,onion
Onion,Vegetables,34.2,51.3,38.3,19.2,Delhi,2023-01-21,onion
Onion,Vegetables,38.6,35.2,29.6,11.5,Delhi,2023-01-22,onion
Onion,Vegetables,34.8,36.9,29.4,14.4,Delhi,2023-01-23,onion
Onion,Vegetables,35.1,30.7,29.2,5.0,Delhi,2023-01-24,onion
Onion,Vegetables,36.0,34.2,27.3,14.9,Delhi,2023-01-25,onion
Onion,Vegetables,35.8,34.7,27.6,10.1,Delhi,2023-01-26,onion
Onion,Vegetables,36.4,38.7,29.5,13.1,Delhi,2023-01-27,onion
Onion,Vegetables,33.9,25.7,23.0,10.1,Delhi,2023-01-28,onion
Onion,Vegetables,37.5,42.0,36.4,13.6,Delhi,2023-01-29,onion
Onion,Vegetables,34.1,30.4,27.1,8.3,Delhi,2023-01-30,onion
Onion,Vegetables,37.9,36.8,29.3,9.6,Delhi,2023-01-31,onion
Onion,Vegetables,35.2,38.5,30.8,11.3,Delhi,2023-02-01,onion
Onion,Vegetables,36.8,35.8,28.8,9.8,Delhi,2023-02-02,onion
Onion,Vegetables,37.0,25.7,20.8,10.7,Delhi,2023-02-03,onion
Onion,Vegetables,40.1,35.7,30.3,10.6,Delhi,2023-02-04,onion
Onion,Vegetables,34.3,34.6,31.6,6.0,Delhi,2023-02-05,onion
Onion,Vegetables,37.7,33.8,27.7,12.9,Delhi,2023-02-06,onion
Onion,Vegetables,36.5,30.2,23.7,8.5,Delhi,2023-02-07,onion
Onion,Vegetables,36.2,30.5,27.6,9.5,Delhi,2023-02-08,onion
Onion,Vegetables,38.0,31.0,24.8,12.3,Delhi,2023-02-09,onion
Onion,Vegetables,33.1,34.9,30.5,6.9,Delhi,2023-02-10,onion
Onion,Vegetables,38.0,31.9,29.7,7.1,Delhi,2023-02-11,onion
Onion,Vegetables,33.4,39.9,30.6,11.5,Delhi,2023-02-12,onion
Onion,Vegetables,33.6,41.0,31.1,12.4,Delhi,2023-02-13,onion
Onion,Vegetables,35.2,35.0,29.0,8.2,Delhi,2023-02-14,onion
Onion,Vegetables,36.9,46.3,34.9,15.0,Delhi,2023-02-15,onion
Onion,Vegetables,37.7,27.5,23.3,8.8,Delhi,2023-02-16,onion
Onion,Vegetables,37.8,30.0,25.5,11.2,Delhi,2023-02-17,onion
Onion,Vegetables,34.7,51.7,42.2,14.5,Delhi,2023-02-18,onion
Onion,Vegetables,37.8,43.0,34.7,11.4,Delhi,2023-02-19,onion
Onion,Vegetables,36.4,31.0,24.7,13.7,Delhi,2023-02-20,onion
Onion,Vegetables,34.0,29.7,25.3,10.7,Delhi,2023-02-21,onion
Onion,Vegetables,39.6,32.5,27.9,12.6,Delhi,2023-02-22,onion
Onion,Vegetables,34.1,39.7,31.9,14.7,Delhi,2023-02-23,onion
Onion,Vegetables,39.7,31.3,26.0,8.7,Delhi,2023-02-24,onion
Onion,Vegetables,38.1,45.7,38.0,14.6,Delhi,2023-02-25,onion
Onion,Vegetables,39.6,42.2,33.1,15.6,Delhi,2023-02-26,onion
Onion,Vegetables,37.3,36.3,29.2,14.1,Delhi,2023-02-27,onion
Onion,Vegetables,36.8,33.7,27.7,12.0,Delhi,2023-02-28,onion
Onion,Vegetables,38.4,23.1,20.6,7.0,Delhi,2023-03-01,onion
Onion,Vegetables,34.6,30.4,25.9,11.7,Delhi,2023-03-02,onion
Onion,Vegetables,40.2,27.3,23.2,9.7,Delhi,2023-03-03,onion
Onion,Vegetables,35.8,37.9,34.1,7.2,Delhi,2023-03-04,onion
Onion,Vegetables,36.5,39.5,30.1,16.1,Delhi,2023-03-05,onion
Onion,Vegetables,33.5,29.9,26.1,9.0,Delhi,2023-03-06,onion
Onion,Vegetables,33.6,29.7,25.4,7.9,Delhi,2023-03-07,onion
Onion,Vegetables,35.5,43.7,33.4,17.0,Delhi,2023-03-08,onion
Onion,Vegetables,39.9,32.7,29.0,9.7,Delhi,2023-03-09,onion
Onion,Vegetables,39.6,34.8,32.5,7.0,Delhi,2023-03-10,onion
Onion,Vegetables,34.2,46.6,35.5,13.5,Delhi,2023-03-11,onion
Onion,Vegetables,39.6,39.0,36.4,6.3,Delhi,2023-03-12,onion
Onion,Vegetables,34.2,33.1,27.7,12.1,Delhi,2023-03-13,onion
Onion,Vegetables,39.6,31.8,26.1,8.6,Delhi,2023-03-14,onion
Onion,Vegetables,33.7,42.3,34.2,13.6,Delhi,2023-03-15,onion
Onion,Vegetables,33.5,33.7,28.7,10.3,Delhi,2023-03-16,onion
Onion,Vegetables,37.4,34.8,27.6,11.0,Delhi,2023-03-17,onion
Onion,Vegetables,37.3,40.6,35.1,9.3,Delhi,2023-03-18,onion
Onion,Vegetables,36.1,28.3,25.1,8.9,Delhi,2023-03-19,onion
Onion,Vegetables,35.9,29.3,26.4,9.5,Delhi,2023-03-20,onion
Onion,Vegetables,38.3,31.5,27.8,10.9,Delhi,2023-03-21,onion
Onion,Vegetables,35.1,39.4,31.6,10.9,Delhi,2023-03-22,onion
Onion,Vegetables,37.7,33.4,28.0,13.4,Delhi,2023-03-23,onion
Onion,Vegetables,33.3,38.0,33.1,12.4,Delhi,2023-03-24,onion
Onion,Vegetables,37.7,46.7,40.7,8.4,Delhi,2023-03-25,onion
Onion,Vegetables,35.1,41.4,36.0,10.3,Delhi,2023-03-26,onion
Onion,Vegetables,36.0,25.8,23.3,6.6,Delhi,2023-03-27,onion
Onion,Vegetables,36.5,32.5,28.2,9.8,Delhi,2023-03-28,onion
Onion,Vegetables,35.4,32.3,29.1,11.0,Delhi,2023-03-29,onion
Onion,Vegetables,40.2,32.9,26.1,11.8,Delhi,2023-03-30,onion
Onion,Vegetables,38.8,30.7,28.4,4.3,Delhi,2023-03-31,onion
Onion,Vegetables,34.5,40.3,36.4,7.0,Delhi,2023-04-01,onion
Onion,Vegetables,36.8,44.2,39.8,7.0,Delhi,2023-04-02,onion
Onion,Vegetables,37.9,33.5,28.0,11.5,Delhi,2023-04-03,onion
Onion,Vegetables,35.9,38.3,30.8,9.7,Delhi,2023-04-04,onion
Onion,Vegetables,39.3,35.7,30.7,7.8,Delhi,2023-04-05,onion
Onion,Vegetables,38.6,32.9,25.6,11.9,Delhi,2023-04-06,onion
Onion,Vegetables,38.6,34.7,27.2,10.1,Delhi,2023-04-07,onion
Onion,Vegetables,37.5,37.9,35.2,8.2,Delhi,2023-04-08,onion
Onion,Vegetables,38.7,32.3,24.0,12.2,Delhi,2023-04-09,onion
Onion,Vegetables,34.2,33.2,28.3,12.4,Delhi,2023-04-10,onion
Onion,Vegetables,34.5,33.9,28.4,10.9,Delhi,2023-04-11,onion
Onion,Vegetables,34.4,35.0,30.7,10.1,Delhi,2023-04-12,onion
Onion,Vegetables,34.1,34.7,27.7,10.7,Delhi,2023-04-13,onion
Onion,Vegetables,34.8,36.1,28.1,15.5,Delhi,2023-04-14,onion
Onion,Vegetables,34.6,46.3,35.3,17.2,Delhi,2023-04-15,onion
Onion,Vegetables,37.3,36.2,32.1,6.9,Delhi,2023-04-16,onion
Onion,Vegetables,39.6,29.5,27.3,10.1,Delhi,2023-04-17,onion
Onion,Vegetables,33.9,43.9,33.0,14.8,Delhi,2023-04-18,onion
Onion,Vegetables,35.5,42.2,32.4,17.7,Delhi,2023-04-19,onion
Onion,Vegetables,33.3,30.9,24.4,13.1,Delhi,2023-04-20,onion
Onion,Vegetables,38.6,34.8,29.5,8.2,Delhi,2023-04-21,onion
Onion,Vegetables,37.3,28.6,26.3,9.1,Delhi,2023-04-22,onion
Onion,Vegetables,37.0,39.4,31.5,10.9,Delhi,2023-04-23,onion
Onion,Vegetables,33.2,33.9,25.5,11.6,Delhi,2023-04-24,onion
Onion,Vegetables,38.9,20.9,19.8,8.4,Delhi,2023-04-25,onion
Onion,Vegetables,37.4,36.1,33.7,5.6,Delhi,2023-04-26,onion
Onion,Vegetables,36.1,33.7,27.3,9.3,Delhi,2023-04-27,onion
Onion,Vegetables,35.9,40.7,30.7,13.0,Delhi,2023-04-28,onion
Onion,Vegetables,34.5,34.9,28.4,11.2,Delhi,2023-04-29,onion
Onion,Vegetables,38.3,39.3,33.7,9.3,Delhi,2023-04-30,onion
Onion,Vegetables,38.4,27.6,21.4,10.2,Delhi,2023-05-01,onion
Onion,Vegetables,37.6,33.1,29.2,6.9,Delhi,2023-05-02,onion
Onion,Vegetables,39.9,29.5,25.1,10.3,Delhi,2023-05-03,onion
Onion,Vegetables,38.9,33.9,29.2,12.2,Delhi,2023-05-04,onion
Onion,Vegetables,34.1,45.9,34.9,17.3,Delhi,2023-05-05,onion
Onion,Vegetables,37.2,34.5,29.2,12.0,Delhi,2023-05-06,onion
Onion,Vegetables,38.5,37.9,30.5,15.4,Delhi,2023-05-07,onion
Onion,Vegetables,40.1,27.1,22.8,11.4,Delhi,2023-05-08,onion
Onion,Vegetables,36.4,30.5,26.5,10.4,Delhi,2023-05-09,onion
Onion,Vegetables,37.8,37.0,27.6,13.1,Delhi,2023-05-10,onion
Onion,Vegetables,39.3,33.0,28.6,11.3,Delhi,2023-05-11,onion
Onion,Vegetables,39.8,42.1,31.5,14.9,Delhi,2023-05-12,onion
Onion,Vegetables,36.8,47.2,35.8,17.4,Delhi,2023-05-13,onion
Onion,Vegetables,39.4,39.3,37.3,6.0,Delhi,2023-05-14,onion
Onion,Vegetables,38.7,34.6,29.5,9.3,Delhi,2023-05-15,onion
Onion,Vegetables,40.0,26.8,22.5,9.4,Delhi,2023-05-16,onion
Onion,Vegetables,40.2,34.8,27.5,12.4,Delhi,2023-05-17,onion
Onion,Vegetables,36.2,33.2,28.7,9.3,Delhi,2023-05-18,onion
Onion,Vegetables,35.1,40.9,30.6,16.5,Delhi,2023-05-19,onion
Onion,Vegetables,35.9,37.4,31.3,10.9,Delhi,2023-05-20,onion
Onion,Vegetables,36.1,40.7,31.2,17.4,Delhi,2023-05-21,onion
Onion,Vegetables,35.7,37.2,31.4,9.1,Delhi,2023-05-22,onion
Onion,Vegetables,34.4,29.4,25.9,5.5,Delhi,2023-05-23,onion
Onion,Vegetables,39.9,26.7,24.3,6.3,Delhi,2023-05-24,onion
Onion,Vegetables,37.1,34.3,27.2,10.9,Delhi,2023-05-25,onion
Onion,Vegetables,40.0,33.3,29.0,8.6,Delhi,2023-05-26,onion
Onion,Vegetables,37.0,41.3,34.8,10.1,Delhi,2023-05-27,onion
Onion,Vegetables,40.3,39.4,29.9,15.0,Delhi,2023-05-28,onion
Onion,Vegetables,33.2,35.8,31.0,7.0,Delhi,2023-05-29,onion
Onion,Vegetables,33.8,33.2,28.5,7.6,Delhi,2023-05-30,onion
Onion,Vegetables,36.0,26.8,23.5,7.8,Delhi,2023-05-31,onion
Onion,Vegetables,34.4,31.3,26.8,11.9,Delhi,2023-06-01,onion
Onion,Vegetables,36.1,33.6,28.4,7.6,Delhi,2023-06-02,onion
Onion,Vegetables,37.5,37.3,31.9,10.9,Delhi,2023-06-03,onion
Onion,Vegetables,33.8,47.0,35.2,16.6,Delhi,2023-06-04,onion
Onion,Vegetables,33.9,28.6,24.8,10.0,Delhi,2023-06-05,onion
Onion,Vegetables,35.6,26.5,23.1,7.3,Delhi,2023-06-06,onion
Onion,Vegetables,38.7,30.0,22.7,12.2,Delhi,2023-06-07,onion
Onion,Vegetables,34.8,34.3,25.5,12.3,Delhi,2023-06-08,onion
Onion,Vegetables,38.6,29.9,25.5,11.6,Delhi,2023-06-09,onion
Onion,Vegetables,36.5,47.8,41.1,10.8,Delhi,2023-06-10,onion
Onion,Vegetables,35.1,31.6,29.5,7.3,Delhi,2023-06-11,onion
Onion,Vegetables,36.4,29.9,27.1,5.4,Delhi,2023-06-12,onion
Onion,Vegetables,34.2,29.8,26.9,9.4,Delhi,2023-06-13,onion
Onion,Vegetables,34.5,23.9,22.0,9.9,Delhi,2023-06-14,onion
Onion,Vegetables,36.3,30.6,23.5,11.4,Delhi,2023-06-15,onion
Onion,Vegetables,38.4,35.2,28.3,13.2,Delhi,2023-06-16,onion
Onion,Vegetables,35.6,36.1,33.6,4.9,Delhi,2023-06-17,onion
Onion,Vegetables,38.4,45.5,34.9,16.8,Delhi,2023-06-18,onion
Onion,Vegetables,35.1,32.7,29.5,7.5,Delhi,2023-06-19,onion
Onion,Vegetables,37.6,25.8,22.7,7.4,Delhi,2023-06-20,onion
Onion,Vegetables,35.7,44.7,34.8,15.9,Delhi,2023-06-21,onion
Onion,Vegetables,33.3,36.0,27.3,14.2,Delhi,2023-06-22,onion
Onion,Vegetables,39.7,35.5,26.8,12.9,Delhi,2023-06-23,onion
Onion,Vegetables,35.0,38.2,35.6,7.3,Delhi,2023-06-24,onion
Onion,Vegetables,38.1,41.2,32.4,16.2,Delhi,2023-06-25,onion
Onion,Vegetables,37.0,32.0,29.1,10.0,Delhi,2023-06-26,onion
Onion,Vegetables,37.3,32.2,30.1,5.1,Delhi,2023-06-27,onion
Onion,Vegetables,35.2,36.7,32.3,11.4,Delhi,2023-06-28,onion
Onion,Vegetables,37.4,32.7,26.9,9.3,Delhi,2023-06-29,onion
Onion,Vegetables,33.4,30.6,26.3,9.1,Delhi,2023-06-30,onion
Onion,Vegetables,39.6,37.9,31.8,11.9,Delhi,2023-07-01,onion
Onion,Vegetables,35.0,42.0,37.0,7.0,Delhi,2023-07-02,onion
Onion,Vegetables,33.7,33.9,30.4,6.2,Delhi,2023-07-03,onion
Onion,Vegetables,37.6,29.8,23.9,8.3,Delhi,2023-07-04,onion
Onion,Vegetables,38.7,29.9,22.2,9.8,Delhi,2023-07-05,onion
Onion,Vegetables,37.0,36.2,33.0,7.2,Delhi,2023-07-06,onion
Onion,Vegetables,34.1,33.9,25.2,14.6,Delhi,2023-07-07,onion
Onion,Vegetables,39.7,42.9,38.2,8.6,Delhi,2023-07-08,onion
Onion,Vegetables,35.7,41.9,31.4,12.8,Delhi,2023-07-09,onion
Onion,Vegetables,39.5,34.0,28.7,10.5,Delhi,2023-07-10,onion
Onion,Vegetables,40.3,35.8,28.5,14.2,Delhi,2023-07-11,onion
Onion,Vegetables,38.3,35.4,27.6,13.6,Delhi,2023-07-12,onion
Onion,Vegetables,38.4,37.4,33.0,10.2,Delhi,2023-07-13,onion
Onion,Vegetables,36.9,34.2,25.9,14.3,Delhi,2023-07-14,onion
Onion,Vegetables,37.4,38.1,35.7,9.8,Delhi,2023-07-15,onion
Onion,Vegetables,37.8,34.1,30.8,10.7,Delhi,2023-07-16,onion
Onion,Vegetables,35.5,35.3,26.4,15.4,Delhi,2023-07-17,onion
Onion,Vegetables,39.7,27.2,23.9,5.8,Delhi,2023-07-18,onion
Onion,Vegetables,37.2,40.8,33.6,11.6,Delhi,2023-07-19,onion
Onion,Vegetables,33.2,33.8,28.4,8.1,Delhi,2023-07-20,onion
Onion,Vegetables,39.8,32.1,26.3,12.2,Delhi,2023-07-21,onion
Onion,Vegetables,39.6,41.0,31.1,12.8,Delhi,2023-07-22,onion
Onion,Vegetables,40.3,40.0,32.6,13.5,Delhi,2023-07-23,onion
Onion,Vegetables,37.5,35.0,26.7,14.1,Delhi,2023-07-24,onion
Onion,Vegetables,39.2,31.2,25.9,11.3,Delhi,2023-07-25,onion
Onion,Vegetables,37.9,35.8,28.6,11.1,Delhi,2023-07-26,onion
Onion,Vegetables,40.1,34.0,28.6,10.1,Delhi,2023-07-27,onion
Onion,Vegetables,36.2,42.2,33.5,15.1,Delhi,2023-07-28,onion
Onion,Vegetables,36.8,36.2,33.5,9.8,Delhi,2023-07-29,onion
Onion,Vegetables,39.4,43.3,38.3,11.7,Delhi,2023-07-30,onion
Onion,Vegetables,36.8,28.9,26.9,8.7,Delhi,2023-07-31,onion
Onion,Vegetables,34.5,27.7,25.2,5.8,Delhi,2023-08-01,onion
Onion,Vegetables,34.7,35.1,32.2,9.2,Delhi,2023-08-02,onion
Onion,Vegetables,35.6,39.1,32.9,8.9,Delhi,2023-08-03,onion
Onion,Vegetables,38.2,37.9,32.2,8.0,Delhi,2023-08-04,onion
Onion,Vegetables,38.2,32.7,26.9,10.4,Delhi,2023-08-05,onion
Onion,Vegetables,34.6,32.8,27.8,7.3,Delhi,2023-08-06,onion
Onion,Vegetables,38.7,32.1,29.8,9.6,Delhi,2023-08-07,onion
Onion,Vegetables,39.4,28.4,26.5,7.2,Delhi,2023-08-08,onion
Onion,Vegetables,36.9,32.5,24.5,15.8,Delhi,2023-08-09,onion
Onion,Vegetables,35.0,30.1,24.8,10.5,Delhi,2023-08-10,onion
Onion,Vegetables,39.7,45.8,34.7,13.8,Delhi,2023-08-11,onion
Onion,Vegetables,35.6,45.1,36.4,16.7,Delhi,2023-08-12,onion
Onion,Vegetables,35.5,45.3,37.6,15.6,Delhi,2023-08-13,onion
Onion,Vegetables,38.1,27.1,24.1,7.3,Delhi,2023-08-14,onion
Onion,Vegetables,36.5,35.1,29.3,13.2,Delhi,2023-08-15,onion
Onion,Vegetables,33.9,33.8,26.6,15.0,Delhi,2023-08-16,onion
Onion,Vegetables,39.6,32.4,25.6,8.9,Delhi,2023-08-17,onion
Onion,Vegetables,35.6,32.7,29.4,8.1,Delhi,2023-08-18,onion
Onion,Vegetables,33.8,45.2,37.5,15.1,Delhi,2023-08-19,onion
Onion,Vegetables,33.4,38.4,28.5,12.3,Delhi,2023-08-20,onion
Onion,Vegetables,37.6,33.1,29.4,11.0,Delhi,2023-08-21,onion
Onion,Vegetables,34.0,31.2,24.2,11.1,Delhi,2023-08-22,onion
Onion,Vegetables,34.5,34.9,27.5,14.3,Delhi,2023-08-23,onion
Onion,Vegetables,36.4,41.0,32.9,14.1,Delhi,2023-08-24,onion
Onion,Vegetables,35.1,31.4,23.6,11.1,Delhi,2023-08-25,onion
Onion,Vegetables,35.8,44.8,34.5,17.2,Delhi,2023-08-26,onion
Onion,Vegetables,33.2,41.9,33.4,11.9,Delhi,2023-08-27,onion
Onion,Vegetables,40.1,40.4,34.9,10.7,Delhi,2023-08-28,onion
Onion,Vegetables,38.5,38.0,31.2,12.6,Delhi,2023-08-29,onion
Onion,Vegetables,36.5,31.6,29.7,4.5,Delhi,2023-08-30,onion
Onion,Vegetables,38.1,32.9,28.3,8.3,Delhi,2023-08-31,onion
Onion,Vegetables,34.4,26.6,22.1,12.3,Delhi,2023-09-01,onion
Onion,Vegetables,38.6,45.9,35.6,13.0,Delhi,2023-09-02,onion
Onion,Vegetables,35.5,32.0,26.4,8.7,Delhi,2023-09-03,onion
Onion,Vegetables,33.5,32.3,28.2,7.9,Delhi,2023-09-04,onion
Onion,Vegetables,38.3,26.0,21.3,7.1,Delhi,2023-09-05,onion
Onion,Vegetables,37.9,29.2,26.7,6.2,Delhi,2023-09-06,onion
Onion,Vegetables,35.2,34.8,30.3,8.2,Delhi,2023-09-07,onion
Onion,Vegetables,34.3,33.2,28.4,7.9,Delhi,2023-09-08,onion
Onion,Vegetables,34.1,31.6,30.0,8.4,Delhi,2023-09-09,onion
Onion,Vegetables,38.2,40.0,34.8,7.7,Delhi,2023-09-10,onion
Onion,Vegetables,35.7,34.5,29.9,9.9,Delhi,2023-09-11,onion
Onion,Vegetables,34.5,37.0,28.6,10.6,Delhi,2023-09-12,onion
Onion,Vegetables,38.1,39.0,31.8,13.5,Delhi,2023-09-13,onion
Onion,Vegetables,34.6,26.7,22.1,9.2,Delhi,2023-09-14,onion
Onion,Vegetables,35.2,40.6,30.4,13.9,Delhi,2023-09-15,onion
Onion,Vegetables,39.5,41.8,31.8,13.5,Delhi,2023-09-16,onion
Onion,Vegetables,37.4,38.0,32.7,11.2,Delhi,2023-09-17,onion
Onion,Vegetables,34.4,35.5,32.3,10.2,Delhi,2023-09-18,onion
Onion,Vegetables,33.4,31.9,26.7,10.5,Delhi,2023-09-19,onion
Onion,Vegetables,38.6,39.7,30.2,16.3,Delhi,2023-09-20,onion
Onion,Vegetables,37.2,30.6,28.9,5.2,Delhi,2023-09-21,onion
Onion,Vegetables,35.8,23.9,20.9,5.6,Delhi,2023-09-22,onion
Onion,Vegetables,33.5,35.2,31.0,9.0,Delhi,2023-09-23,onion
Onion,Vegetables,34.6,35.4,33.0,7.0,Delhi,2023-09-24,onion
Onion,Vegetables,36.3,24.7,22.7,6.4,Delhi,2023-09-25,onion
Onion,Vegetables,36.2,36.3,31.3,11.6,Delhi,2023-09-26,onion
Onion,Vegetables,39.2,30.8,26.2,8.5,Delhi,2023-09-27,onion
Onion,Vegetables,39.0,35.3,26.2,12.2,Delhi,2023-09-28,onion
Onion,Vegetables,38.6,36.7,32.5,6.8,Delhi,2023-09-29,onion
Onion,Vegetables,37.0,46.2,37.4,16.6,Delhi,2023-09-30,onion
Onion,Vegetables,38.0,38.2,32.9,8.3,Delhi,2023-10-01,onion
Onion,Vegetables,37.6,31.1,27.5,11.1,Delhi,2023-10-02,onion
Onion,Vegetables,36.2,27.5,23.7,9.5,Delhi,2023-10-03,onion
Onion,Vegetables,34.7,36.4,33.3,9.0,Delhi,2023-10-04,onion
Onion,Vegetables,33.2,26.7,23.9,9.8,Delhi,2023-10-05,onion
Onion,Vegetables,37.3,30.5,26.7,7.3,Delhi,2023-10-06,onion
Onion,Vegetables,34.7,45.4,40.3,9.1,Delhi,2023-10-07,onion
Onion,Vegetables,38.3,43.0,33.8,12.4,Delhi,2023-10-08,onion
Onion,Vegetables,35.9,32.2,29.3,7.2,Delhi,2023-10-09,onion
Onion,Vegetables,40.1,34.7,28.7,12.3,Delhi,2023-10-10,onion
Onion,Vegetables,33.8,33.1,30.0,7.4,Delhi,2023-10-11,onion
Onion,Vegetables,33.7,42.0,32.7,15.8,Delhi,2023-10-12,onion
Onion,Vegetables,36.6,23.2,21.9,5.5,Delhi,2023-10-13,onion
Onion,Vegetables,34.0,27.0,24.4,10.4,Delhi,2023-10-14,onion
Onion,Vegetables,35.0,43.9,37.4,11.7,Delhi,2023-10-15,onion
Onion,Vegetables,34.3,32.2,28.4,8.8,Delhi,2023-10-16,onion
Onion,Vegetables,35.7,36.0,27.8,10.9,Delhi,2023-10-17,onion
Onion,Vegetables,33.3,29.6,27.3,8.4,Delhi,2023-10-18,onion
Onion,Vegetables,38.8,31.8,28.2,7.8,Delhi,2023-10-19,onion
Onion,Vegetables,39.9,45.4,34.3,16.9,Delhi,2023-10-20,onion
Onion,Vegetables,37.3,39.0,30.1,12.2,Delhi,2023-10-21,onion
Onion,Vegetables,34.7,50.3,39.1,16.6,Delhi,2023-10-22,onion
Onion,Vegetables,37.1,28.1,24.3,9.2,Delhi,2023-10-23,onion
Onion,Vegetables,34.9,34.8,29.0,11.1,Delhi,2023-10-24,onion
Onion,Vegetables,39.9,34.6,25.7,12.0,Delhi,2023-10-25,onion
Onion,Vegetables,38.7,24.4,22.1,9.4,Delhi,2023-10-26,onion
Onion,Vegetables,36.6,40.0,31.6,11.0,Delhi,2023-10-27,onion
Onion,Vegetables,35.2,43.4,37.7,9.6,Delhi,2023-10-28,onion
Onion,Vegetables,38.0,30.5,27.3,5.8,Delhi,2023-10-29,onion
Onion,Vegetables,36.4,34.6,28.2,11.9,Delhi,2023-10-30,onion
Onion,Vegetables,40.0,38.1,30.1,10.4,Delhi,2023-10-31,onion
Onion,Vegetables,39.8,32.4,24.4,12.4,Delhi,2023-11-01,onion
Onion,Vegetables,36.1,36.0,27.9,10.3,Delhi,2023-11-02,onion
Onion,Vegetables,34.9,35.4,32.9,7.2,Delhi,2023-11-03,onion
Onion,Vegetables,39.3,40.5,34.9,8.0,Delhi,2023-11-04,onion
Onion,Vegetables,38.6,51.8,42.4,17.0,Delhi,2023-11-05,onion
Onion,Vegetables,36.2,31.8,29.1,6.2,Delhi,2023-11-06,onion
Onion,Vegetables,36.6,33.3,27.6,11.0,Delhi,2023-11-07,onion
Onion,Vegetables,34.6,32.8,29.1,7.5,Delhi,2023-11-08,onion
Onion,Vegetables,39.5,33.1,28.4,10.0,Delhi,2023-11-09,onion
Onion,Vegetables,34.0,33.5,26.9,10.3,Delhi,2023-11-10,onion
Onion,Vegetables,40.0,28.9,25.9,9.7,Delhi,2023-11-11,onion
Onion,Vegetables,35.7,36.2,33.0,9.4,Delhi,2023-11-12,onion
Onion,Vegetables,39.1,26.4,22.6,8.2,Delhi,2023-11-13,onion
Onion,Vegetables,34.6,27.1,24.7,6.3,Delhi,2023-11-14,onion
Onion,Vegetables,39.7,26.5,23.1,7.0,Delhi,2023-11-15,onion
Onion,Vegetables,35.9,38.7,30.2,16.2,Delhi,2023-11-16,onion
Onion,Vegetables,39.5,26.4,24.5,6.6,Delhi,2023-11-17,onion
Onion,Vegetables,38.2,37.2,31.7,10.2,Delhi,2023-11-18,onion
Onion,Vegetables,35.8,32.2,24.0,15.0,Delhi,2023-11-19,onion
Onion,Vegetables,38.4,32.8,30.4,5.3,Delhi,2023-11-20,onion
Onion,Vegetables,40.0,31.8,26.1,8.7,Delhi,2023-11-21,onion
Onion,Vegetables,40.0,28.5,24.3,9.7,Delhi,2023-11-22,onion
Onion,Vegetables,40.3,31.8,23.8,15.5,Delhi,2023-11-23,onion
Onion,Vegetables,33.8,35.0,30.4,7.9,Delhi,2023-11-24,onion
Onion,Vegetables,38.5,36.1,33.5,10.2,Delhi,2023-11-25,onion
Onion,Vegetables,34.2,47.3,35.1,18.9,Delhi,2023-11-26,onion
Onion,Vegetables,39.2,36.2,27.0,16.8,Delhi,2023-11-27,onion
Onion,Vegetables,37.6,35.5,29.5,13.3,Delhi,2023-11-28,onion
Onion,Vegetables,38.4,42.2,32.3,12.5,Delhi,2023-11-29,onion
Onion,Vegetables,37.3,34.7,28.1,13.7,Delhi,2023-11-30,onion
Onion,Vegetables,33.3,23.9,21.7,9.7,Delhi,2023-12-01,onion
Onion,Vegetables,40.1,32.6,31.0,8.1,Delhi,2023-12-02,onion
Onion,Vegetables,38.0,37.4,30.7,12.8,Delhi,2023-12-03,onion
Onion,Vegetables,37.0,38.9,30.3,15.7,Delhi,2023-12-04,onion
Onion,Vegetables,40.0,31.0,24.3,9.0,Delhi,2023-12-05,onion
Onion,Vegetables,33.3,35.0,26.1,12.8,Delhi,2023-12-06,onion
Onion,Vegetables,33.5,36.6,27.4,14.9,Delhi,2023-12-07,onion
Onion,Vegetables,33.4,36.0,27.9,13.7,Delhi,2023-12-08,onion
Onion,Vegetables,34.4,44.3,34.7,14.3,Delhi,2023-12-09,onion
Onion,Vegetables,37.7,35.8,30.9,12.9,Delhi,2023-12-10,onion
Onion,Vegetables,36.8,36.2,29.7,10.2,Delhi,2023-12-11,onion
Onion,Vegetables,36.1,24.9,22.2,8.3,Delhi,2023-12-12,onion
Onion,Vegetables,34.4,34.8,28.6,12.4,Delhi,2023-12-13,onion
Onion,Vegetables,34.5,34.9,25.9,16.9,Delhi,2023-12-14,onion
Onion,Vegetables,38.9,36.2,31.4,12.4,Delhi,2023-12-15,onion
Onion,Vegetables,40.3,42.3,40.2,4.4,Delhi,2023-12-16,onion
Onion,Vegetables,36.7,36.9,29.9,10.9,Delhi,2023-12-17,onion
Onion,Vegetables,33.8,34.0,27.3,12.6,Delhi,2023-12-18,onion
Onion,Vegetables,37.1,35.6,32.3,9.0,Delhi,2023-12-19,onion
Onion,Vegetables,35.4,30.3,26.6,8.3,Delhi,2023-12-20,onion
Onion,Vegetables,38.4,36.6,28.9,11.7,Delhi,2023-12-21,onion
Onion,Vegetables,36.8,33.6,30.3,10.2,Delhi,2023-12-22,onion
Onion,Vegetables,39.9,38.9,28.9,17.1,Delhi,2023-12-23,onion
Onion,Vegetables,34.7,33.2,30.2,5.3,Delhi,2023-12-24,onion
Onion,Vegetables,37.7,32.5,26.9,13.1,Delhi,2023-12-25,onion
Onion,Vegetables,36.5,31.0,23.9,14.7,Delhi,2023-12-26,onion
Onion,Vegetables,36.2,36.1,33.6,5.5,Delhi,2023-12-27,onion
Onion,Vegetables,38.3,39.4,30.9,14.7,Delhi,2023-12-28,onion
Onion,Vegetables,39.0,31.9,25.0,12.7,Delhi,2023-12-29,onion
Onion,Vegetables,33.2,59.5,44.5,20.9,Delhi,2023-12-30,onion
Onion,Vegetables,37.3,41.5,34.2,9.9,Delhi,2023-12-31,onion
Onion,Vegetables,34.5,41.4,33.5,12.5,Mumbai,2022-01-01,onion
Onion,Vegetables,35.5,21.5,20.2,3.5,Mumbai,2022-01-02,onion
Onion,Vegetables,34.4,23.4,21.1,9.2,Mumbai,2022-01-03,onion
Onion,Vegetables,38.0,26.5,23.0,10.3,Mumbai,2022-01-04,onion
Onion,Vegetables,40.2,33.0,24.5,11.3,Mumbai,2022-01-05,onion
Onion,Vegetables,33.7,29.3,24.3,9.8,Mumbai,2022-01-06,onion
Onion,Vegetables,33.7,34.4,26.5,14.1,Mumbai,2022-01-07,onion
Onion,Vegetables,39.7,29.2,25.4,7.7,Mumbai,2022-01-08,onion
Onion,Vegetables,36.5,38.3,36.4,7.7,Mumbai,2022-01-09,onion
Onion,Vegetables,39.5,28.9,26.7,9.7,Mumbai,2022-01-10,onion
Onion,Vegetables,39.0,35.6,27.6,10.7,Mumbai,2022-01-11,onion
Onion,Vegetables,39.1,32.4,26.7,12.6,Mumbai,2022-01-12,onion
Onion,Vegetables,37.6,40.3,32.5,14.4,Mumbai,2022-01-13,onion
Onion,Vegetables,39.1,27.4,21.9,13.4,Mumbai,2022-01-14,onion
Onion,Vegetables,38.7,35.6,31.1,8.7,Mumbai,2022-01-15,onion
Onion,Vegetables,36.3,47.2,35.3,14.3,Mumbai,2022-01-16,onion
Onion,Vegetables,36.7,30.8,29.1,6.4,Mumbai,2022-01-17,onion
Onion,Vegetables,36.0,28.7,26.6,6.4,Mumbai,2022-01-18,onion
Onion,Vegetables,38.9,34.2,26.7,11.6,Mumbai,2022-01-19,onion
Onion,Vegetables,36.6,29.8,26.9,9.2,Mumbai,2022-01-20,onion
Onion,Vegetables,34.4,35.2,29.0,13.8,Mumbai,2022-01-21,onion
Onion,Vegetables,38.7,46.7,36.7,17.1,Mumbai,2022-01-22,onion
Onion,Vegetables,33.8,34.3,30.2,6.2,Mumbai,2022-01-23,onion
Onion,Vegetables,39.6,37.5,29.5,10.8,Mumbai,2022-01-24,onion
Onion,Vegetables,35.5,30.3,24.7,10.4,Mumbai,2022-01-25,onion
Onion,Vegetables,37.8,21.3,16.2,9.5,Mumbai,2022-01-26,onion
Onion,Vegetables,39.4,28.8,25.7,6.3,Mumbai,2022-01-27,onion
Onion,Vegetables,40.2,30.2,25.9,10.2,Mumbai,2022-01-28,onion
Onion,Vegetables,38.1,31.3,26.5,9.6,Mumbai,2022-01-29,onion
Onion,Vegetables,40.0,37.3,30.6,14.5,Mumbai,2022-01-30,onion
Onion,Vegetables,37.3,34.1,26.5,12.1,Mumbai,2022-01-31,onion
Onion,Vegetables,33.8,27.2,25.2,5.4,Mumbai,2022-02-01,onion
Onion,Vegetables,37.2,35.8,28.1,13.6,Mumbai,2022-02-02,onion
Onion,Vegetables,36.9,35.7,32.0,11.0,Mumbai,2022-02-03,onion
Onion,Vegetables,35.1,27.4,25.4,7.0,Mumbai,2022-02-04,onion
Onion,Vegetables,35.5,36.0,29.8,10.9,Mumbai,2022-02-05,onion
Onion,Vegetables,36.9,43.9,36.3,10.9,Mumbai,2022-02-06,onion
Onion,Vegetables,39.6,27.2,25.1,8.5,Mumbai,2022-02-07,onion
Onion,Vegetables,38.0,35.2,31.1,9.3,Mumbai,2022-02-08,onion
Onion,Vegetables,40.1,29.7,24.1,9.4,Mumbai,2022-02-09,onion
Onion,Vegetables,36.4,34.3,25.9,15.6,Mumbai,2022-02-10,onion
Onion,Vegetables,34.2,45.1,35.1,17.7,Mumbai,2022-02-11,onion
Onion,Vegetables,35.4,30.6,27.1,6.5,Mumbai,2022-02-12,onion
Onion,Vegetables,36.8,34.1,26.9,12.5,Mumbai,2022-02-13,onion
Onion,Vegetables,33.4,24.4,21.8,6.4,Mumbai,2022-02-14,onion
Onion,Vegetables,37.8,31.4,24.5,10.9,Mumbai,2022-02-15,onion
Onion,Vegetables,35.6,31.7,23.9,14.0,Mumbai,2022-02-16,onion
Onion,Vegetables,36.2,29.7,27.3,9.5,Mumbai,2022-02-17,onion
Onion,Vegetables,36.6,36.4,30.4,9.8,Mumbai,2022-02-18,onion
Onion,Vegetables,34.6,31.7,27.8,10.4,Mumbai,2022-02-19,onion
Onion,Vegetables,34.4,35.3,27.6,10.9,Mumbai,2022-02-20,onion
Onion,Vegetables,35.1,40.5,34.6,8.9,Mumbai,2022-02-21,onion
Onion,Vegetables,36.4,34.9,28.4,8.9,Mumbai,2022-02-22,onion
Onion,Vegetables,36.4,36.5,27.8,15.9,Mumbai,2022-02-23,onion
Onion,Vegetables,40.0,27.0,24.5,10.3,Mumbai,2022-02-24,onion
Onion,Vegetables,39.9,30.9,28.2,6.2,Mumbai,2022-02-25,onion
Onion,Vegetables,39.5,43.4,37.1,12.7,Mumbai,2022-02-26,onion
Onion,Vegetables,36.0,42.1,31.9,14.2,Mumbai,2022-02-27,onion
Onion,Vegetables,36.9,39.9,34.9,10.9,Mumbai,2022-02-28,onion
Onion,Vegetables,34.1,39.1,29.7,12.3,Mumbai,2022-03-01,onion
Onion,Vegetables,39.2,27.1,23.6,11.3,Mumbai,2022-03-02,onion
Onion,Vegetables,34.5,41.7,32.9,11.9,Mumbai,2022-03-03,onion
Onion,Vegetables,39.6,36.1,27.5,13.9,Mumbai,2022-03-04,onion
Onion,Vegetables,34.2,38.1,34.1,7.2,Mumbai,2022-03-05,onion
Onion,Vegetables,34.7,40.2,38.0,5.6,Mumbai,2022-03-06,onion
Onion,Vegetables,37.4,35.8,27.3,12.3,Mumbai,2022-03-07,onion
Onion,Vegetables,35.9,29.1,23.1,11.9,Mumbai,2022-03-08,onion
Onion,Vegetables,39.2,32.1,24.2,15.3,Mumbai,2022-03-09,onion
Onion,Vegetables,37.0,31.8,25.9,13.4,Mumbai,2022-03-10,onion
Onion,Vegetables,36.9,34.1,25.6,12.1,Mumbai,2022-03-11,onion
Onion,Vegetables,33.7,41.7,35.2,9.1,Mumbai,2022-03-12,onion
Onion,Vegetables,33.4,37.4,35.0,7.0,Mumbai,2022-03-13,onion
Onion,Vegetables,34.8,29.9,25.2,10.4,Mumbai,2022-03-14,onion
Onion,Vegetables,38.0,20.3,17.4,6.9,Mumbai,2022-03-15,onion
Onion,Vegetables,35.8,30.4,27.4,6.7,Mumbai,2022-03-16,onion
Onion,Vegetables,38.3,34.6,25.7,16.4,Mumbai,2022-03-17,onion
Onion,Vegetables,39.0,32.6,26.5,9.9,Mumbai,2022-03-18,onion
Onion,Vegetables,33.1,47.3,40.9,10.8,Mumbai,2022-03-19,onion
Onion,Vegetables,38.4,43.5,33.7,12.0,Mumbai,2022-03-20,onion
Onion,Vegetables,37.4,31.5,27.2,6.5,Mumbai,2022-03-21,onion
Onion,Vegetables,36.9,30.2,22.7,13.2,Mumbai,2022-03-22,onion
Onion,Vegetables,34.4,38.4,30.3,13.1,Mumbai,2022-03-23,onion
Onion,Vegetables,36.5,32.7,27.3,12.1,Mumbai,2022-03-24,onion
Onion,Vegetables,37.9,29.4,28.0,8.1,Mumbai,2022-03-25,onion
Onion,Vegetables,39.9,39.7,34.3,9.5,Mumbai,2022-03-26,onion
Onion,Vegetables,35.4,44.2,34.8,17.1,Mumbai,2022-03-27,onion
Onion,Vegetables,39.5,38.0,28.2,13.6,Mumbai,2022-03-28,onion
Onion,Vegetables,37.7,31.9,24.1,15.2,Mumbai,2022-03-29,onion
Onion,Vegetables,35.4,38.8,29.1,14.7,Mumbai,2022-03-30,onion
Onion,Vegetables,36.4,33.4,25.5,12.4,Mumbai,2022-03-31,onion
Onion,Vegetables,38.0,24.7,22.3,4.9,Mumbai,2022-04-01,onion
Onion,Vegetables,39.5,29.2,26.4,5.2,Mumbai,2022-04-02,onion
Onion,Vegetables,37.3,49.2,41.3,10.8,Mumbai,2022-04-03,onion
Onion,Vegetables,33.3,36.3,34.1,9.9,Mumbai,2022-04-04,onion
Onion,Vegetables,36.9,28.3,22.7,9.9,Mumbai,2022-04-05,onion
Onion,Vegetables,38.9,24.4,21.6,7.0,Mumbai,2022-04-06,onion
Onion,Vegetables,39.9,34.2,29.5,9.5,Mumbai,2022-04-07,onion
Onion,Vegetables,33.4,27.1,24.6,5.1,Mumbai,2022-04-08,onion
Onion,Vegetables,39.2,38.8,32.3,12.4,Mumbai,2022-04-09,onion
Onion,Vegetables,38.4,37.5,29.1,11.3,Mumbai,2022-04-10,onion
Onion,Vegetables,33.4,38.4,28.6,15.0,Mumbai,2022-04-11,onion
Onion,Vegetables,36.8,38.5,31.1,10.4,Mumbai,2022-04-12,onion
Onion,Vegetables,34.9,31.5,28.1,8.5,Mumbai,2022-04-13,onion
Onion,Vegetables,37.7,29.3,27.9,6.1,Mumbai,2022-04-14,onion
Onion,Vegetables,36.0,37.3,28.2,16.2,Mumbai,2022-04-15,onion
Onion,Vegetables,38.8,42.2,32.3,12.9,Mumbai,2022-04-16,onion
Onion,Vegetables,35.6,44.1,35.3,12.0,Mumbai,2022-04-17,onion
Onion,Vegetables,39.9,35.3,27.6,14.0,Mumbai,2022-04-18,onion
Onion,Vegetables,38.6,35.8,30.4,12.8,Mumbai,2022-04-19,onion
Onion,Vegetables,37.1,31.2,25.2,9.4,Mumbai,2022-04-20,onion
Onion,Vegetables,33.5,39.3,30.3,12.2,Mumbai,2022-04-21,onion
Onion,Vegetables,37.0,41.2,33.4,10.2,Mumbai,2022-04-22,onion
Onion,Vegetables,38.4,33.2,28.5,7.3,Mumbai,2022-04-23,onion
Onion,Vegetables,39.5,36.4,30.7,8.5,Mumbai,2022-04-24,onion
Onion,Vegetables,34.9,33.4,31.4,4.4,Mumbai,2022-04-25,onion
Onion,Vegetables,39.7,33.6,29.2,7.6,Mumbai,2022-04-26,onion
Onion,Vegetables,34.0,41.0,34.0,9.1,Mumbai,2022-04-27,onion
Onion,Vegetables,36.6,31.3,27.4,10.0,Mumbai,2022-04-28,onion
Onion,Vegetables,36.9,34.7,28.0,11.8,Mumbai,2022-04-29,onion
Onion,Vegetables,35.4,43.4,35.0,12.4,Mumbai,2022-04-30,onion
Onion,Vegetables,38.3,36.4,29.7,12.5,Mumbai,2022-05-01,onion
Onion,Vegetables,37.9,29.2,23.2,9.9,Mumbai,2022-05-02,onion
Onion,Vegetables,39.5,31.2,27.6,6.8,Mumbai,2022-05-03,onion
Onion,Vegetables,36.6,32.3,26.1,11.9,Mumbai,2022-05-04,onion
Onion,Vegetables,37.1,37.0,30.3,9.1,Mumbai,2022-05-05,onion
Onion,Vegetables,33.5,33.7,26.1,12.9,Mumbai,2022-05-06,onion
Onion,Vegetables,37.2,43.9,34.7,16.8,Mumbai,2022-05-07,onion
Onion,Vegetables,33.8,40.6,33.1,13.3,Mumbai,2022-05-08,onion
Onion,Vegetables,34.0,33.2,24.7,13.8,Mumbai,2022-05-09,onion
Onion,Vegetables,35.4,32.6,26.1,12.5,Mumbai,2022-05-10,onion
Onion,Vegetables,35.6,42.7,33.8,11.9,Mumbai,2022-05-11,onion
Onion,Vegetables,39.4,30.6,23.6,13.5,Mumbai,2022-05-12,onion
Onion,Vegetables,34.7,29.8,27.6,9.8,Mumbai,2022-05-13,onion
Onion,Vegetables,39.3,33.3,30.9,8.5,Mumbai,2022-05-14,onion
Onion,Vegetables,34.9,36.7,32.0,10.9,Mumbai,2022-05-15,onion
Onion,Vegetables,34.8,33.7,28.2,12.8,Mumbai,2022-05-16,onion
Onion,Vegetables,33.3,32.9,27.1,9.2,Mumbai,2022-05-17,onion
Onion,Vegetables,37.3,40.5,31.9,11.8,Mumbai,2022-05-18,onion
Onion,Vegetables,35.6,24.6,21.6,7.7,Mumbai,2022-05-19,onion
Onion,Vegetables,35.2,38.2,33.5,10.4,Mumbai,2022-05-20,onion
Onion,Vegetables,36.6,48.7,36.5,15.1,Mumbai,2022-05-21,onion
Onion,Vegetables,37.6,42.1,34.4,14.9,Mumbai,2022-05-22,onion
Onion,Vegetables,39.6,31.9,28.7,6.9,Mumbai,2022-05-23,onion
Onion,Vegetables,37.5,35.3,32.3,6.1,Mumbai,2022-05-24,onion
Onion,Vegetables,39.7,24.4,18.4,8.0,Mumbai,2022-05-25,onion
Onion,Vegetables,39.2,35.8,31.4,10.2,Mumbai,2022-05-26,onion
Onion,Vegetables,35.4,36.3,32.9,9.4,Mumbai,2022-05-27,onion
Onion,Vegetables,39.6,42.5,32.2,17.7,Mumbai,2022-05-28,onion
Onion,Vegetables,36.9,37.4,31.5,9.6,Mumbai,2022-05-29,onion
Onion,Vegetables,35.2,35.4,33.4,7.2,Mumbai,2022-05-30,onion
Onion,Vegetables,35.3,31.7,27.5,11.6,Mumbai,2022-05-31,onion
Onion,Vegetables,36.8,33.1,27.2,8.2,Mumbai,2022-06-01,onion
Onion,Vegetables,36.9,33.2,24.7,16.0,Mumbai,2022-06-02,onion
Onion,Vegetables,40.3,32.7,28.2,11.4,Mumbai,2022-06-03,onion
Onion,Vegetables,35.5,35.6,32.9,9.5,Mumbai,2022-06-04,onion
Onion,Vegetables,37.9,38.7,32.1,13.2,Mumbai,2022-06-05,onion
Onion,Vegetables,39.2,35.2,29.6,10.5,Mumbai,2022-06-06,onion
Onion,Vegetables,39.9,33.7,26.5,12.5,Mumbai,2022-06-07,onion
Onion,Vegetables,35.7,35.1,29.3,11.5,Mumbai,2022-06-08,onion
Onion,Vegetables,37.0,31.8,27.2,10.6,Mumbai,2022-06-09,onion
Onion,Vegetables,38.6,33.4,31.1,7.6,Mumbai,2022-06-10,onion
Onion,Vegetables,38.5,31.1,25.4,13.0,Mumbai,2022-06-11,onion
Onion,Vegetables,35.2,37.5,29.8,12.4,Mumbai,2022-06-12,onion
Onion,Vegetables,36.9,30.2,27.7,10.5,Mumbai,2022-06-13,onion
Onion,Vegetables,38.7,39.2,31.7,15.3,Mumbai,2022-06-14,onion
Onion,Vegetables,38.7,24.1,20.9,11.1,Mumbai,2022-06-15,onion
Onion,Vegetables,35.3,38.5,34.0,12.2,Mumbai,2022-06-16,onion
Onion,Vegetables,34.7,36.3,30.7,8.7,Mumbai,2022-06-17,onion
Onion,Vegetables,39.4,38.0,31.5,8.7,Mumbai,2022-06-18,onion
Onion,Vegetables,33.8,34.4,31.9,8.5,Mumbai,2022-06-19,onion
Onion,Vegetables,35.3,33.7,25.6,11.9,Mumbai,2022-06-20,onion
Onion,Vegetables,38.7,35.8,27.6,16.1,Mumbai,2022-06-21,onion
Onion,Vegetables,38.5,24.9,23.4,8.8,Mumbai,2022-06-22,onion
Onion,Vegetables,36.3,34.8,27.3,12.5,Mumbai,2022-06-23,onion
Onion,Vegetables,39.5,33.2,26.0,10.8,Mumbai,2022-06-24,onion
Onion,Vegetables,38.7,43.8,32.8,18.6,Mumbai,2022-06-25,onion
Onion,Vegetables,34.0,38.0,30.3,9.8,Mumbai,2022-06-26,onion
Onion,Vegetables,37.7,38.1,29.3,14.7,Mumbai,2022-06-27,onion
Onion,Vegetables,33.6,28.8,26.2,6.2,Mumbai,2022-06-28,onion
Onion,Vegetables,38.9,33.3,26.5,12.3,Mumbai,2022-06-29,onion
Onion,Vegetables,39.3,39.5,31.8,9.8,Mumbai,2022-06-30,onion
Onion,Vegetables,37.8,31.9,25.2,14.6,Mumbai,2022-07-01,onion
Onion,Vegetables,37.3,39.5,36.6,9.3,Mumbai,2022-07-02,onion
Onion,Vegetables,37.1,38.0,35.2,8.8,Mumbai,2022-07-03,onion
Onion,Vegetables,34.8,24.1,22.3,5.3,Mumbai,2022-07-04,onion
Onion,Vegetables,36.3,34.6,28.9,8.6,Mumbai,2022-07-05,onion
Onion,Vegetables,35.4,31.0,25.3,9.0,Mumbai,2022-07-06,onion
Onion,Vegetables,40.3,46.9,36.8,13.5,Mumbai,2022-07-07,onion
Onion,Vegetables,35.1,27.4,23.7,10.4,Mumbai,2022-07-08,onion
Onion,Vegetables,35.0,47.8,37.9,17.5,Mumbai,2022-07-09,onion
Onion,Vegetables,34.0,36.7,32.2,7.9,Mumbai,2022-07-10,onion
Onion,Vegetables,39.7,37.3,29.1,13.8,Mumbai,2022-07-11,onion
Onion,Vegetables,36.4,33.5,25.1,16.0,Mumbai,2022-07-12,onion
Onion,Vegetables,37.9,41.2,30.6,13.7,Mumbai,2022-07-13,onion
Onion,Vegetables,38.4,38.2,28.8,14.6,Mumbai,2022-07-14,onion
Onion,Vegetables,38.6,26.8,24.5,8.1,Mumbai,2022-07-15,onion
Onion,Vegetables,33.6,42.0,34.4,11.6,Mumbai,2022-07-16,onion
Onion,Vegetables,36.8,39.3,31.3,13.9,Mumbai,2022-07-17,onion
Onion,Vegetables,33.7,40.9,32.7,15.3,Mumbai,2022-07-18,onion
Onion,Vegetables,37.3,42.3,31.8,18.4,Mumbai,2022-07-19,onion
Onion,Vegetables,38.5,31.2,24.1,10.0,Mumbai,2022-07-20,onion
Onion,Vegetables,34.2,36.2,27.3,14.3,Mumbai,2022-07-21,onion
Onion,Vegetables,35.2,26.8,21.4,11.8,Mumbai,2022-07-22,onion
Onion,Vegetables,38.2,37.6,33.9,9.9,Mumbai,2022-07-23,onion
Onion,Vegetables,37.3,37.2,34.0,7.1,Mumbai,2022-07-24,onion
Onion,Vegetables,38.5,38.9,30.6,11.6,Mumbai,2022-07-25,onion
Onion,Vegetables,35.7,37.6,28.5,14.7,Mumbai,2022-07-26,onion
Onion,Vegetables,36.7,36.7,27.9,12.6,Mumbai,2022-07-27,onion
Onion,Vegetables,34.7,30.1,26.4,6.2,Mumbai,2022-07-28,onion
Onion,Vegetables,33.5,34.5,28.4,12.3,Mumbai,2022-07-29,onion
Onion,Vegetables,37.0,34.7,32.0,8.6,Mumbai,2022-07-30,onion
Onion,Vegetables,39.1,31.9,29.4,4.9,Mumbai,2022-07-31,onion
Onion,Vegetables,36.0,27.2,24.4,6.7,Mumbai,2022-08-01,onion
Onion,Vegetables,40.1,31.4,24.0,13.0,Mumbai,2022-08-02,onion
Onion,Vegetables,38.9,39.7,30.2,12.9,Mumbai,2022-08-03,onion
Onion,Vegetables,34.1,31.2,23.9,11.8,Mumbai,2022-08-04,onion
Onion,Vegetables,38.2,29.1,23.1,10.5,Mumbai,2022-08-05,onion
Onion,Vegetables,35.2,45.0,34.1,12.9,Mumbai,2022-08-06,onion
Onion,Vegetables,36.0,34.3,31.9,5.4,Mumbai,2022-08-07,onion
Onion,Vegetables,36.8,31.0,27.3,10.7,Mumbai,2022-08-08,onion
Onion,Vegetables,34.8,26.9,25.3,5.2,Mumbai,2022-08-09,onion
Onion,Vegetables,39.2,31.5,29.3,6.3,Mumbai,2022-08-10,onion
Onion,Vegetables,33.2,35.9,30.8,10.6,Mumbai,2022-08-11,onion
Onion,Vegetables,36.4,38.1,28.4,16.1,Mumbai,2022-08-12,onion
Onion,Vegetables,33.4,41.8,33.7,11.8,Mumbai,2022-08-13,onion
Onion,Vegetables,38.0,34.9,28.5,11.0,Mumbai,2022-08-14,onion
Onion,Vegetables,37.3,34.9,27.1,9.9,Mumbai,2022-08-15,onion
Onion,Vegetables,33.7,39.5,29.6,16.1,Mumbai,2022-08-16,onion
Onion,Vegetables,37.7,28.1,24.1,9.6,Mumbai,2022-08-17,onion
Onion,Vegetables,37.7,28.3,25.7,7.3,Mumbai,2022-08-18,onion
Onion,Vegetables,37.2,34.0,27.8,12.8,Mumbai,2022-08-19,onion
Onion,Vegetables,36.1,41.0,35.2,11.3,Mumbai,2022-08-20,onion
Onion,Vegetables,38.8,32.4,27.7,9.8,Mumbai,2022-08-21,onion
Onion,Vegetables,36.9,33.9,29.4,9.6,Mumbai,2022-08-22,onion
Onion,Vegetables,38.0,24.9,19.3,12.1,Mumbai,2022-08-23,onion
Onion,Vegetables,36.2,30.3,22.5,10.2,Mumbai,2022-08-24,onion
Onion,Vegetables,35.5,34.3,30.8,9.7,Mumbai,2022-08-25,onion
Onion,Vegetables,35.7,41.7,31.8,13.1,Mumbai,2022-08-26,onion
Onion,Vegetables,34.7,39.8,33.6,10.3,Mumbai,2022-08-27,onion
Onion,Vegetables,39.1,39.5,34.2,9.4,Mumbai,2022-08-28,onion
Onion,Vegetables,34.0,42.0,31.4,18.6,Mumbai,2022-08-29,onion
Onion,Vegetables,36.5,35.9,28.0,13.2,Mumbai,2022-08-30,onion
Onion,Vegetables,37.1,30.8,29.2,9.3,Mumbai,2022-08-31,onion
Onion,Vegetables,39.0,36.1,28.5,14.7,Mumbai,2022-09-01,onion
Onion,Vegetables,37.0,35.7,29.4,9.6,Mumbai,2022-09-02,onion
Onion,Vegetables,39.2,48.9,37.2,19.5,Mumbai,2022-09-03,onion
Onion,Vegetables,34.0,49.5,37.9,18.1,Mumbai,2022-09-04,onion
Onion,Vegetables,36.4,30.6,24.1,8.9,Mumbai,2022-09-05,onion
Onion,Vegetables,37.9,28.8,27.0,6.7,Mumbai,2022-09-06,onion
Onion,Vegetables,33.6,39.7,34.4,8.2,Mumbai,2022-09-07,onion
Onion,Vegetables,34.7,28.9,26.7,7.4,Mumbai,2022-09-08,onion
Onion,Vegetables,36.1,31.2,24.0,14.2,Mumbai,2022-09-09,onion
Onion,Vegetables,39.1,29.2,24.9,10.4,Mumbai,2022-09-10,onion
Onion,Vegetables,36.9,39.2,31.7,13.7,Mumbai,2022-09-11,onion
Onion,Vegetables,39.7,32.0,30.3,6.6,Mumbai,2022-09-12,onion
Onion,Vegetables,37.6,35.4,31.2,6.7,Mumbai,2022-09-13,onion
Onion,Vegetables,37.0,31.1,25.8,7.9,Mumbai,2022-09-14,onion
Onion,Vegetables,36.2,31.3,27.7,11.4,Mumbai,2022-09-15,onion
Onion,Vegetables,33.4,28.4,24.8,6.7,Mumbai,2022-09-16,onion
Onion,Vegetables,40.3,34.2,32.3,7.1,Mumbai,2022-09-17,onion
Onion,Vegetables,37.5,39.0,34.8,9.8,Mumbai,2022-09-18,onion
Onion,Vegetables,40.1,40.4,31.0,14.1,Mumbai,2022-09-19,onion
Onion,Vegetables,36.6,32.3,28.5,6.4,Mumbai,2022-09-20,onion
Onion,Vegetables,36.5,25.8,24.3,4.2,Mumbai,2022-09-21,onion
Onion,Vegetables,34.7,27.9,23.1,10.7,Mumbai,2022-09-22,onion
Onion,Vegetables,33.2,40.1,29.8,16.1,Mumbai,2022-09-23,onion
Onion,Vegetables,40.2,47.8,40.2,9.7,Mumbai,2022-09-24,onion
Onion,Vegetables,39.2,35.3,29.8,10.3,Mumbai,2022-09-25,onion
Onion,Vegetables,35.7,42.5,33.7,15.7,Mumbai,2022-09-26,onion
Onion,Vegetables,40.1,29.4,25.2,8.2,Mumbai,2022-09-27,onion
Onion,Vegetables,36.7,35.9,29.3,9.9,Mumbai,2022-09-28,onion
Onion,Vegetables,39.3,30.9,25.0,8.1,Mumbai,2022-09-29,onion
Onion,Vegetables,34.5,37.1,27.6,14.7,Mumbai,2022-09-30,onion
Onion,Vegetables,34.6,45.4,37.0,11.0,Mumbai,2022-10-01,onion
Onion,Vegetables,38.9,42.1,33.5,10.9,Mumbai,2022-10-02,onion
Onion,Vegetables,36.6,34.1,28.2,13.4,Mumbai,2022-10-03,onion
Onion,Vegetables,36.2,26.7,23.8,8.2,Mumbai,2022-10-04,onion
Onion,Vegetables,38.1,33.8,28.6,9.8,Mumbai,2022-10-05,onion
Onion,Vegetables,35.0,34.1,27.8,8.5,Mumbai,2022-10-06,onion
Onion,Vegetables,39.9,32.1,26.9,11.3,Mumbai,2022-10-07,onion
Onion,Vegetables,39.3,42.9,32.8,15.3,Mumbai,2022-10-08,onion
Onion,Vegetables,35.9,31.2,26.9,8.6,Mumbai,2022-10-09,onion
Onion,Vegetables,37.6,33.1,27.2,12.6,Mumbai,2022-10-10,onion
Onion,Vegetables,36.9,34.4,25.9,13.2,Mumbai,2022-10-11,onion
Onion,Vegetables,37.8,38.1,28.6,16.0,Mumbai,2022-10-12,onion
Onion,Vegetables,36.4,41.2,32.1,13.9,Mumbai,2022-10-13,onion
Onion,Vegetables,35.5,37.3,34.0,10.3,Mumbai,2022-10-14,onion
Onion,Vegetables,39.1,34.6,29.0,11.6,Mumbai,2022-10-15,onion
Onion,Vegetables,36.9,48.9,36.5,16.6,Mumbai,2022-10-16,onion
Onion,Vegetables,35.5,32.6,28.6,10.6,Mumbai,2022-10-17,onion
Onion,Vegetables,38.3,24.8,23.0,6.3,Mumbai,2022-10-18,onion
Onion,Vegetables,39.4,34.6,29.8,11.0,Mumbai,2022-10-19,onion
Onion,Vegetables,39.6,37.3,28.2,12.3,Mumbai,2022-10-20,onion
Onion,Vegetables,40.2,26.8,23.1,7.0,Mumbai,2022-10-21,onion
Onion,Vegetables,39.2,47.5,39.7,13.7,Mumbai,2022-10-22,onion
Onion,Vegetables,33.4,37.5,32.5,10.9,Mumbai,2022-10-23,onion
Onion,Vegetables,35.6,34.0,28.5,12.1,Mumbai,2022-10-24,onion
Onion,Vegetables,39.7,32.5,29.0,7.8,Mumbai,2022-10-25,onion
Onion,Vegetables,36.1,30.1,22.9,11.2,Mumbai,2022-10-26,onion
Onion,Vegetables,40.2,32.5,30.8,5.1,Mumbai,2022-10-27,onion
Onion,Vegetables,36.4,39.9,30.8,15.3,Mumbai,2022-10-28,onion
Onion,Vegetables,40.1,33.6,28.3,13.2,Mumbai,2022-10-29,onion
Onion,Vegetables,34.0,36.6,28.0,14.8,Mumbai,2022-10-30,onion
Onion,Vegetables,36.3,49.7,37.7,19.3,Mumbai,2022-10-31,onion
Onion,Vegetables,33.3,38.0,29.2,11.9,Mumbai,2022-11-01,onion
Onion,Vegetables,34.2,40.9,32.3,12.3,Mumbai,2022-11-02,onion
Onion,Vegetables,37.1,38.7,30.7,13.7,Mumbai,2022-11-03,onion
Onion,Vegetables,35.8,35.9,33.3,9.7,Mumbai,2022-11-04,onion
Onion,Vegetables,39.2,35.6,30.3,11.4,Mumbai,2022-11-05,onion
Onion,Vegetables,33.8,39.2,30.2,16.7,Mumbai,2022-11-06,onion
Onion,Vegetables,40.0,42.8,32.2,16.6,Mumbai,2022-11-07,onion
Onion,Vegetables,36.4,35.6,29.5,12.2,Mumbai,2022-11-08,onion
Onion,Vegetables,39.9,30.6,27.5,7.2,Mumbai,2022-11-09,onion
Onion,Vegetables,35.7,35.6,31.3,10.8,Mumbai,2022-11-10,onion
Onion,Vegetables,39.1,38.1,30.0,12.7,Mumbai,2022-11-11,onion
Onion,Vegetables,38.2,39.1,30.5,14.0,Mumbai,2022-11-12,onion
Onion,Vegetables,36.3,40.7,32.6,15.8,Mumbai,2022-11-13,onion
Onion,Vegetables,39.0,30.1,27.7,9.2,Mumbai,2022-11-14,onion
Onion,Vegetables,38.4,40.6,31.3,13.0,Mumbai,2022-11-15,onion
Onion,Vegetables,39.4,25.2,23.5,6.9,Mumbai,2022-11-16,onion
Onion,Vegetables,34.8,29.6,25.7,6.7,Mumbai,2022-11-17,onion
Onion,Vegetables,39.0,31.5,28.9,8.9,Mumbai,2022-11-18,onion
Onion,Vegetables,38.2,39.7,33.1,12.2,Mumbai,2022-11-19,onion
Onion,Vegetables,39.9,29.5,27.5,8.9,Mumbai,2022-11-20,onion
Onion,Vegetables,39.3,35.5,28.2,12.6,Mumbai,2022-11-21,onion
Onion,Vegetables,36.7,28.6,25.0,9.7,Mumbai,2022-11-22,onion
Onion,Vegetables,35.2,34.6,32.1,7.7,Mumbai,2022-11-23,onion
Onion,Vegetables,36.6,31.9,27.4,10.1,Mumbai,2022-11-24,onion
Onion,Vegetables,33.2,21.1,17.5,6.9,Mumbai,2022-11-25,onion
Onion,Vegetables,34.6,33.1,26.6,9.1,Mumbai,2022-11-26,onion
Onion,Vegetables,35.3,45.2,41.4,7.7,Mumbai,2022-11-27,onion
Onion,Vegetables,37.1,30.3,26.4,6.6,Mumbai,2022-11-28,onion
Onion,Vegetables,34.8,34.2,29.0,10.6,Mumbai,2022-11-29,onion
Onion,Vegetables,36.7,28.5,22.5,13.2,Mumbai,2022-11-30,onion
Onion,Vegetables,35.2,35.7,27.1,14.6,Mumbai,2022-12-01,onion
Onion,Vegetables,36.3,40.7,31.0,15.8,Mumbai,2022-12-02,onion
Onion,Vegetables,39.1,43.0,37.1,12.3,Mumbai,2022-12-03,onion
Onion,Vegetables,36.3,36.9,31.5,12.2,Mumbai,2022-12-04,onion
Onion,Vegetables,34.0,35.6,28.7,11.3,Mumbai,2022-12-05,onion
Onion,Vegetables,37.8,38.0,30.1,15.1,Mumbai,2022-12-06,onion
Onion,Vegetables,39.3,39.9,31.1,15.4,Mumbai,2022-12-07,onion
Onion,Vegetables,39.5,28.6,22.0,12.9,Mumbai,2022-12-08,onion
Onion,Vegetables,38.5,33.2,28.7,11.2,Mumbai,2022-12-09,onion
Onion,Vegetables,40.0,37.2,33.2,6.3,Mumbai,2022-12-10,onion
Onion,Vegetables,33.6,46.5,35.5,18.3,Mumbai,2022-12-11,onion
Onion,Vegetables,36.1,31.3,26.1,9.1,Mumbai,2022-12-12,onion
Onion,Vegetables,34.2,31.8,27.1,7.7,Mumbai,2022-12-13,onion
Onion,Vegetables,36.0,35.1,26.9,14.1,Mumbai,2022-12-14,onion
Onion,Vegetables,37.9,29.4,25.5,7.7,Mumbai,2022-12-15,onion
Onion,Vegetables,33.9,33.7,30.6,10.8,Mumbai,2022-12-16,onion
Onion,Vegetables,37.4,50.2,38.8,14.1,Mumbai,2022-12-17,onion
Onion,Vegetables,38.5,41.9,31.5,15.9,Mumbai,2022-12-18,onion
Onion,Vegetables,37.5,38.8,28.8,13.7,Mumbai,2022-12-19,onion
Onion,Vegetables,39.2,36.5,29.6,11.1,Mumbai,2022-12-20,onion
Onion,Vegetables,39.5,29.1,27.3,7.6,Mumbai,2022-12-21,onion
Onion,Vegetables,34.0,37.2,29.2,12.5,Mumbai,2022-12-22,onion
Onion,Vegetables,33.5,38.1,29.7,14.4,Mumbai,2022-12-23,onion
Onion,Vegetables,36.2,47.6,37.8,11.9,Mumbai,2022-12-24,onion
Onion,Vegetables,35.6,47.4,36.0,17.1,Mumbai,2022-12-25,onion
Onion,Vegetables,39.9,35.7,29.3,11.4,Mumbai,2022-12-26,onion
Onion,Vegetables,34.5,36.7,30.9,8.3,Mumbai,2022-12-27,onion
Onion,Vegetables,34.0,34.9,32.2,7.0,Mumbai,2022-12-28,onion
Onion,Vegetables,34.3,36.4,29.6,14.1,Mumbai,2022-12-29,onion
Onion,Vegetables,36.0,33.7,31.5,7.0,Mumbai,2022-12-30,onion
Onion,Vegetables,37.1,35.9,27.9,14.4,Mumbai,2022-12-31,onion
Onion,Vegetables,34.8,41.6,34.2,14.1,Mumbai,2023-01-01,onion
Onion,Vegetables,33.2,36.8,28.2,15.4,Mumbai,2023-01-02,onion
Onion,Vegetables,34.2,26.7,22.5,8.0,Mumbai,2023-01-03,onion
Onion,Vegetables,36.0,30.4,27.8,5.3,Mumbai,2023-01-04,onion
Onion,Vegetables,34.1,51.4,39.5,14.0,Mumbai,2023-01-05,onion
Onion,Vegetables,34.6,30.8,28.1,8.1,Mumbai,2023-01-06,onion
Onion,Vegetables,35.6,35.0,31.5,11.5,Mumbai,2023-01-07,onion
Onion,Vegetables,35.6,48.7,36.7,16.5,Mumbai,2023-01-08,onion
Onion,Vegetables,40.1,35.4,27.9,13.0,Mumbai,2023-01-09,onion
Onion,Vegetables,38.1,29.4,24.0,9.4,Mumbai,2023-01-10,onion
Onion,Vegetables,38.7,23.7,21.1,9.4,Mumbai,2023-01-11,onion
Onion,Vegetables,34.2,35.0,31.0,10.8,Mumbai,2023-01-12,onion
Onion,Vegetables,38.8,27.7,24.6,5.5,Mumbai,2023-01-13,onion
Onion,Vegetables,34.3,42.2,36.2,9.0,Mumbai,2023-01-14,onion
Onion,Vegetables,33.7,39.9,35.8,12.0,Mumbai,2023-01-15,onion
Onion,Vegetables,34.3,36.6,30.9,11.9,Mumbai,2023-01-16,onion
Onion,Vegetables,38.1,41.1,34.9,9.6,Mumbai,2023-01-17,onion
Onion,Vegetables,39.2,34.6,27.5,12.9,Mumbai,2023-01-18,onion
Onion,Vegetables,37.6,29.2,23.4,13.1,Mumbai,2023-01-19,onion
Onion,Vegetables,35.8,40.5,33.0,14.9,Mumbai,2023-01-20,onion
Onion,Vegetables,37.8,42.5,36.1,13.5,Mumbai,2023-01-21,onion
Onion,Vegetables,36.6,48.9,42.6,12.6,Mumbai,2023-01-22,onion
Onion,Vegetables,33.8,41.7,31.8,16.4,Mumbai,2023-01-23,onion
Onion,Vegetables,35.7,33.8,26.2,9.8,Mumbai,2023-01-24,onion
Onion,Vegetables,36.5,26.4,23.4,10.2,Mumbai,2023-01-25,onion
Onion,Vegetables,36.1,28.3,24.6,7.7,Mumbai,2023-01-26,onion
Onion,Vegetables,38.0,42.7,31.9,14.0,Mumbai,2023-01-27,onion
Onion,Vegetables,37.8,41.0,33.8,11.9,Mumbai,2023-01-28,onion
Onion,Vegetables,36.7,34.4,26.2,10.7,Mumbai,2023-01-29,onion
Onion,Vegetables,39.1,22.6,20.5,9.0,Mumbai,2023-01-30,onion
Onion,Vegetables,37.4,33.1,26.1,10.9,Mumbai,2023-01-31,onion
Onion,Vegetables,35.9,39.0,31.0,13.5,Mumbai,2023-02-01,onion
Onion,Vegetables,37.4,40.7,30.4,16.8,Mumbai,2023-02-02,onion
Onion,Vegetables,37.8,37.5,29.7,10.0,Mumbai,2023-02-03,onion
Onion,Vegetables,37.0,43.2,32.8,12.7,Mumbai,2023-02-04,onion
Onion,Vegetables,39.4,34.9,30.0,7.1,Mumbai,2023-02-05,onion
Onion,Vegetables,33.1,38.8,29.4,15.9,Mumbai,2023-02-06,onion
Onion,Vegetables,35.2,31.8,29.0,8.9,Mumbai,2023-02-07,onion
Onion,Vegetables,40.3,37.3,29.0,13.0,Mumbai,2023-02-08,onion
Onion,Vegetables,39.0,34.4,25.9,15.8,Mumbai,2023-02-09,onion
Onion,Vegetables,37.4,34.0,28.3,9.1,Mumbai,2023-02-10,onion
Onion,Vegetables,39.1,43.2,39.2,7.3,Mumbai,2023-02-11,onion
Onion,Vegetables,40.2,30.4,25.4,11.9,Mumbai,2023-02-12,onion
Onion,Vegetables,39.1,33.7,29.1,10.2,Mumbai,2023-02-13,onion
Onion,Vegetables,39.0,35.6,26.9,13.8,Mumbai,2023-02-14,onion
Onion,Vegetables,36.1,33.7,26.9,13.6,Mumbai,2023-02-15,onion
Onion,Vegetables,39.2,36.7,32.6,9.5,Mumbai,2023-02-16,onion
Onion,Vegetables,33.3,36.5,27.8,13.1,Mumbai,2023-02-17,onion
Onion,Vegetables,34.3,44.7,34.7,13.2,Mumbai,2023-02-18,onion
Onion,Vegetables,36.0,27.9,25.3,7.0,Mumbai,2023-02-19,onion
Onion,Vegetables,34.2,40.3,31.8,11.5,Mumbai,2023-02-20,onion
Onion,Vegetables,36.6,32.2,30.0,9.8,Mumbai,2023-02-21,onion
Onion,Vegetables,34.6,37.4,28.7,11.2,Mumbai,2023-02-22,onion
Onion,Vegetables,40.2,33.3,27.6,11.5,Mumbai,2023-02-23,onion
Onion,Vegetables,36.5,29.2,23.0,10.3,Mumbai,2023-02-24,onion
Onion,Vegetables,34.4,39.5,33.5,12.0,Mumbai,2023-02-25,onion
Onion,Vegetables,38.9,35.5,31.6,8.9,Mumbai,2023-02-26,onion
Onion,Vegetables,34.8,36.2,28.9,12.5,Mumbai,2023-02-27,onion
Onion,Vegetables,35.1,33.1,29.8,9.2,Mumbai,2023-02-28,onion
Onion,Vegetables,39.8,33.8,28.0,11.6,Mumbai,2023-03-01,onion
Onion,Vegetables,37.4,25.9,22.9,9.1,Mumbai,2023-03-02,onion
Onion,Vegetables,35.1,25.6,23.8,4.6,Mumbai,2023-03-03,onion
Onion,Vegetables,39.1,38.9,35.8,7.1,Mumbai,2023-03-04,onion
Onion,Vegetables,35.2,43.7,33.9,17.8,Mumbai,2023-03-05,onion
Onion,Vegetables,39.9,26.5,24.9,5.1,Mumbai,2023-03-06,onion
Onion,Vegetables,36.1,32.8,26.9,11.9,Mumbai,2023-03-07,onion
Onion,Vegetables,35.3,38.2,31.2,9.3,Mumbai,2023-03-08,onion
Onion,Vegetables,36.6,25.5,22.8,9.6,Mumbai,2023-03-09,onion
Onion,Vegetables,39.5,30.1,22.9,11.6,Mumbai,2023-03-10,onion
Onion,Vegetables,35.0,39.8,34.6,8.9,Mumbai,2023-03-11,onion
Onion,Vegetables,35.8,37.0,30.4,9.6,Mumbai,2023-03-12,onion
Onion,Vegetables,40.0,29.1,26.0,6.8,Mumbai,2023-03-13,onion
Onion,Vegetables,38.3,34.0,26.9,9.4,Mumbai,2023-03-14,onion
Onion,Vegetables,37.4,37.3,27.9,13.7,Mumbai,2023-03-15,onion
Onion,Vegetables,36.4,35.0,29.2,13.3,Mumbai,2023-03-16,onion
Onion,Vegetables,35.9,31.3,28.1,5.8,Mumbai,2023-03-17,onion
Onion,Vegetables,34.4,37.2,35.0,8.4,Mumbai,2023-03-18,onion
Onion,Vegetables,36.8,48.0,36.1,14.6,Mumbai,2023-03-19,onion
Onion,Vegetables,34.5,37.5,30.9,9.4,Mumbai,2023-03-20,onion
Onion,Vegetables,33.8,42.9,32.9,17.5,Mumbai,2023-03-21,onion
Onion,Vegetables,36.3,41.5,30.9,12.8,Mumbai,2023-03-22,onion
Onion,Vegetables,39.4,32.2,28.8,9.8,Mumbai,2023-03-23,onion
Onion,Vegetables,36.2,31.7,27.2,6.9,Mumbai,2023-03-24,onion
Onion,Vegetables,38.2,34.6,31.7,8.5,Mumbai,2023-03-25,onion
Onion,Vegetables,34.8,34.8,28.3,14.2,Mumbai,2023-03-26,onion
Onion,Vegetables,39.8,27.1,24.2,9.9,Mumbai,2023-03-27,onion
Onion,Vegetables,40.2,30.3,23.7,13.5,Mumbai,2023-03-28,onion
Onion,Vegetables,37.6,35.4,33.4,4.4,Mumbai,2023-03-29,onion
Onion,Vegetables,38.1,32.3,28.1,9.1,Mumbai,2023-03-30,onion
Onion,Vegetables,38.8,37.0,31.5,9.2,Mumbai,2023-03-31,onion
Onion,Vegetables,34.8,37.9,34.8,5.3,Mumbai,2023-04-01,onion
Onion,Vegetables,33.5,35.2,30.2,10.5,Mumbai,2023-04-02,onion
Onion,Vegetables,38.6,26.7,24.1,9.2,Mumbai,2023-04-03,onion
Onion,Vegetables,34.1,36.3,27.2,16.1,Mumbai,2023-04-04,onion
Onion,Vegetables,35.7,34.8,29.6,7.2,Mumbai,2023-04-05,onion
Onion,Vegetables,34.9,29.5,27.0,7.4,Mumbai,2023-04-06,onion
Onion,Vegetables,37.9,25.0,21.5,6.9,Mumbai,2023-04-07,onion
Onion,Vegetables,37.1,39.3,32.5,10.8,Mumbai,2023-04-08,onion
Onion,Vegetables,35.6,42.5,32.6,17.5,Mumbai,2023-04-09,onion
Onion,Vegetables,39.1,33.0,26.1,14.7,Mumbai,2023-04-10,onion
Onion,Vegetables,34.9,35.0,26.5,14.9,Mumbai,2023-04-11,onion
Onion,Vegetables,40.2,31.1,26.1,11.0,Mumbai,2023-04-12,onion
Onion,Vegetables,37.8,32.8,24.8,15.0,Mumbai,2023-04-13,onion
Onion,Vegetables,33.5,27.0,20.0,11.6,Mumbai,2023-04-14,onion
Onion,Vegetables,38.0,35.1,30.9,9.9,Mumbai,2023-04-15,onion
Onion,Vegetables,34.6,39.7,37.6,7.1,Mumbai,2023-04-16,onion
Onion,Vegetables,40.2,30.4,27.7,5.8,Mumbai,2023-04-17,onion
Onion,Vegetables,36.5,34.2,28.4,8.3,Mumbai,2023-04-18,onion
Onion,Vegetables,40.0,34.9,30.2,8.2,Mumbai,2023-04-19,onion
Onion,Vegetables,36.1,30.4,24.2,13.4,Mumbai,2023-04-20,onion
Onion,Vegetables,33.5,24.9,20.8,8.6,Mumbai,2023-04-21,onion
Onion,Vegetables,33.2,36.9,32.0,10.9,Mumbai,2023-04-22,onion
Onion,Vegetables,33.5,41.9,32.0,13.9,Mumbai,2023-04-23,onion
Onion,Vegetables,37.5,36.1,32.9,9.7,Mumbai,2023-04-24,onion
Onion,Vegetables,34.5,22.0,20.3,5.7,Mumbai,2023-04-25,onion
Onion,Vegetables,37.1,32.5,27.6,7.3,Mumbai,2023-04-26,onion
Onion,Vegetables,38.6,30.7,27.8,9.4,Mumbai,2023-04-27,onion
Onion,Vegetables,39.7,35.8,29.1,11.4,Mumbai,2023-04-28,onion
Onion,Vegetables,34.2,49.8,38.8,15.9,Mumbai,2023-04-29,onion
Onion,Vegetables,37.6,35.9,27.8,12.2,Mumbai,2023-04-30,onion
Onion,Vegetables,39.4,34.0,25.4,15.6,Mumbai,2023-05-01,onion
Onion,Vegetables,34.0,32.4,28.9,6.1,Mumbai,2023-05-02,onion
Onion,Vegetables,35.1,35.1,32.2,5.1,Mumbai,2023-05-03,onion
Onion,Vegetables,40.2,31.6,28.5,5.3,Mumbai,2023-05-04,onion
Onion,Vegetables,36.6,38.4,30.2,16.0,Mumbai,2023-05-05,onion
Onion,Vegetables,39.2,33.9,30.9,6.5,Mumbai,2023-05-06,onion
Onion,Vegetables,34.1,45.6,35.4,17.6,Mumbai,2023-05-07,onion
Onion,Vegetables,35.3,33.2,29.3,10.5,Mumbai,2023-05-08,onion
Onion,Vegetables,34.6,41.5,35.3,12.5,Mumbai,2023-05-09,onion
Onion,Vegetables,35.6,32.1,27.2,9.4,Mumbai,2023-05-10,onion
Onion,Vegetables,36.7,24.9,23.2,8.9,Mumbai,2023-05-11,onion
Onion,Vegetables,35.2,33.5,25.1,12.6,Mumbai,2023-05-12,onion
Onion,Vegetables,39.0,42.2,36.7,7.8,Mumbai,2023-05-13,onion
Onion,Vegetables,38.4,34.3,27.1,11.1,Mumbai,2023-05-14,onion
Onion,Vegetables,34.0,28.6,24.4,11.1,Mumbai,2023-05-15,onion
Onion,Vegetables,34.1,26.5,24.9,5.9,Mumbai,2023-05-16,onion
Onion,Vegetables,37.9,31.7,28.0,8.4,Mumbai,2023-05-17,onion
Onion,Vegetables,36.7,30.5,29.0,6.0,Mumbai,2023-05-18,onion
Onion,Vegetables,37.8,37.5,28.7,11.1,Mumbai,2023-05-19,onion
Onion,Vegetables,37.6,34.0,30.6,8.2,Mumbai,2023-05-20,onion
Onion,Vegetables,40.1,43.0,34.2,13.3,Mumbai,2023-05-21,onion
Onion,Vegetables,33.3,24.3,22.0,7.3,Mumbai,2023-05-22,onion
Onion,Vegetables,35.6,32.5,30.6,8.3,Mumbai,2023-05-23,onion
Onion,Vegetables,38.4,34.2,30.8,7.1,Mumbai,2023-05-24,onion
Onion,Vegetables,36.4,31.1,29.1,9.3,Mumbai,2023-05-25,onion
Onion,Vegetables,36.7,30.9,26.9,7.7,Mumbai,2023-05-26,onion
Onion,Vegetables,36.3,29.7,24.9,9.4,Mumbai,2023-05-27,onion
Onion,Vegetables,37.1,34.2,30.4,9.4,Mumbai,2023-05-28,onion
Onion,Vegetables,40.1,30.5,28.9,7.6,Mumbai,2023-05-29,onion
Onion,Vegetables,38.1,33.0,26.8,8.9,Mumbai,2023-05-30,onion
Onion,Vegetables,33.7,36.3,28.8,13.7,Mumbai,2023-05-31,onion
Onion,Vegetables,39.5,43.3,37.4,12.3,Mumbai,2023-06-01,onion
Onion,Vegetables,36.1,30.0,24.9,11.9,Mumbai,2023-06-02,onion
Onion,Vegetables,34.4,44.3,34.6,14.3,Mumbai,2023-06-03,onion
Onion,Vegetables,33.6,34.7,25.8,15.1,Mumbai,2023-06-04,onion
Onion,Vegetables,38.3,47.2,35.0,17.8,Mumbai,2023-06-05,onion
Onion,Vegetables,34.7,30.1,22.5,12.8,Mumbai,2023-06-06,onion
Onion,Vegetables,33.3,31.9,26.4,12.5,Mumbai,2023-06-07,onion
Onion,Vegetables,37.0,32.7,28.1,11.9,Mumbai,2023-06-08,onion
Onion,Vegetables,39.8,36.0,26.8,12.3,Mumbai,2023-06-09,onion
Onion,Vegetables,35.3,29.0,24.6,7.0,Mumbai,2023-06-10,onion
Onion,Vegetables,35.1,34.3,27.3,11.1,Mumbai,2023-06-11,onion
Onion,Vegetables,33.8,37.9,29.6,13.7,Mumbai,2023-06-12,onion
Onion,Vegetables,39.1,36.6,28.2,10.5,Mumbai,2023-06-13,onion
Onion,Vegetables,39.4,29.9,26.8,8.0,Mumbai,2023-06-14,onion
Onion,Vegetables,36.8,38.4,34.0,9.6,Mumbai,2023-06-15,onion
Onion,Vegetables,35.8,30.6,24.7,10.4,Mumbai,2023-06-16,onion
Onion,Vegetables,39.3,37.2,31.3,12.9,Mumbai,2023-06-17,onion
Onion,Vegetables,35.7,34.1,28.1,11.7,Mumbai,2023-06-18,onion
Onion,Vegetables,33.9,25.9,23.3,6.1,Mumbai,2023-06-19,onion
Onion,Vegetables,33.8,32.1,30.0,8.0,Mumbai,2023-06-20,onion
Onion,Vegetables,39.9,26.7,23.2,8.7,Mumbai,2023-06-21,onion
Onion,Vegetables,39.4,34.0,30.6,8.2,Mumbai,2023-06-22,onion
Onion,Vegetables,36.7,36.0,28.0,10.5,Mumbai,2023-06-23,onion
Onion,Vegetables,35.5,44.7,36.2,14.6,Mumbai,2023-06-24,onion
Onion,Vegetables,39.5,31.0,25.6,11.7,Mumbai,2023-06-25,onion
Onion,Vegetables,38.8,39.2,29.4,12.9,Mumbai,2023-06-26,onion
Onion,Vegetables,37.9,27.8,25.4,9.0,Mumbai,2023-06-27,onion
Onion,Vegetables,39.7,25.0,23.6,8.3,Mumbai,2023-06-28,onion
Onion,Vegetables,34.9,40.9,34.0,10.3,Mumbai,2023-06-29,onion
Onion,Vegetables,39.6,32.8,26.7,13.7,Mumbai,2023-06-30,onion
Onion,Vegetables,39.2,41.3,30.7,17.7,Mumbai,2023-07-01,onion
Onion,Vegetables,35.6,48.4,36.7,18.2,Mumbai,2023-07-02,onion
Onion,Vegetables,38.3,25.3,23.7,5.3,Mumbai,2023-07-03,onion
Onion,Vegetables,39.2,36.0,30.2,11.5,Mumbai,2023-07-04,onion
Onion,Vegetables,38.9,33.5,28.0,10.9,Mumbai,2023-07-05,onion
Onion,Vegetables,38.6,29.2,26.9,8.7,Mumbai,2023-07-06,onion
Onion,Vegetables,35.3,25.4,23.2,6.4,Mumbai,2023-07-07,onion
Onion,Vegetables,33.8,40.4,31.0,13.2,Mumbai,2023-07-08,onion
Onion,Vegetables,37.8,36.3,28.7,13.3,Mumbai,2023-07-09,onion
Onion,Vegetables,34.7,32.2,26.1,8.1,Mumbai,2023-07-10,onion
Onion,Vegetables,34.4,29.3,26.4,7.9,Mumbai,2023-07-11,onion
Onion,Vegetables,36.5,41.0,33.1,10.3,Mumbai,2023-07-12,onion
Onion,Vegetables,39.0,34.0,26.9,11.2,Mumbai,2023-07-13,onion
Onion,Vegetables,39.7,31.5,24.7,11.4,Mumbai,2023-07-14,onion
Onion,Vegetables,34.4,32.8,31.1,3.8,Mumbai,2023-07-15,onion
Onion,Vegetables,34.8,39.6,30.2,16.1,Mumbai,2023-07-16,onion
Onion,Vegetables,38.7,34.7,25.8,12.3,Mumbai,2023-07-17,onion
Onion,Vegetables,34.2,34.3,30.1,9.4,Mumbai,2023-07-18,onion
Onion,Vegetables,34.0,31.9,26.1,12.2,Mumbai,2023-07-19,onion
Onion,Vegetables,39.6,40.7,31.4,14.5,Mumbai,2023-07-20,onion
Onion,Vegetables,40.3,37.8,34.4,6.3,Mumbai,2023-07-21,onion
Onion,Vegetables,34.3,51.1,41.6,14.0,Mumbai,2023-07-22,onion
Onion,Vegetables,35.9,37.1,31.9,10.9,Mumbai,2023-07-23,onion
Onion,Vegetables,35.9,29.3,24.9,8.0,Mumbai,2023-07-24,onion
Onion,Vegetables,34.1,31.4,28.3,7.0,Mumbai,2023-07-25,onion
Onion,Vegetables,34.2,35.6,28.5,10.8,Mumbai,2023-07-26,onion
Onion,Vegetables,37.6,29.6,25.0,10.1,Mumbai,2023-07-27,onion
Onion,Vegetables,35.0,37.3,35.3,7.9,Mumbai,2023-07-28,onion
Onion,Vegetables,37.5,44.1,36.7,11.2,Mumbai,2023-07-29,onion
Onion,Vegetables,38.3,42.8,32.0,17.2,Mumbai,2023-07-30,onion
Onion,Vegetables,39.7,33.3,28.5,9.7,Mumbai,2023-07-31,onion
Onion,Vegetables,35.0,32.5,25.6,14.0,Mumbai,2023-08-01,onion
Onion,Vegetables,34.3,30.2,26.6,8.8,Mumbai,2023-08-02,onion
Onion,Vegetables,38.5,30.5,23.7,10.1,Mumbai,2023-08-03,onion
Onion,Vegetables,34.4,27.0,25.1,5.4,Mumbai,2023-08-04,onion
Onion,Vegetables,36.0,38.6,31.5,13.4,Mumbai,2023-08-05,onion
Onion,Vegetables,34.7,47.5,41.8,11.8,Mumbai,2023-08-06,onion
Onion,Vegetables,39.4,26.1,24.2,7.0,Mumbai,2023-08-07,onion
Onion,Vegetables,33.3,32.8,26.5,9.8,Mumbai,2023-08-08,onion
Onion,Vegetables,35.2,29.8,26.8,6.5,Mumbai,2023-08-09,onion
Onion,Vegetables,34.7,34.6,28.9,11.3,Mumbai,2023-08-10,onion
Onion,Vegetables,39.0,32.6,27.3,9.1,Mumbai,2023-08-11,onion
Onion,Vegetables,40.0,39.3,31.2,14.0,Mumbai,2023-08-12,onion
Onion,Vegetables,37.8,43.1,33.2,15.9,Mumbai,2023-08-13,onion
Onion,Vegetables,36.8,32.8,26.2,12.8,Mumbai,2023-08-14,onion
Onion,Vegetables,39.4,39.5,29.3,15.5,Mumbai,2023-08-15,onion
Onion,Vegetables,36.6,42.2,33.4,12.5,Mumbai,2023-08-16,onion
Onion,Vegetables,36.6,36.5,31.4,7.3,Mumbai,2023-08-17,onion
Onion,Vegetables,37.5,41.5,32.8,12.1,Mumbai,2023-08-18,onion
Onion,Vegetables,33.6,43.8,34.4,13.1,Mumbai,2023-08-19,onion
Onion,Vegetables,37.1,47.1,37.9,16.3,Mumbai,2023-08-20,onion
Onion,Vegetables,38.5,37.3,27.6,16.9,Mumbai,2023-08-21,onion
Onion,Vegetables,34.6,34.6,28.1,14.1,Mumbai,2023-08-22,onion
Onion,Vegetables,34.7,38.4,29.4,16.7,Mumbai,2023-08-23,onion
Onion,Vegetables,39.3,29.5,25.2,10.9,Mumbai,2023-08-24,onion
Onion,Vegetables,34.0,41.2,31.3,13.2,Mumbai,2023-08-25,onion
Onion,Vegetables,37.2,44.9,39.7,7.9,Mumbai,2023-08-26,onion
Onion,Vegetables,37.1,48.3,37.1,14.4,Mumbai,2023-08-27,onion
Onion,Vegetables,38.1,31.5,29.3,4.4,Mumbai,2023-08-28,onion
Onion,Vegetables,34.0,36.1,28.1,15.5,Mumbai,2023-08-29,onion
Onion,Vegetables,39.0,29.4,26.4,10.6,Mumbai,2023-08-30,onion
Onion,Vegetables,37.6,33.2,27.9,11.2,Mumbai,2023-08-31,onion
Onion,Vegetables,34.4,35.1,29.5,10.3,Mumbai,2023-09-01,onion
Onion,Vegetables,39.0,39.9,34.9,7.8,Mumbai,2023-09-02,onion
Onion,Vegetables,34.5,42.2,33.7,16.1,Mumbai,2023-09-03,onion
Onion,Vegetables,38.5,30.0,24.5,12.7,Mumbai,2023-09-04,onion
Onion,Vegetables,39.5,29.8,26.2,7.6,Mumbai,2023-09-05,onion
Onion,Vegetables,40.3,32.2,27.1,11.7,Mumbai,2023-09-06,onion
Onion,Vegetables,39.0,31.4,27.9,6.0,Mumbai,2023-09-07,onion
Onion,Vegetables,34.3,42.0,34.3,13.0,Mumbai,2023-09-08,onion
Onion,Vegetables,39.9,41.8,32.1,16.6,Mumbai,2023-09-09,onion
Onion,Vegetables,38.5,40.5,34.3,10.5,Mumbai,2023-09-10,onion
Onion,Vegetables,35.0,32.3,26.4,10.4,Mumbai,2023-09-11,onion
Onion,Vegetables,34.7,33.5,26.0,9.5,Mumbai,2023-09-12,onion
Onion,Vegetables,35.6,40.3,30.5,12.1,Mumbai,2023-09-13,onion
Onion,Vegetables,34.0,32.8,28.1,12.3,Mumbai,2023-09-14,onion
Onion,Vegetables,39.2,34.3,27.1,10.9,Mumbai,2023-09-15,onion
Onion,Vegetables,38.3,34.6,29.8,8.4,Mumbai,2023-09-16,onion
Onion,Vegetables,35.9,42.7,35.2,10.9,Mumbai,2023-09-17,onion
Onion,Vegetables,36.0,31.3,26.5,11.2,Mumbai,2023-09-18,onion
Onion,Vegetables,37.5,33.4,26.2,14.0,Mumbai,2023-09-19,onion
Onion,Vegetables,33.6,38.4,33.0,12.7,Mumbai,2023-09-20,onion
Onion,Vegetables,38.2,25.0,23.2,5.2,Mumbai,2023-09-21,onion
Onion,Vegetables,34.9,31.6,27.2,7.5,Mumbai,2023-09-22,onion
Onion,Vegetables,34.2,38.7,31.8,10.1,Mumbai,2023-09-23,onion
Onion,Vegetables,36.7,40.0,35.3,7.2,Mumbai,2023-09-24,onion
Onion,Vegetables,40.2,21.6,19.5,7.1,Mumbai,2023-09-25,onion
Onion,Vegetables,37.7,28.1,24.6,8.4,Mumbai,2023-09-26,onion
Onion,Vegetables,34.8,35.7,33.4,7.4,Mumbai,2023-09-27,onion
Onion,Vegetables,36.0,30.6,28.5,9.7,Mumbai,2023-09-28,onion
Onion,Vegetables,35.0,24.3,21.5,8.0,Mumbai,2023-09-29,onion
Onion,Vegetables,38.1,46.5,36.2,16.1,Mumbai,2023-09-30,onion
Onion,Vegetables,36.9,44.4,33.1,16.5,Mumbai,2023-10-01,onion
Onion,Vegetables,35.4,39.5,33.4,11.0,Mumbai,2023-10-02,onion
Onion,Vegetables,35.2,36.1,27.4,12.2,Mumbai,2023-10-03,onion
Onion,Vegetables,35.7,30.8,24.1,9.2,Mumbai,2023-10-04,onion
Onion,Vegetables,39.1,31.6,28.4,5.8,Mumbai,2023-10-05,onion
Onion,Vegetables,34.8,43.9,34.3,17.2,Mumbai,2023-10-06,onion
Onion,Vegetables,38.4,45.1,34.7,16.3,Mumbai,2023-10-07,onion
Onion,Vegetables,33.4,38.9,34.2,8.5,Mumbai,2023-10-08,onion
Onion,Vegetables,35.6,38.4,30.2,14.4,Mumbai,2023-10-09,onion
Onion,Vegetables,36.2,31.5,27.4,6.8,Mumbai,2023-10-10,onion
Onion,Vegetables,36.4,28.8,26.3,6.6,Mumbai,2023-10-11,onion
Onion,Vegetables,33.4,25.7,24.4,8.5,Mumbai,2023-10-12,onion
Onion,Vegetables,37.7,36.5,28.8,14.1,Mumbai,2023-10-13,onion
Onion,Vegetables,39.9,46.7,41.6,11.8,Mumbai,2023-10-14,onion
Onion,Vegetables,40.3,37.0,31.3,12.6,Mumbai,2023-10-15,onion
Onion,Vegetables,33.2,34.3,27.9,13.8,Mumbai,2023-10-16,onion
Onion,Vegetables,34.2,35.6,30.4,12.3,Mumbai,2023-10-17,onion
Onion,Vegetables,39.8,37.8,29.8,12.4,Mumbai,2023-10-18,onion
Onion,Vegetables,37.3,30.4,27.6,6.6,Mumbai,2023-10-19,onion
Onion,Vegetables,36.0,31.1,25.8,9.0,Mumbai,2023-10-20,onion
Onion,Vegetables,36.6,39.4,30.1,13.0,Mumbai,2023-10-21,onion
Onion,Vegetables,37.5,38.7,31.7,10.2,Mumbai,2023-10-22,onion
Onion,Vegetables,33.3,33.9,28.9,11.6,Mumbai,2023-10-23,onion
Onion,Vegetables,33.4,42.1,32.9,13.7,Mumbai,2023-10-24,onion
Onion,Vegetables,37.1,30.7,28.7,8.4,Mumbai,2023-10-25,onion
Onion,Vegetables,38.8,38.5,32.4,10.7,Mumbai,2023-10-26,onion
Onion,Vegetables,34.9,38.9,31.2,14.3,Mumbai,2023-10-27,onion
Onion,Vegetables,39.1,37.1,33.2,8.3,Mumbai,2023-10-28,onion
Onion,Vegetables,36.3,37.4,30.5,9.4,Mumbai,2023-10-29,onion
Onion,Vegetables,38.9,36.7,27.4,13.0,Mumbai,2023-10-30,onion
Onion,Vegetables,36.8,28.5,26.0,8.9,Mumbai,2023-10-31,onion
Onion,Vegetables,38.1,37.2,30.5,14.4,Mumbai,2023-11-01,onion
Onion,Vegetables,40.0,28.5,25.5,10.0,Mumbai,2023-11-02,onion
Onion,Vegetables,37.8,34.9,29.9,9.5,Mumbai,2023-11-03,onion
Onion,Vegetables,39.3,42.4,36.5,11.4,Mumbai,2023-11-04,onion
Onion,Vegetables,38.5,40.5,34.3,11.1,Mumbai,2023-11-05,onion
Onion,Vegetables,37.3,34.6,26.3,14.8,Mumbai,2023-11-06,onion
Onion,Vegetables,36.6,34.7,30.1,9.0,Mumbai,2023-11-07,onion
Onion,Vegetables,37.0,24.8,22.3,8.7,Mumbai,2023-11-08,onion
Onion,Vegetables,37.5,29.2,21.7,10.3,Mumbai,2023-11-09,onion
Onion,Vegetables,33.9,30.2,24.5,8.9,Mumbai,2023-11-10,onion
Onion,Vegetables,36.6,40.7,33.0,12.4,Mumbai,2023-11-11,onion
Onion,Vegetables,35.4,39.9,35.2,11.6,Mumbai,2023-11-12,onion
Onion,Vegetables,35.9,35.1,29.3,9.2,Mumbai,2023-11-13,onion
Onion,Vegetables,37.6,38.0,28.2,16.3,Mumbai,2023-11-14,onion
Onion,Vegetables,39.6,28.7,24.1,7.5,Mumbai,2023-11-15,onion
Onion,Vegetables,35.2,35.2,28.3,11.4,Mumbai,2023-11-16,onion
Onion,Vegetables,37.2,29.2,25.5,6.2,Mumbai,2023-11-17,onion
Onion,Vegetables,36.2,39.6,34.3,11.4,Mumbai,2023-11-18,onion
Onion,Vegetables,39.0,36.9,32.1,12.4,Mumbai,2023-11-19,onion
Onion,Vegetables,35.6,36.5,32.2,7.0,Mumbai,2023-11-20,onion
Onion,Vegetables,33.3,33.0,30.8,7.5,Mumbai,2023-11-21,onion
Onion,Vegetables,39.2,31.2,26.4,7.9,Mumbai,2023-11-22,onion
Onion,Vegetables,34.0,33.1,30.0,6.4,Mumbai,2023-11-23,onion
Onion,Vegetables,34.1,34.2,28.2,10.2,Mumbai,2023-11-24,onion
Onion,Vegetables,34.6,42.6,39.5,5.6,Mumbai,2023-11-25,onion
Onion,Vegetables,34.5,37.0,32.0,10.4,Mumbai,2023-11-26,onion
Onion,Vegetables,36.8,36.7,29.4,10.5,Mumbai,2023-11-27,onion
Onion,Vegetables,36.9,34.6,25.8,14.3,Mumbai,2023-11-28,onion
Onion,Vegetables,38.0,37.9,31.9,13.1,Mumbai,2023-11-29,onion
Onion,Vegetables,36.4,35.9,27.4,14.3,Mumbai,2023-11-30,onion
Onion,Vegetables,38.9,30.0,28.3,5.4,Mumbai,2023-12-01,onion
Onion,Vegetables,39.2,49.1,36.4,15.8,Mumbai,2023-12-02,onion
Onion,Vegetables,36.1,32.0,29.1,5.8,Mumbai,2023-12-03,onion
Onion,Vegetables,37.7,36.5,27.2,13.3,Mumbai,2023-12-04,onion
Onion,Vegetables,39.4,26.3,22.5,7.4,Mumbai,2023-12-05,onion
Onion,Vegetables,35.5,35.4,29.4,11.7,Mumbai,2023-12-06,onion
Onion,Vegetables,35.3,31.9,25.6,9.3,Mumbai,2023-12-07,onion
Onion,Vegetables,37.8,33.2,26.9,13.4,Mumbai,2023-12-08,onion
Onion,Vegetables,39.0,35.2,29.1,13.4,Mumbai,2023-12-09,onion
Onion,Vegetables,36.8,52.3,39.8,18.1,Mumbai,2023-12-10,onion
Onion,Vegetables,39.9,30.6,27.3,10.8,Mumbai,2023-12-11,onion
Onion,Vegetables,34.7,43.0,33.3,13.4,Mumbai,2023-12-12,onion
Onion,Vegetables,40.2,29.2,27.2,4.2,Mumbai,2023-12-13,onion
Onion,Vegetables,39.2,37.7,28.9,11.6,Mumbai,2023-12-14,onion
Onion,Vegetables,33.8,42.5,31.7,16.5,Mumbai,2023-12-15,onion
Onion,Vegetables,39.7,40.6,32.8,12.0,Mumbai,2023-12-16,onion
Onion,Vegetables,34.2,46.0,36.6,16.3,Mumbai,2023-12-17,onion
Onion,Vegetables,37.0,35.0,28.7,11.1,Mumbai,2023-12-18,onion
Onion,Vegetables,37.0,28.7,25.3,10.2,Mumbai,2023-12-19,onion
Onion,Vegetables,35.5,25.7,24.0,5.2,Mumbai,2023-12-20,onion
Onion,Vegetables,40.1,35.4,32.0,6.0,Mumbai,2023-12-21,onion
Onion,Vegetables,35.2,31.7,27.0,8.6,Mumbai,2023-12-22,onion
Onion,Vegetables,40.2,46.3,34.3,16.9,Mumbai,2023-12-23,onion
Onion,Vegetables,38.8,37.5,29.9,11.3,Mumbai,2023-12-24,onion
Onion,Vegetables,34.7,32.0,24.1,11.4,Mumbai,2023-12-25,onion
Onion,Vegetables,33.5,30.8,26.0,7.5,Mumbai,2023-12-26,onion
Onion,Vegetables,33.6,37.5,31.6,9.9,Mumbai,2023-12-27,onion
Onion,Vegetables,36.8,33.8,27.5,8.9,Mumbai,2023-12-28,onion
Onion,Vegetables,39.5,36.7,28.4,13.4,Mumbai,2023-12-29,onion
Onion,Vegetables,34.4,36.0,26.7,14.2,Mumbai,2023-12-30,onion
Onion,Vegetables,36.2,33.6,30.5,6.5,Mumbai,2023-12-31,onion
Onion,Vegetables,38.6,33.2,29.1,7.1,Nashik,2022-01-01,onion
Onion,Vegetables,34.4,34.3,30.4,9.9,Nashik,2022-01-02,onion
Onion,Vegetables,37.5,29.6,23.9,8.5,Nashik,2022-01-03,onion
Onion,Vegetables,34.2,31.0,26.6,9.8,Nashik,2022-01-04,onion
Onion,Vegetables,38.4,30.0,24.1,9.2,Nashik,2022-01-05,onion
Onion,Vegetables,36.7,40.5,32.8,14.2,Nashik,2022-01-06,onion
Onion,Vegetables,33.7,38.3,36.4,7.8,Nashik,2022-01-07,onion
Onion,Vegetables,38.6,41.0,37.8,7.2,Nashik,2022-01-08,onion
Onion,Vegetables,39.2,35.1,27.6,14.8,Nashik,2022-01-09,onion
Onion,Vegetables,35.3,40.0,31.9,10.7,Nashik,2022-01-10,onion
Onion,Vegetables,33.5,36.2,28.0,14.9,Nashik,2022-01-11,onion
Onion,Vegetables,35.2,44.8,37.2,14.1,Nashik,2022-01-12,onion
Onion,Vegetables,35.1,28.8,26.4,8.1,Nashik,2022-01-13,onion
Onion,Vegetables,36.7,29.9,27.2,4.7,Nashik,2022-01-14,onion
Onion,Vegetables,34.3,37.7,32.2,8.9,Nashik,2022-01-15,onion
Onion,Vegetables,37.1,40.3,33.5,14.7,Nashik,2022-01-16,onion
Onion,Vegetables,38.7,35.1,27.6,14.9,Nashik,2022-01-17,onion
Onion,Vegetables,33.4,41.3,31.2,13.4,Nashik,2022-01-18,onion
Onion,Vegetables,38.2,35.0,26.2,16.4,Nashik,2022-01-19,onion
Onion,Vegetables,37.8,31.0,28.3,8.1,Nashik,2022-01-20,onion
Onion,Vegetables,35.6,34.7,27.6,12.9,Nashik,2022-01-21,onion
Onion,Vegetables,35.1,43.8,36.2,12.1,Nashik,2022-01-22,onion
Onion,Vegetables,35.8,38.7,36.0,6.3,Nashik,2022-01-23,onion
Onion,Vegetables,39.5,28.2,22.4,8.2,Nashik,2022-01-24,onion
Onion,Vegetables,40.3,36.0,27.1,16.7,Nashik,2022-01-25,onion
Onion,Vegetables,38.1,34.1,30.0,11.6,Nashik,2022-01-26,onion
Onion,Vegetables,37.2,30.4,25.9,12.1,Nashik,2022-01-27,onion
Onion,Vegetables,39.0,21.6,20.4,3.3,Nashik,2022-01-28,onion
Onion,Vegetables,33.6,46.9,38.9,13.2,Nashik,2022-01-29,onion
Onion,Vegetables,34.9,41.7,35.1,10.1,Nashik,2022-01-30,onion
Onion,Vegetables,35.1,35.4,26.5,16.4,Nashik,2022-01-31,onion
Onion,Vegetables,38.9,32.6,26.7,12.8,Nashik,2022-02-01,onion
Onion,Vegetables,40.1,30.4,24.0,12.3,Nashik,2022-02-02,onion
Onion,Vegetables,39.1,26.1,22.6,7.4,Nashik,2022-02-03,onion
Onion,Vegetables,37.3,26.8,25.5,8.0,Nashik,2022-02-04,onion
Onion,Vegetables,37.0,38.5,30.8,10.7,Nashik,2022-02-05,onion
Onion,Vegetables,35.0,35.7,27.1,15.6,Nashik,2022-02-06,onion
Onion,Vegetables,39.4,38.8,30.5,11.1,Nashik,2022-02-07,onion
Onion,Vegetables,33.6,26.2,24.3,6.1,Nashik,2022-02-08,onion
Onion,Vegetables,34.6,38.4,31.0,10.0,Nashik,2022-02-09,onion
Onion,Vegetables,38.7,41.1,30.7,16.3,Nashik,2022-02-10,onion
Onion,Vegetables,38.8,32.4,30.1,10.0,Nashik,2022-02-11,onion
Onion,Vegetables,34.7,39.6,35.9,5.9,Nashik,2022-02-12,onion
Onion,Vegetables,35.3,36.5,33.3,9.2,Nashik,2022-02-13,onion
Onion,Vegetables,35.1,31.4,29.6,3.9,Nashik,2022-02-14,onion
Onion,Vegetables,37.7,28.1,26.1,6.2,Nashik,2022-02-15,onion
Onion,Vegetables,33.1,29.6,24.0,10.6,Nashik,2022-02-16,onion
Onion,Vegetables,38.0,31.8,23.9,14.7,Nashik,2022-02-17,onion
Onion,Vegetables,39.8,27.1,23.1,10.7,Nashik,2022-02-18,onion
Onion,Vegetables,40.0,34.2,28.1,9.0,Nashik,2022-02-19,onion
Onion,Vegetables,34.7,29.8,26.6,10.3,Nashik,2022-02-20,onion
Onion,Vegetables,35.1,29.7,24.2,10.4,Nashik,2022-02-21,onion
Onion,Vegetables,39.8,27.6,22.2,9.3,Nashik,2022-02-22,onion
Onion,Vegetables,33.8,39.0,32.6,13.6,Nashik,2022-02-23,onion
Onion,Vegetables,39.7,40.6,32.9,14.6,Nashik,2022-02-24,onion
Onion,Vegetables,33.9,35.2,30.1,8.6,Nashik,2022-02-25,onion
Onion,Vegetables,33.2,38.3,33.4,12.1,Nashik,2022-02-26,onion
Onion,Vegetables,38.3,40.1,32.9,11.1,Nashik,2022-02-27,onion
Onion,Vegetables,36.8,31.3,27.9,8.3,Nashik,2022-02-28,onion
Onion,Vegetables,33.8,35.9,28.4,14.9,Nashik,2022-03-01,onion
Onion,Vegetables,36.4,27.9,25.2,5.4,Nashik,2022-03-02,onion
Onion,Vegetables,34.5,30.8,28.1,10.2,Nashik,2022-03-03,onion
Onion,Vegetables,34.6,42.9,34.2,16.4,Nashik,2022-03-04,onion
Onion,Vegetables,40.1,36.6,30.0,13.1,Nashik,2022-03-05,onion
Onion,Vegetables,35.9,36.8,29.4,11.0,Nashik,2022-03-06,onion
Onion,Vegetables,33.7,30.4,28.2,8.5,Nashik,2022-03-07,onion
Onion,Vegetables,34.8,33.8,29.3,11.3,Nashik,2022-03-08,onion
Onion,Vegetables,36.2,36.5,28.5,11.8,Nashik,2022-03-09,onion
Onion,Vegetables,39.8,35.4,28.9,14.4,Nashik,2022-03-10,onion
Onion,Vegetables,39.0,31.1,23.9,13.6,Nashik,2022-03-11,onion
Onion,Vegetables,35.6,38.6,33.0,8.8,Nashik,2022-03-12,onion
Onion,Vegetables,35.3,38.0,36.2,7.8,Nashik,2022-03-13,onion
Onion,Vegetables,37.5,36.4,28.9,11.0,Nashik,2022-03-14,onion
Onion,Vegetables,35.8,33.5,27.8,11.0,Nashik,2022-03-15,onion
Onion,Vegetables,35.1,34.1,25.5,12.8,Nashik,2022-03-16,onion
Onion,Vegetables,35.8,31.1,24.6,9.5,Nashik,2022-03-17,onion
Onion,Vegetables,37.8,28.6,25.8,7.6,Nashik,2022-03-18,onion
Onion,Vegetables,39.1,41.5,32.7,16.0,Nashik,2022-03-19,onion
Onion,Vegetables,39.2,54.4,41.0,19.8,Nashik,2022-03-20,onion
Onion,Vegetables,35.7,33.3,28.8,8.7,Nashik,2022-03-21,onion
Onion,Vegetables,36.7,29.5,24.0,12.7,Nashik,2022-03-22,onion
Onion,Vegetables,36.7,29.1,26.1,9.9,Nashik,2022-03-23,onion
Onion,Vegetables,38.6,39.3,30.6,15.7,Nashik,2022-03-24,onion
Onion,Vegetables,39.6,38.0,30.8,11.6,Nashik,2022-03-25,onion
Onion,Vegetables,33.8,40.6,31.0,14.0,Nashik,2022-03-26,onion
Onion,Vegetables,39.4,40.4,33.5,11.6,Nashik,2022-03-27,onion
Onion,Vegetables,35.7,38.4,31.3,14.3,Nashik,2022-03-28,onion
Onion,Vegetables,40.3,29.6,26.8,8.8,Nashik,2022-03-29,onion
Onion,Vegetables,36.1,28.9,25.7,9.6,Nashik,2022-03-30,onion
Onion,Vegetables,35.7,28.8,25.6,10.5,Nashik,2022-03-31,onion
Onion,Vegetables,33.4,33.9,31.7,7.2,Nashik,2022-04-01,onion
Onion,Vegetables,35.7,53.5,41.7,18.7,Nashik,2022-04-02,onion
Onion,Vegetables,34.3,47.4,38.3,14.0,Nashik,2022-04-03,onion
Onion,Vegetables,39.6,36.4,27.2,12.6,Nashik,2022-04-04,onion
Onion,Vegetables,34.4,35.5,27.2,12.1,Nashik,2022-04-05,onion
Onion,Vegetables,33.3,36.2,30.8,7.6,Nashik,2022-04-06,onion
Onion,Vegetables,34.6,28.1,26.5,4.5,Nashik,2022-04-07,onion
Onion,Vegetables,36.5,37.3,27.8,12.1,Nashik,2022-04-08,onion
Onion,Vegetables,37.6,31.5,29.7,5.1,Nashik,2022-04-09,onion
Onion,Vegetables,38.1,43.2,32.3,16.2,Nashik,2022-04-10,onion
Onion,Vegetables,33.4,31.9,28.9,5.4,Nashik,2022-04-11,onion
Onion,Vegetables,35.0,37.1,27.9,15.8,Nashik,2022-04-12,onion
Onion,Vegetables,34.4,30.4,28.5,6.3,Nashik,2022-04-13,onion
Onion,Vegetables,38.9,29.6,24.7,12.3,Nashik,2022-04-14,onion
Onion,Vegetables,38.8,34.3,31.8,5.7,Nashik,2022-04-15,onion
Onion,Vegetables,38.2,35.0,33.3,3.7,Nashik,2022-04-16,onion
Onion,Vegetables,35.9,45.4,34.8,13.8,Nashik,2022-04-17,onion
Onion,Vegetables,36.0,35.3,28.5,9.7,Nashik,2022-04-18,onion
Onion,Vegetables,35.4,34.1,25.7,12.8,Nashik,2022-04-19,onion
Onion,Vegetables,34.7,36.3,32.6,9.8,Nashik,2022-04-20,onion
Onion,Vegetables,35.8,36.1,30.7,12.5,Nashik,2022-04-21,onion
Onion,Vegetables,37.1,32.5,24.2,12.5,Nashik,2022-04-22,onion
Onion,Vegetables,35.2,40.9,38.8,8.1,Nashik,2022-04-23,onion
Onion,Vegetables,34.4,50.0,37.4,18.1,Nashik,2022-04-24,onion
Onion,Vegetables,34.0,30.0,27.9,6.4,Nashik,2022-04-25,onion
Onion,Vegetables,38.6,38.7,31.0,14.9,Nashik,2022-04-26,onion
Onion,Vegetables,38.5,29.0,23.3,9.6,Nashik,2022-04-27,onion
Onion,Vegetables,39.4,26.3,22.9,8.3,Nashik,2022-04-28,onion
Onion,Vegetables,33.4,31.0,26.1,8.5,Nashik,2022-04-29,onion
Onion,Vegetables,35.1,38.0,32.1,13.0,Nashik,2022-04-30,onion
Onion,Vegetables,38.6,39.8,29.6,17.4,Nashik,2022-05-01,onion
Onion,Vegetables,33.5,26.2,24.6,8.5,Nashik,2022-05-02,onion
Onion,Vegetables,33.6,41.5,34.8,11.0,Nashik,2022-05-03,onion
Onion,Vegetables,34.6,32.8,29.3,9.0,Nashik,2022-05-04,onion
Onion,Vegetables,39.3,31.0,29.1,8.9,Nashik,2022-05-05,onion
Onion,Vegetables,35.6,36.3,27.7,16.1,Nashik,2022-05-06,onion
Onion,Vegetables,38.2,36.3,29.9,11.2,Nashik,2022-05-07,onion
Onion,Vegetables,38.8,30.8,24.0,8.9,Nashik,2022-05-08,onion
Onion,Vegetables,34.2,37.5,33.5,7.9,Nashik,2022-05-09,onion
Onion,Vegetables,36.4,29.6,24.1,12.9,Nashik,2022-05-10,onion
Onion,Vegetables,38.9,40.6,31.2,14.5,Nashik,2022-05-11,onion
Onion,Vegetables,35.3,34.7,26.0,16.5,Nashik,2022-05-12,onion
Onion,Vegetables,34.7,42.0,36.1,8.7,Nashik,2022-05-13,onion
Onion,Vegetables,35.6,33.6,25.9,11.7,Nashik,2022-05-14,onion
Onion,Vegetables,37.4,44.3,37.0,10.1,Nashik,2022-05-15,onion
Onion,Vegetables,39.6,33.6,29.8,7.8,Nashik,2022-05-16,onion
Onion,Vegetables,38.7,30.1,28.4,8.9,Nashik,2022-05-17,onion
Onion,Vegetables,38.8,33.8,28.0,8.8,Nashik,2022-05-18,onion
Onion,Vegetables,37.0,38.9,30.1,14.0,Nashik,2022-05-19,onion
Onion,Vegetables,33.6,38.7,34.3,12.3,Nashik,2022-05-20,onion
Onion,Vegetables,39.2,35.5,30.3,8.8,Nashik,2022-05-21,onion
Onion,Vegetables,39.8,41.0,33.3,14.5,Nashik,2022-05-22,onion
Onion,Vegetables,37.5,25.2,22.5,6.8,Nashik,2022-05-23,onion
Onion,Vegetables,35.2,41.7,33.2,13.0,Nashik,2022-05-24,onion
Onion,Vegetables,37.1,29.7,25.2,9.6,Nashik,2022-05-25,onion
Onion,Vegetables,33.5,35.0,31.9,5.5,Nashik,2022-05-26,onion
Onion,Vegetables,38.5,31.4,25.1,14.1,Nashik,2022-05-27,onion
Onion,Vegetables,39.0,27.1,25.4,5.5,Nashik,2022-05-28,onion
Onion,Vegetables,33.5,34.1,29.5,11.5,Nashik,2022-05-29,onion
Onion,Vegetables,38.9,28.6,24.8,9.8,Nashik,2022-05-30,onion
Onion,Vegetables,35.8,38.8,33.3,10.8,Nashik,2022-05-31,onion
Onion,Vegetables,33.9,30.5,25.2,11.8,Nashik,2022-06-01,onion
Onion,Vegetables,39.5,31.2,26.1,12.5,Nashik,2022-06-02,onion
Onion,Vegetables,35.0,27.1,24.6,5.3,Nashik,2022-06-03,onion
Onion,Vegetables,34.2,41.2,35.0,13.4,Nashik,2022-06-04,onion
Onion,Vegetables,35.3,49.3,37.1,18.8,Nashik,2022-06-05,onion
Onion,Vegetables,33.3,38.7,33.1,13.5,Nashik,2022-06-06,onion
Onion,Vegetables,39.2,33.9,26.6,10.1,Nashik,2022-06-07,onion
Onion,Vegetables,33.9,36.5,33.4,10.2,Nashik,2022-06-08,onion
Onion,Vegetables,39.4,36.3,30.9,11.0,Nashik,2022-06-09,onion
Onion,Vegetables,36.8,33.9,27.5,12.1,Nashik,2022-06-10,onion
Onion,Vegetables,35.9,41.4,39.1,9.0,Nashik,2022-06-11,onion
Onion,Vegetables,36.5,35.0,31.1,9.7,Nashik,2022-06-12,onion
Onion,Vegetables,34.9,33.1,26.4,13.6,Nashik,2022-06-13,onion
Onion,Vegetables,35.9,30.1,26.2,10.0,Nashik,2022-06-14,onion
Onion,Vegetables,39.8,34.4,27.9,10.7,Nashik,2022-06-15,onion
Onion,Vegetables,35.4,38.7,33.7,9.8,Nashik,2022-06-16,onion
Onion,Vegetables,38.6,26.4,23.5,9.2,Nashik,2022-06-17,onion
Onion,Vegetables,38.6,35.2,32.0,10.1,Nashik,2022-06-18,onion
Onion,Vegetables,33.8,31.7,29.5,7.2,Nashik,2022-06-19,onion
Onion,Vegetables,34.8,40.1,32.7,14.4,Nashik,2022-06-20,onion
Onion,Vegetables,38.1,34.3,31.0,5.8,Nashik,2022-06-21,onion
Onion,Vegetables,38.5,32.7,29.4,6.6,Nashik,2022-06-22,onion
Onion,Vegetables,37.3,31.9,29.1,6.6,Nashik,2022-06-23,onion
Onion,Vegetables,39.0,26.2,23.6,4.7,Nashik,2022-06-24,onion
Onion,Vegetables,37.3,42.0,34.5,10.1,Nashik,2022-06-25,onion
Onion,Vegetables,33.5,53.7,40.2,16.0,Nashik,2022-06-26,onion
Onion,Vegetables,38.2,30.1,27.2,5.1,Nashik,2022-06-27,onion
Onion,Vegetables,35.5,36.8,34.6,9.8,Nashik,2022-06-28,onion
Onion,Vegetables,33.5,37.5,33.6,8.5,Nashik,2022-06-29,onion
Onion,Vegetables,39.9,33.8,26.9,12.8,Nashik,2022-06-30,onion
Onion,Vegetables,34.9,25.6,23.1,4.6,Nashik,2022-07-01,onion
Onion,Vegetables,39.2,41.0,35.7,11.8,Nashik,2022-07-02,onion
Onion,Vegetables,33.6,42.2,32.6,16.9,Nashik,2022-07-03,onion
Onion,Vegetables,35.0,35.6,27.2,12.1,Nashik,2022-07-04,onion
Onion,Vegetables,34.8,36.4,27.1,15.3,Nashik,2022-07-05,onion
Onion,Vegetables,39.1,32.5,24.8,13.2,Nashik,2022-07-06,onion
Onion,Vegetables,37.9,36.6,31.9,12.6,Nashik,2022-07-07,onion
Onion,Vegetables,39.3,32.9,25.8,9.3,Nashik,2022-07-08,onion
Onion,Vegetables,35.5,38.1,31.5,9.8,Nashik,2022-07-09,onion
Onion,Vegetables,39.4,42.4,37.3,8.5,Nashik,2022-07-10,onion
Onion,Vegetables,36.8,34.3,28.7,10.5,Nashik,2022-07-11,onion
Onion,Vegetables,36.0,36.5,30.5,12.3,Nashik,2022-07-12,onion
Onion,Vegetables,35.0,43.9,33.3,14.9,Nashik,2022-07-13,onion
Onion,Vegetables,35.5,25.3,22.4,5.4,Nashik,2022-07-14,onion
Onion,Vegetables,37.8,37.7,28.5,15.3,Nashik,2022-07-15,onion
Onion,Vegetables,37.2,33.5,29.5,6.1,Nashik,2022-07-16,onion
Onion,Vegetables,35.6,27.5,25.7,9.0,Nashik,2022-07-17,onion
Onion,Vegetables,38.3,29.1,23.8,12.1,Nashik,2022-07-18,onion
Onion,Vegetables,38.3,24.7,23.3,8.1,Nashik,2022-07-19,onion
Onion,Vegetables,39.5,31.0,27.5,6.5,Nashik,2022-07-20,onion
Onion,Vegetables,37.0,32.7,26.9,10.6,Nashik,2022-07-21,onion
Onion,Vegetables,39.6,33.8,28.8,12.2,Nashik,2022-07-22,onion
Onion,Vegetables,34.1,30.1,28.0,10.1,Nashik,2022-07-23,onion
Onion,Vegetables,37.3,39.3,31.9,13.6,Nashik,2022-07-24,onion
Onion,Vegetables,40.2,31.9,29.4,5.2,Nashik,2022-07-25,onion
Onion,Vegetables,36.9,37.6,27.9,16.6,Nashik,2022-07-26,onion
Onion,Vegetables,35.0,36.2,28.1,13.9,Nashik,2022-07-27,onion
Onion,Vegetables,34.0,36.2,31.8,10.4,Nashik,2022-07-28,onion
Onion,Vegetables,33.4,38.2,29.4,12.0,Nashik,2022-07-29,onion
Onion,Vegetables,37.5,48.3,42.9,10.8,Nashik,2022-07-30,onion
Onion,Vegetables,37.5,44.4,37.7,12.5,Nashik,2022-07-31,onion
Onion,Vegetables,34.5,40.3,34.7,10.1,Nashik,2022-08-01,onion
Onion,Vegetables,34.3,35.7,28.9,9.5,Nashik,2022-08-02,onion
Onion,Vegetables,36.7,27.8,25.8,6.1,Nashik,2022-08-03,onion
Onion,Vegetables,39.4,31.0,25.2,12.5,Nashik,2022-08-04,onion
Onion,Vegetables,33.9,33.4,25.5,13.9,Nashik,2022-08-05,onion
Onion,Vegetables,36.7,30.3,26.6,10.3,Nashik,2022-08-06,onion
Onion,Vegetables,39.5,33.5,29.6,10.4,Nashik,2022-08-07,onion
Onion,Vegetables,35.9,34.9,28.2,11.8,Nashik,2022-08-08,onion
Onion,Vegetables,39.7,27.1,25.3,8.6,Nashik,2022-08-09,onion
Onion,Vegetables,35.5,27.7,21.9,7.8,Nashik,2022-08-10,onion
Onion,Vegetables,39.4,32.1,26.9,10.9,Nashik,2022-08-11,onion
Onion,Vegetables,40.1,34.5,28.3,8.6,Nashik,2022-08-12,onion
Onion,Vegetables,37.2,43.8,38.4,12.9,Nashik,2022-08-13,onion
Onion,Vegetables,38.9,34.8,30.3,8.6,Nashik,2022-08-14,onion
Onion,Vegetables,36.8,35.4,28.7,10.6,Nashik,2022-08-15,onion
Onion,Vegetables,37.7,27.4,25.4,9.7,Nashik,2022-08-16,onion
Onion,Vegetables,33.6,35.0,32.0,5.4,Nashik,2022-08-17,onion
Onion,Vegetables,33.9,37.3,27.8,12.0,Nashik,2022-08-18,onion
Onion,Vegetables,37.8,35.4,31.1,6.5,Nashik,2022-08-19,onion
Onion,Vegetables,38.5,38.6,31.5,11.7,Nashik,2022-08-20,onion
Onion,Vegetables,35.4,41.9,32.6,15.1,Nashik,2022-08-21,onion
Onion,Vegetables,35.9,30.6,28.5,7.7,Nashik,2022-08-22,onion
Onion,Vegetables,39.2,27.9,21.5,9.7,Nashik,2022-08-23,onion
Onion,Vegetables,34.4,28.2,22.4,11.7,Nashik,2022-08-24,onion
Onion,Vegetables,39.7,27.6,23.4,8.5,Nashik,2022-08-25,onion
Onion,Vegetables,39.9,33.0,24.9,12.7,Nashik,2022-08-26,onion
Onion,Vegetables,36.1,48.2,39.7,12.2,Nashik,2022-08-27,onion
Onion,Vegetables,38.7,40.4,30.6,16.1,Nashik,2022-08-28,onion
Onion,Vegetables,34.5,26.0,24.7,5.6,Nashik,2022-08-29,onion
Onion,Vegetables,36.5,40.3,30.5,15.5,Nashik,2022-08-30,onion
Onion,Vegetables,35.1,29.3,26.3,9.5,Nashik,2022-08-31,onion
Onion,Vegetables,35.3,30.8,29.1,6.7,Nashik,2022-09-01,onion
Onion,Vegetables,37.9,29.7,25.2,9.8,Nashik,2022-09-02,onion
Onion,Vegetables,33.7,42.2,38.0,8.4,Nashik,2022-09-03,onion
Onion,Vegetables,35.0,50.8,41.9,15.5,Nashik,2022-09-04,onion
Onion,Vegetables,37.6,29.5,25.9,6.3,Nashik,2022-09-05,onion
Onion,Vegetables,37.7,32.6,25.3,10.6,Nashik,2022-09-06,onion
Onion,Vegetables,37.0,26.1,24.2,6.4,Nashik,2022-09-07,onion
Onion,Vegetables,40.2,25.0,21.6,6.6,Nashik,2022-09-08,onion
Onion,Vegetables,33.8,34.5,31.3,8.0,Nashik,2022-09-09,onion
Onion,Vegetables,33.3,38.0,34.5,8.0,Nashik,2022-09-10,onion
Onion,Vegetables,35.8,46.6,35.8,13.5,Nashik,2022-09-11,onion
Onion,Vegetables,36.2,28.9,25.0,7.9,Nashik,2022-09-12,onion
Onion,Vegetables,38.6,34.6,31.9,9.8,Nashik,2022-09-13,onion
Onion,Vegetables,33.6,29.7,25.4,7.4,Nashik,2022-09-14,onion
Onion,Vegetables,37.5,26.4,22.3,9.5,Nashik,2022-09-15,onion
Onion,Vegetables,37.5,34.8,28.8,12.9,Nashik,2022-09-16,onion
Onion,Vegetables,37.6,40.2,33.9,12.8,Nashik,2022-09-17,onion
Onion,Vegetables,37.4,46.4,39.6,9.4,Nashik,2022-09-18,onion
Onion,Vegetables,39.1,26.7,21.3,12.4,Nashik,2022-09-19,onion
Onion,Vegetables,36.6,34.3,29.8,6.5,Nashik,2022-09-20,onion
Onion,Vegetables,39.3,32.1,29.0,10.3,Nashik,2022-09-21,onion
Onion,Vegetables,37.6,27.2,23.2,7.9,Nashik,2022-09-22,onion
Onion,Vegetables,34.5,39.2,30.9,10.9,Nashik,2022-09-23,onion
Onion,Vegetables,36.8,46.0,35.1,15.9,Nashik,2022-09-24,onion
Onion,Vegetables,39.2,41.3,32.1,11.4,Nashik,2022-09-25,onion
Onion,Vegetables,39.8,38.6,30.5,11.4,Nashik,2022-09-26,onion
Onion,Vegetables,33.3,37.1,33.1,10.8,Nashik,2022-09-27,onion
Onion,Vegetables,37.4,30.1,23.3,11.5,Nashik,2022-09-28,onion
Onion,Vegetables,37.5,26.7,25.3,6.0,Nashik,2022-09-29,onion
Onion,Vegetables,33.2,29.2,26.5,10.3,Nashik,2022-09-30,onion
Onion,Vegetables,33.2,41.4,37.3,7.5,Nashik,2022-10-01,onion
Onion,Vegetables,39.0,30.8,28.0,9.3,Nashik,2022-10-02,onion
Onion,Vegetables,39.6,39.0,29.5,16.1,Nashik,2022-10-03,onion
Onion,Vegetables,38.8,33.8,31.2,6.6,Nashik,2022-10-04,onion
Onion,Vegetables,36.4,38.4,30.7,12.2,Nashik,2022-10-05,onion
Onion,Vegetables,35.8,22.7,21.2,9.3,Nashik,2022-10-06,onion
Onion,Vegetables,39.8,32.7,30.8,7.1,Nashik,2022-10-07,onion
Onion,Vegetables,38.3,33.6,26.0,13.3,Nashik,2022-10-08,onion
Onion,Vegetables,34.8,47.2,38.3,12.5,Nashik,2022-10-09,onion
Onion,Vegetables,37.4,28.4,25.0,9.8,Nashik,2022-10-10,onion
Onion,Vegetables,36.8,34.1,31.2,8.2,Nashik,2022-10-11,onion
Onion,Vegetables,37.9,40.8,35.2,12.9,Nashik,2022-10-12,onion
Onion,Vegetables,34.8,31.5,27.8,10.3,Nashik,2022-10-13,onion
Onion,Vegetables,33.5,38.6,30.0,13.2,Nashik,2022-10-14,onion
Onion,Vegetables,37.3,46.9,37.6,16.7,Nashik,2022-10-15,onion
Onion,Vegetables,33.4,40.8,35.4,11.5,Nashik,2022-10-16,onion
Onion,Vegetables,34.8,32.3,26.1,11.1,Nashik,2022-10-17,onion
Onion,Vegetables,34.0,32.9,31.1,6.8,Nashik,2022-10-18,onion
Onion,Vegetables,38.5,34.0,30.5,9.2,Nashik,2022-10-19,onion
Onion,Vegetables,39.8,31.9,27.9,9.8,Nashik,2022-10-20,onion
Onion,Vegetables,38.3,40.5,32.6,14.4,Nashik,2022-10-21,onion
Onion,Vegetables,35.1,48.9,45.4,6.6,Nashik,2022-10-22,onion
Onion,Vegetables,35.3,37.5,35.2,5.7,Nashik,2022-10-23,onion
Onion,Vegetables,36.9,29.7,22.3,12.2,Nashik,2022-10-24,onion
Onion,Vegetables,37.7,30.1,28.4,6.1,Nashik,2022-10-25,onion
Onion,Vegetables,37.0,27.3,24.6,7.5,Nashik,2022-10-26,onion
Onion,Vegetables,33.6,30.2,27.0,9.5,Nashik,2022-10-27,onion
Onion,Vegetables,34.7,40.2,30.0,17.5,Nashik,2022-10-28,onion
Onion,Vegetables,34.8,24.0,22.3,6.3,Nashik,2022-10-29,onion
Onion,Vegetables,33.8,47.3,35.5,17.2,Nashik,2022-10-30,onion
Onion,Vegetables,35.7,36.6,30.5,9.1,Nashik,2022-10-31,onion
Onion,Vegetables,36.5,30.5,28.2,6.6,Nashik,2022-11-01,onion
Onion,Vegetables,38.8,28.8,26.5,6.1,Nashik,2022-11-02,onion
Onion,Vegetables,34.5,27.0,22.5,7.5,Nashik,2022-11-03,onion
Onion,Vegetables,38.6,34.9,28.1,9.1,Nashik,2022-11-04,onion
Onion,Vegetables,39.9,34.7,30.5,9.2,Nashik,2022-11-05,onion
Onion,Vegetables,37.6,39.7,34.9,11.6,Nashik,2022-11-06,onion
Onion,Vegetables,33.7,42.2,32.7,16.7,Nashik,2022-11-07,onion
Onion,Vegetables,34.9,23.7,21.1,6.8,Nashik,2022-11-08,onion
Onion,Vegetables,36.2,32.1,24.4,11.6,Nashik,2022-11-09,onion
Onion,Vegetables,37.0,34.5,30.0,9.1,Nashik,2022-11-10,onion
Onion,Vegetables,36.9,30.0,26.0,9.8,Nashik,2022-11-11,onion
Onion,Vegetables,37.4,43.5,33.9,16.9,Nashik,2022-11-12,onion
Onion,Vegetables,33.8,35.6,29.8,11.6,Nashik,2022-11-13,onion
Onion,Vegetables,34.2,36.9,32.0,12.8,Nashik,2022-11-14,onion
Onion,Vegetables,34.1,39.8,34.9,8.1,Nashik,2022-11-15,onion
Onion,Vegetables,34.6,28.8,26.0,6.3,Nashik,2022-11-16,onion
Onion,Vegetables,34.7,32.9,28.9,8.1,Nashik,2022-11-17,onion
Onion,Vegetables,40.0,34.5,31.2,10.6,Nashik,2022-11-18,onion
Onion,Vegetables,38.4,45.0,38.2,11.4,Nashik,2022-11-19,onion
Onion,Vegetables,38.9,48.4,37.4,16.4,Nashik,2022-11-20,onion
Onion,Vegetables,38.7,31.4,25.4,10.6,Nashik,2022-11-21,onion
Onion,Vegetables,33.8,40.2,32.3,13.4,Nashik,2022-11-22,onion
Onion,Vegetables,33.9,36.9,28.4,10.9,Nashik,2022-11-23,onion
Onion,Vegetables,36.4,30.2,27.4,6.3,Nashik,2022-11-24,onion
Onion,Vegetables,38.7,36.7,28.0,15.8,Nashik,2022-11-25,onion
Onion,Vegetables,34.7,47.3,38.0,16.0,Nashik,2022-11-26,onion
Onion,Vegetables,37.2,39.3,34.6,10.8,Nashik,2022-11-27,onion
Onion,Vegetables,37.4,39.0,31.5,10.1,Nashik,2022-11-28,onion
Onion,Vegetables,34.0,30.9,27.7,5.8,Nashik,2022-11-29,onion
Onion,Vegetables,35.0,37.2,32.7,12.4,Nashik,2022-11-30,onion
Onion,Vegetables,39.1,33.6,27.6,9.4,Nashik,2022-12-01,onion
Onion,Vegetables,38.5,28.0,26.4,8.0,Nashik,2022-12-02,onion
Onion,Vegetables,39.6,43.8,32.9,17.1,Nashik,2022-12-03,onion
Onion,Vegetables,38.1,35.9,33.9,5.0,Nashik,2022-12-04,onion
Onion,Vegetables,38.7,30.8,23.1,13.6,Nashik,2022-12-05,onion
Onion,Vegetables,36.6,37.8,28.9,16.6,Nashik,2022-12-06,onion
Onion,Vegetables,35.8,32.9,24.6,11.0,Nashik,2022-12-07,onion
Onion,Vegetables,39.8,29.9,27.0,10.4,Nashik,2022-12-08,onion
Onion,Vegetables,36.4,30.7,26.3,9.4,Nashik,2022-12-09,onion
Onion,Vegetables,33.2,43.1,34.5,15.6,Nashik,2022-12-10,onion
Onion,Vegetables,33.3,41.9,31.9,13.0,Nashik,2022-12-11,onion
Onion,Vegetables,33.5,37.7,28.8,13.6,Nashik,2022-12-12,onion
Onion,Vegetables,33.8,40.6,33.3,11.3,Nashik,2022-12-13,onion
Onion,Vegetables,36.2,41.7,31.2,15.7,Nashik,2022-12-14,onion
Onion,Vegetables,36.0,30.2,26.6,7.0,Nashik,2022-12-15,onion
Onion,Vegetables,38.0,34.6,28.1,13.1,Nashik,2022-12-16,onion
Onion,Vegetables,36.2,41.2,31.3,12.3,Nashik,2022-12-17,onion
Onion,Vegetables,37.4,34.5,30.8,7.0,Nashik,2022-12-18,onion
Onion,Vegetables,33.8,32.5,27.4,12.8,Nashik,2022-12-19,onion
Onion,Vegetables,34.9,31.7,25.0,12.6,Nashik,2022-12-20,onion
Onion,Vegetables,36.8,28.0,25.4,6.7,Nashik,2022-12-21,onion
Onion,Vegetables,34.1,36.4,27.0,14.1,Nashik,2022-12-22,onion
Onion,Vegetables,37.0,28.2,23.6,7.0,Nashik,2022-12-23,onion
Onion,Vegetables,40.1,39.8,33.4,8.6,Nashik,2022-12-24,onion
Onion,Vegetables,37.4,44.1,33.0,18.6,Nashik,2022-12-25,onion
Onion,Vegetables,36.2,34.5,27.3,10.1,Nashik,2022-12-26,onion
Onion,Vegetables,33.7,40.6,30.7,17.4,Nashik,2022-12-27,onion
Onion,Vegetables,35.6,35.7,31.2,9.2,Nashik,2022-12-28,onion
Onion,Vegetables,37.9,29.0,27.5,6.2,Nashik,2022-12-29,onion
Onion,Vegetables,33.7,34.2,28.1,10.0,Nashik,2022-12-30,onion
Onion,Vegetables,36.6,41.0,32.4,14.7,Nashik,2022-12-31,onion
Onion,Vegetables,39.4,38.1,33.1,7.3,Nashik,2023-01-01,onion
Onion,Vegetables,40.1,30.6,23.1,10.6,Nashik,2023-01-02,onion
Onion,Vegetables,36.9,33.2,26.0,13.6,Nashik,2023-01-03,onion
Onion,Vegetables,33.3,36.1,29.7,12.5,Nashik,2023-01-04,onion
Onion,Vegetables,36.0,34.9,27.4,11.2,Nashik,2023-01-05,onion
Onion,Vegetables,34.8,32.1,30.5,7.4,Nashik,2023-01-06,onion
Onion,Vegetables,38.7,48.8,38.4,13.4,Nashik,2023-01-07,onion
Onion,Vegetables,37.0,52.8,40.6,18.4,Nashik,2023-01-08,onion
Onion,Vegetables,34.1,32.6,30.9,4.5,Nashik,2023-01-09,onion
Onion,Vegetables,33.4,24.1,22.9,3.7,Nashik,2023-01-10,onion
Onion,Vegetables,36.0,35.0,26.3,16.7,Nashik,2023-01-11,onion
Onion,Vegetables,33.5,35.4,28.6,11.8,Nashik,2023-01-12,onion
Onion,Vegetables,39.8,37.0,31.0,9.0,Nashik,2023-01-13,onion
Onion,Vegetables,38.7,33.4,28.1,11.4,Nashik,2023-01-14,onion
Onion,Vegetables,35.3,44.2,33.4,17.9,Nashik,2023-01-15,onion
Onion,Vegetables,37.2,32.9,28.0,11.2,Nashik,2023-01-16,onion
Onion,Vegetables,35.0,32.3,26.2,11.4,Nashik,2023-01-17,onion
Onion,Vegetables,36.9,33.5,27.6,13.5,Nashik,2023-01-18,onion
Onion,Vegetables,36.4,30.3,24.4,11.3,Nashik,2023-01-19,onion
Onion,Vegetables,34.5,36.8,30.5,13.7,Nashik,2023-01-20,onion
Onion,Vegetables,39.7,32.8,28.8,6.6,Nashik,2023-01-21,onion
Onion,Vegetables,35.6,32.2,26.8,11.0,Nashik,2023-01-22,onion
Onion,Vegetables,38.2,29.1,25.3,11.7,Nashik,2023-01-23,onion
Onion,Vegetables,36.2,35.9,28.9,11.2,Nashik,2023-01-24,onion
Onion,Vegetables,37.0,43.3,32.6,15.0,Nashik,2023-01-25,onion
Onion,Vegetables,33.9,33.9,28.8,11.8,Nashik,2023-01-26,onion
Onion,Vegetables,37.2,41.6,33.6,15.6,Nashik,2023-01-27,onion
Onion,Vegetables,33.5,46.2,35.9,13.4,Nashik,2023-01-28,onion
Onion,Vegetables,34.3,42.2,32.5,15.0,Nashik,2023-01-29,onion
Onion,Vegetables,39.3,32.4,28.4,9.6,Nashik,2023-01-30,onion
Onion,Vegetables,36.8,41.6,31.3,15.6,Nashik,2023-01-31,onion
Onion,Vegetables,33.3,37.1,27.8,14.2,Nashik,2023-02-01,onion
Onion,Vegetables,40.1,28.8,27.2,6.8,Nashik,2023-02-02,onion
Onion,Vegetables,34.7,34.5,28.3,10.4,Nashik,2023-02-03,onion
Onion,Vegetables,33.5,46.7,43.2,10.7,Nashik,2023-02-04,onion
Onion,Vegetables,38.2,32.5,30.5,4.1,Nashik,2023-02-05,onion
Onion,Vegetables,36.9,34.6,28.8,8.5,Nashik,2023-02-06,onion
Onion,Vegetables,35.6,45.1,34.9,16.0,Nashik,2023-02-07,onion
Onion,Vegetables,33.3,36.9,30.1,9.3,Nashik,2023-02-08,onion
Onion,Vegetables,37.2,27.2,22.8,8.7,Nashik,2023-02-09,onion
Onion,Vegetables,39.1,27.2,24.3,5.7,Nashik,2023-02-10,onion
Onion,Vegetables,39.1,43.1,36.5,11.4,Nashik,2023-02-11,onion
Onion,Vegetables,33.5,40.8,32.3,12.6,Nashik,2023-02-12,onion
Onion,Vegetables,38.4,36.4,29.7,9.9,Nashik,2023-02-13,onion
Onion,Vegetables,35.2,24.3,19.8,11.4,Nashik,2023-02-14,onion
Onion,Vegetables,40.0,32.5,24.3,12.7,Nashik,2023-02-15,onion
Onion,Vegetables,33.9,38.6,28.8,13.5,Nashik,2023-02-16,onion
Onion,Vegetables,37.8,38.8,28.9,17.8,Nashik,2023-02-17,onion
Onion,Vegetables,34.0,39.6,30.9,14.7,Nashik,2023-02-18,onion
Onion,Vegetables,38.9,32.5,28.2,10.9,Nashik,2023-02-19,onion
Onion,Vegetables,38.9,24.4,21.7,8.1,Nashik,2023-02-20,onion
Onion,Vegetables,34.0,37.4,28.7,16.1,Nashik,2023-02-21,onion
Onion,Vegetables,37.6,35.2,27.2,12.4,Nashik,2023-02-22,onion
Onion,Vegetables,39.4,30.4,24.7,8.0,Nashik,2023-02-23,onion
Onion,Vegetables,34.2,42.8,32.1,12.8,Nashik,2023-02-24,onion
Onion,Vegetables,34.6,38.2,35.3,5.0,Nashik,2023-02-25,onion
Onion,Vegetables,39.8,37.8,28.8,13.2,Nashik,2023-02-26,onion
Onion,Vegetables,33.8,42.0,31.3,13.5,Nashik,2023-02-27,onion
Onion,Vegetables,37.4,33.8,28.7,8.0,Nashik,2023-02-28,onion
Onion,Vegetables,38.9,34.5,26.6,12.3,Nashik,2023-03-01,onion
Onion,Vegetables,36.5,33.3,27.0,10.8,Nashik,2023-03-02,onion
Onion,Vegetables,33.4,32.3,24.1,14.3,Nashik,2023-03-03,onion
Onion,Vegetables,39.2,45.4,34.0,13.8,Nashik,2023-03-04,onion
Onion,Vegetables,34.2,36.3,34.5,9.5,Nashik,2023-03-05,onion
Onion,Vegetables,36.4,33.8,28.4,12.7,Nashik,2023-03-06,onion
Onion,Vegetables,35.2,24.1,22.2,6.1,Nashik,2023-03-07,onion
Onion,Vegetables,34.4,38.1,31.6,11.7,Nashik,2023-03-08,onion
Onion,Vegetables,36.3,30.6,27.7,6.5,Nashik,2023-03-09,onion
Onion,Vegetables,35.7,27.3,25.7,4.9,Nashik,2023-03-10,onion
Onion,Vegetables,38.7,31.1,28.0,11.0,Nashik,2023-03-11,onion
Onion,Vegetables,34.2,41.8,31.6,12.7,Nashik,2023-03-12,onion
Onion,Vegetables,39.4,39.3,35.0,11.7,Nashik,2023-03-13,onion
Onion,Vegetables,37.3,35.2,28.1,12.4,Nashik,2023-03-14,onion
Onion,Vegetables,34.0,31.1,27.3,9.8,Nashik,2023-03-15,onion
Onion,Vegetables,33.8,40.0,30.1,12.6,Nashik,2023-03-16,onion
Onion,Vegetables,37.9,37.9,32.1,10.1,Nashik,2023-03-17,onion
Onion,Vegetables,40.2,45.7,35.3,15.3,Nashik,2023-03-18,onion
Onion,Vegetables,34.4,38.1,34.9,6.3,Nashik,2023-03-19,onion
Onion,Vegetables,37.0,36.4,30.3,10.6,Nashik,2023-03-20,onion
Onion,Vegetables,36.2,31.3,26.1,7.6,Nashik,2023-03-21,onion
Onion,Vegetables,35.7,28.6,25.7,5.9,Nashik,2023-03-22,onion
Onion,Vegetables,34.2,32.7,28.1,7.2,Nashik,2023-03-23,onion
Onion,Vegetables,39.6,31.8,26.5,10.3,Nashik,2023-03-24,onion
Onion,Vegetables,34.6,36.3,34.2,8.5,Nashik,2023-03-25,onion
Onion,Vegetables,34.4,41.9,34.4,14.7,Nashik,2023-03-26,onion
Onion,Vegetables,39.8,31.8,27.4,12.0,Nashik,2023-03-27,onion
Onion,Vegetables,39.0,31.6,27.5,8.1,Nashik,2023-03-28,onion
Onion,Vegetables,35.7,28.2,23.9,6.7,Nashik,2023-03-29,onion
Onion,Vegetables,35.7,36.6,29.3,12.8,Nashik,2023-03-30,onion
Onion,Vegetables,35.4,27.2,25.4,5.3,Nashik,2023-03-31,onion
Onion,Vegetables,38.2,30.6,27.7,5.7,Nashik,2023-04-01,onion
Onion,Vegetables,39.2,34.4,28.9,10.3,Nashik,2023-04-02,onion
Onion,Vegetables,34.5,31.3,25.7,11.8,Nashik,2023-04-03,onion
Onion,Vegetables,36.6,36.6,29.4,12.4,Nashik,2023-04-04,onion
Onion,Vegetables,39.4,36.3,27.1,17.2,Nashik,2023-04-05,onion
Onion,Vegetables,38.6,25.7,21.1,11.3,Nashik,2023-04-06,onion
Onion,Vegetables,33.3,32.1,28.4,7.8,Nashik,2023-04-07,onion
Onion,Vegetables,38.7,36.2,27.3,14.1,Nashik,2023-04-08,onion
Onion,Vegetables,38.3,49.4,39.6,17.0,Nashik,2023-04-09,onion
Onion,Vegetables,39.0,37.7,28.7,11.3,Nashik,2023-04-10,onion
Onion,Vegetables,35.5,33.6,26.0,13.7,Nashik,2023-04-11,onion
Onion,Vegetables,38.6,25.9,20.0,11.2,Nashik,2023-04-12,onion
Onion,Vegetables,36.8,38.6,30.4,11.3,Nashik,2023-04-13,onion
Onion,Vegetables,37.3,35.7,27.0,13.7,Nashik,2023-04-14,onion
Onion,Vegetables,33.2,48.0,40.9,10.1,Nashik,2023-04-15,onion
Onion,Vegetables,39.8,39.3,33.9,10.5,Nashik,2023-04-16,onion
Onion,Vegetables,33.7,22.2,18.7,9.5,Nashik,2023-04-17,onion
Onion,Vegetables,35.8,38.5,31.8,12.2,Nashik,2023-04-18,onion
Onion,Vegetables,35.3,32.3,27.0,7.6,Nashik,2023-04-19,onion
Onion,Vegetables,36.2,33.8,26.4,11.6,Nashik,2023-04-20,onion
Onion,Vegetables,33.3,40.5,30.3,13.3,Nashik,2023-04-21,onion
Onion,Vegetables,35.5,43.8,35.8,15.4,Nashik,2023-04-22,onion
Onion,Vegetables,37.2,36.1,32.5,9.0,Nashik,2023-04-23,onion
Onion,Vegetables,33.8,28.1,26.7,4.1,Nashik,2023-04-24,onion
Onion,Vegetables,39.9,31.6,26.2,10.0,Nashik,2023-04-25,onion
Onion,Vegetables,36.6,30.1,24.6,12.5,Nashik,2023-04-26,onion
Onion,Vegetables,37.2,36.9,28.1,11.6,Nashik,2023-04-27,onion
Onion,Vegetables,39.1,37.4,30.5,9.6,Nashik,2023-04-28,onion
Onion,Vegetables,37.7,45.4,38.8,9.0,Nashik,2023-04-29,onion
Onion,Vegetables,34.6,40.4,34.3,9.0,Nashik,2023-04-30,onion
Onion,Vegetables,39.6,28.5,26.9,4.4,Nashik,2023-05-01,onion
Onion,Vegetables,36.5,31.2,28.4,8.7,Nashik,2023-05-02,onion
Onion,Vegetables,34.0,33.2,25.7,13.9,Nashik,2023-05-03,onion
Onion,Vegetables,39.8,34.3,27.2,14.5,Nashik,2023-05-04,onion
Onion,Vegetables,36.6,33.8,25.3,11.2,Nashik,2023-05-05,onion
Onion,Vegetables,36.2,34.5,30.4,10.1,Nashik,2023-05-06,onion
Onion,Vegetables,36.6,34.2,31.0,5.4,Nashik,2023-05-07,onion
Onion,Vegetables,39.8,26.7,24.4,5.8,Nashik,2023-05-08,onion
Onion,Vegetables,34.8,30.7,27.1,7.0,Nashik,2023-05-09,onion
Onion,Vegetables,36.2,32.8,30.0,9.2,Nashik,2023-05-10,onion
Onion,Vegetables,36.8,32.6,24.8,9.9,Nashik,2023-05-11,onion
Onion,Vegetables,38.8,25.9,23.7,5.6,Nashik,2023-05-12,onion
Onion,Vegetables,38.8,45.6,41.7,9.1,Nashik,2023-05-13,onion
Onion,Vegetables,34.6,31.0,26.8,11.0,Nashik,2023-05-14,onion
Onion,Vegetables,33.4,38.0,28.6,13.3,Nashik,2023-05-15,onion
Onion,Vegetables,37.4,30.3,25.5,10.9,Nashik,2023-05-16,onion
Onion,Vegetables,39.4,30.1,23.0,11.1,Nashik,2023-05-17,onion
Onion,Vegetables,33.8,35.9,28.7,11.3,Nashik,2023-05-18,onion
Onion,Vegetables,37.5,34.3,26.3,14.8,Nashik,2023-05-19,onion
Onion,Vegetables,39.5,36.9,30.1,13.1,Nashik,2023-05-20,onion
Onion,Vegetables,33.9,34.7,31.5,10.7,Nashik,2023-05-21,onion
Onion,Vegetables,33.3,31.2,24.3,14.1,Nashik,2023-05-22,onion
Onion,Vegetables,34.9,32.9,26.8,13.2,Nashik,2023-05-23,onion
Onion,Vegetables,37.4,28.2,22.6,13.4,Nashik,2023-05-24,onion
Onion,Vegetables,35.3,37.9,34.1,11.5,Nashik,2023-05-25,onion
Onion,Vegetables,33.6,29.9,27.5,6.6,Nashik,2023-05-26,onion
Onion,Vegetables,36.4,32.8,27.3,8.2,Nashik,2023-05-27,onion
Onion,Vegetables,36.0,43.1,33.1,17.7,Nashik,2023-05-28,onion
Onion,Vegetables,39.0,37.0,34.8,5.5,Nashik,2023-05-29,onion
Onion,Vegetables,33.8,36.6,34.5,5.7,Nashik,2023-05-30,onion
Onion,Vegetables,33.8,31.7,27.0,12.3,Nashik,2023-05-31,onion
Onion,Vegetables,36.1,30.0,23.6,12.9,Nashik,2023-06-01,onion
Onion,Vegetables,34.1,42.4,34.0,12.7,Nashik,2023-06-02,onion
Onion,Vegetables,39.3,29.2,25.4,5.8,Nashik,2023-06-03,onion
Onion,Vegetables,40.0,35.8,32.0,11.3,Nashik,2023-06-04,onion
Onion,Vegetables,39.3,27.4,23.3,11.7,Nashik,2023-06-05,onion
Onion,Vegetables,39.3,30.0,25.1,10.2,Nashik,2023-06-06,onion
Onion,Vegetables,36.1,38.1,28.5,14.4,Nashik,2023-06-07,onion
Onion,Vegetables,36.1,36.3,27.7,16.3,Nashik,2023-06-08,onion
Onion,Vegetables,36.0,23.4,21.0,10.4,Nashik,2023-06-09,onion
Onion,Vegetables,34.5,43.0,33.2,14.3,Nashik,2023-06-10,onion
Onion,Vegetables,33.7,42.4,31.5,14.5,Nashik,2023-06-11,onion
Onion,Vegetables,38.5,31.2,26.5,10.8,Nashik,2023-06-12,onion
Onion,Vegetables,35.0,33.4,26.3,12.7,Nashik,2023-06-13,onion
Onion,Vegetables,34.4,38.4,29.6,15.0,Nashik,2023-06-14,onion
Onion,Vegetables,36.8,31.1,28.3,5.9,Nashik,2023-06-15,onion
Onion,Vegetables,34.9,29.8,23.9,12.0,Nashik,2023-06-16,onion
Onion,Vegetables,33.6,43.3,32.8,17.2,Nashik,2023-06-17,onion
Onion,Vegetables,38.3,36.6,32.6,11.9,Nashik,2023-06-18,onion
Onion,Vegetables,39.8,30.3,25.2,8.0,Nashik,2023-06-19,onion
Onion,Vegetables,37.4,37.0,27.5,16.0,Nashik,2023-06-20,onion
Onion,Vegetables,35.4,32.7,30.2,9.8,Nashik,2023-06-21,onion
Onion,Vegetables,33.7,33.2,28.3,11.4,Nashik,2023-06-22,onion
Onion,Vegetables,36.0,33.0,26.8,9.2,Nashik,2023-06-23,onion
Onion,Vegetables,37.3,58.4,43.4,18.2,Nashik,2023-06-24,onion
Onion,Vegetables,33.6,29.9,27.5,7.8,Nashik,2023-06-25,onion
Onion,Vegetables,36.3,30.3,23.3,11.5,Nashik,2023-06-26,onion
Onion,Vegetables,40.2,32.3,26.6,12.9,Nashik,2023-06-27,onion
Onion,Vegetables,38.7,40.2,32.2,11.6,Nashik,2023-06-28,onion
Onion,Vegetables,36.1,39.8,29.8,17.2,Nashik,2023-06-29,onion
Onion,Vegetables,36.2,36.5,32.1,7.1,Nashik,2023-06-30,onion
Onion,Vegetables,36.1,42.7,32.4,14.2,Nashik,2023-07-01,onion
Onion,Vegetables,36.3,33.2,28.5,8.9,Nashik,2023-07-02,onion
Onion,Vegetables,38.3,25.1,18.8,10.0,Nashik,2023-07-03,onion
Onion,Vegetables,39.1,33.2,27.6,10.3,Nashik,2023-07-04,onion
Onion,Vegetables,33.6,34.2,27.3,14.1,Nashik,2023-07-05,onion
Onion,Vegetables,37.0,37.1,29.9,11.2,Nashik,2023-07-06,onion
Onion,Vegetables,38.4,31.0,25.0,9.6,Nashik,2023-07-07,onion
Onion,Vegetables,37.9,50.2,40.1,14.8,Nashik,2023-07-08,onion
Onion,Vegetables,34.9,38.4,36.0,7.4,Nashik,2023-07-09,onion
Onion,Vegetables,33.8,35.9,31.3,9.1,Nashik,2023-07-10,onion
Onion,Vegetables,34.4,41.1,34.8,9.7,Nashik,2023-07-11,onion
Onion,Vegetables,36.1,33.1,27.0,13.7,Nashik,2023-07-12,onion
Onion,Vegetables,36.7,31.5,24.0,14.7,Nashik,2023-07-13,onion
Onion,Vegetables,39.4,36.9,27.6,13.0,Nashik,2023-07-14,onion
Onion,Vegetables,35.5,46.8,35.7,14.6,Nashik,2023-07-15,onion
Onion,Vegetables,37.9,52.5,39.4,16.4,Nashik,2023-07-16,onion
Onion,Vegetables,35.3,28.1,25.5,6.9,Nashik,2023-07-17,onion
Onion,Vegetables,33.7,32.6,28.1,8.0,Nashik,2023-07-18,onion
Onion,Vegetables,39.3,33.1,29.8,5.8,Nashik,2023-07-19,onion
Onion,Vegetables,35.7,30.8,28.9,9.2,Nashik,2023-07-20,onion
Onion,Vegetables,34.5,37.5,29.7,10.1,Nashik,2023-07-21,onion
Onion,Vegetables,36.8,36.7,31.0,10.0,Nashik,2023-07-22,onion
Onion,Vegetables,34.0,36.9,31.1,13.1,Nashik,2023-07-23,onion
Onion,Vegetables,35.4,32.6,30.7,9.2,Nashik,2023-07-24,onion
Onion,Vegetables,36.7,41.7,37.8,10.2,Nashik,2023-07-25,onion
Onion,Vegetables,34.8,31.7,27.8,9.7,Nashik,2023-07-26,onion
Onion,Vegetables,38.5,33.2,26.0,13.2,Nashik,2023-07-27,onion
Onion,Vegetables,37.5,37.9,28.3,13.7,Nashik,2023-07-28,onion
Onion,Vegetables,38.0,32.0,24.9,11.5,Nashik,2023-07-29,onion
Onion,Vegetables,37.1,45.8,37.6,13.3,Nashik,2023-07-30,onion
Onion,Vegetables,36.4,28.5,26.2,8.6,Nashik,2023-07-31,onion
Onion,Vegetables,38.5,31.2,25.1,13.6,Nashik,2023-08-01,onion
Onion,Vegetables,35.0,28.7,26.8,3.9,Nashik,2023-08-02,onion
Onion,Vegetables,37.3,37.5,29.2,15.2,Nashik,2023-08-03,onion
Onion,Vegetables,36.5,30.0,26.5,7.9,Nashik,2023-08-04,onion
Onion,Vegetables,34.0,43.3,32.3,13.0,Nashik,2023-08-05,onion
Onion,Vegetables,38.7,31.3,28.8,8.0,Nashik,2023-08-06,onion
Onion,Vegetables,35.4,33.7,28.4,10.6,Nashik,2023-08-07,onion
Onion,Vegetables,37.2,32.2,25.3,10.7,Nashik,2023-08-08,onion
Onion,Vegetables,33.9,31.6,29.2,5.8,Nashik,2023-08-09,onion
Onion,Vegetables,37.6,25.8,24.3,3.6,Nashik,2023-08-10,onion
Onion,Vegetables,36.2,35.6,27.7,13.3,Nashik,2023-08-11,onion
Onion,Vegetables,38.9,37.2,28.8,14.8,Nashik,2023-08-12,onion
Onion,Vegetables,37.4,40.7,30.9,15.6,Nashik,2023-08-13,onion
Onion,Vegetables,36.9,43.0,35.7,10.9,Nashik,2023-08-14,onion
Onion,Vegetables,40.0,36.1,27.0,12.1,Nashik,2023-08-15,onion
Onion,Vegetables,36.9,29.7,28.1,8.6,Nashik,2023-08-16,onion
Onion,Vegetables,39.4,30.0,23.6,13.3,Nashik,2023-08-17,onion
Onion,Vegetables,38.0,33.8,28.9,11.7,Nashik,2023-08-18,onion
Onion,Vegetables,33.5,42.6,37.2,9.5,Nashik,2023-08-19,onion
Onion,Vegetables,33.9,45.6,37.2,12.9,Nashik,2023-08-20,onion
Onion,Vegetables,37.5,39.6,30.0,13.7,Nashik,2023-08-21,onion
Onion,Vegetables,35.5,39.4,33.2,13.4,Nashik,2023-08-22,onion
Onion,Vegetables,35.7,39.1,31.5,13.6,Nashik,2023-08-23,onion
Onion,Vegetables,35.2,33.6,25.1,12.3,Nashik,2023-08-24,onion
Onion,Vegetables,36.5,33.1,27.7,9.6,Nashik,2023-08-25,onion
Onion,Vegetables,34.2,37.6,30.0,14.4,Nashik,2023-08-26,onion
Onion,Vegetables,33.3,46.5,36.6,15.7,Nashik,2023-08-27,onion
Onion,Vegetables,34.5,26.1,24.3,6.9,Nashik,2023-08-28,onion
Onion,Vegetables,40.1,40.8,32.8,12.0,Nashik,2023-08-29,onion
Onion,Vegetables,37.2,30.6,25.3,10.3,Nashik,2023-08-30,onion
Onion,Vegetables,35.8,37.8,29.7,13.5,Nashik,2023-08-31,onion
Onion,Vegetables,38.2,39.4,31.8,13.7,Nashik,2023-09-01,onion
Onion,Vegetables,34.7,46.2,35.4,13.7,Nashik,2023-09-02,onion
Onion,Vegetables,35.6,36.4,32.9,9.9,Nashik,2023-09-03,onion
Onion,Vegetables,35.2,40.1,32.0,14.8,Nashik,2023-09-04,onion
Onion,Vegetables,37.2,29.9,23.7,10.7,Nashik,2023-09-05,onion
Onion,Vegetables,36.9,35.0,28.3,13.0,Nashik,2023-09-06,onion
Onion,Vegetables,37.7,38.8,30.0,11.0,Nashik,2023-09-07,onion
Onion,Vegetables,35.3,34.1,25.4,11.8,Nashik,2023-09-08,onion
Onion,Vegetables,34.4,33.2,26.6,10.2,Nashik,2023-09-09,onion
Onion,Vegetables,36.2,49.7,36.8,17.1,Nashik,2023-09-10,onion
Onion,Vegetables,33.7,36.3,30.7,13.1,Nashik,2023-09-11,onion
Onion,Vegetables,34.2,40.5,33.8,9.9,Nashik,2023-09-12,onion
Onion,Vegetables,33.7,39.1,30.9,11.6,Nashik,2023-09-13,onion
Onion,Vegetables,36.5,35.6,27.6,11.2,Nashik,2023-09-14,onion
Onion,Vegetables,34.6,31.5,29.8,7.2,Nashik,2023-09-15,onion
Onion,Vegetables,39.1,35.2,27.4,13.8,Nashik,2023-09-16,onion
Onion,Vegetables,34.7,39.1,35.4,6.8,Nashik,2023-09-17,onion
Onion,Vegetables,33.9,33.0,28.0,7.1,Nashik,2023-09-18,onion
Onion,Vegetables,35.9,33.3,25.7,11.4,Nashik,2023-09-19,onion
Onion,Vegetables,33.5,34.3,29.5,7.6,Nashik,2023-09-20,onion
Onion,Vegetables,38.8,29.2,24.6,9.3,Nashik,2023-09-21,onion
Onion,Vegetables,35.1,31.1,27.1,10.6,Nashik,2023-09-22,onion
Onion,Vegetables,37.7,41.2,33.7,10.8,Nashik,2023-09-23,onion
Onion,Vegetables,35.2,30.8,25.8,8.5,Nashik,2023-09-24,onion
Onion,Vegetables,35.3,42.8,33.2,12.3,Nashik,2023-09-25,onion
Onion,Vegetables,38.4,39.4,29.6,15.3,Nashik,2023-09-26,onion
Onion,Vegetables,37.5,36.0,32.6,7.9,Nashik,2023-09-27,onion
Onion,Vegetables,38.3,32.3,28.4,8.6,Nashik,2023-09-28,onion
Onion,Vegetables,34.4,29.8,23.8,9.3,Nashik,2023-09-29,onion
Onion,Vegetables,34.8,44.4,33.1,13.9,Nashik,2023-09-30,onion
Onion,Vegetables,35.9,31.1,29.3,7.1,Nashik,2023-10-01,onion
Onion,Vegetables,33.9,32.7,29.1,8.6,Nashik,2023-10-02,onion
Onion,Vegetables,35.6,25.5,22.9,9.9,Nashik,2023-10-03,onion
Onion,Vegetables,35.9,31.6,25.0,12.6,Nashik,2023-10-04,onion
Onion,Vegetables,33.5,32.1,28.7,11.3,Nashik,2023-10-05,onion
Onion,Vegetables,38.5,37.9,30.7,15.1,Nashik,2023-10-06,onion
Onion,Vegetables,38.6,33.5,25.9,9.9,Nashik,2023-10-07,onion
Onion,Vegetables,37.8,39.0,35.5,6.0,Nashik,2023-10-08,onion
Onion,Vegetables,35.7,39.2,32.1,13.2,Nashik,2023-10-09,onion
Onion,Vegetables,34.4,29.9,22.8,14.3,Nashik,2023-10-10,onion
Onion,Vegetables,34.7,31.4,23.7,15.1,Nashik,2023-10-11,onion
Onion,Vegetables,33.6,24.3,18.2,8.5,Nashik,2023-10-12,onion
Onion,Vegetables,37.1,30.5,24.6,11.4,Nashik,2023-10-13,onion
Onion,Vegetables,34.3,36.6,27.3,11.5,Nashik,2023-10-14,onion
Onion,Vegetables,35.6,45.0,34.9,14.3,Nashik,2023-10-15,onion
Onion,Vegetables,38.0,36.6,28.6,13.5,Nashik,2023-10-16,onion
Onion,Vegetables,38.0,28.5,25.2,9.5,Nashik,2023-10-17,onion
Onion,Vegetables,34.9,33.9,28.6,10.5,Nashik,2023-10-18,onion
Onion,Vegetables,38.0,36.1,29.4,13.8,Nashik,2023-10-19,onion
Onion,Vegetables,37.1,25.8,22.7,8.2,Nashik,2023-10-20,onion
Onion,Vegetables,33.9,44.6,36.9,11.5,Nashik,2023-10-21,onion
Onion,Vegetables,36.0,44.6,33.8,17.7,Nashik,2023-10-22,onion
Onion,Vegetables,38.9,22.4,20.6,9.7,Nashik,2023-10-23,onion
Onion,Vegetables,34.4,36.9,32.8,10.7,Nashik,2023-10-24,onion
Onion,Vegetables,35.6,40.3,33.1,12.1,Nashik,2023-10-25,onion
Onion,Vegetables,33.5,36.5,30.5,10.7,Nashik,2023-10-26,onion
Onion,Vegetables,39.5,43.2,33.7,14.3,Nashik,2023-10-27,onion
Onion,Vegetables,35.0,39.5,30.0,16.9,Nashik,2023-10-28,onion
Onion,Vegetables,39.6,37.5,28.3,12.0,Nashik,2023-10-29,onion
Onion,Vegetables,37.8,27.0,23.7,9.6,Nashik,2023-10-30,onion
Onion,Vegetables,39.1,29.8,23.5,8.6,Nashik,2023-10-31,onion
Onion,Vegetables,33.2,36.6,27.9,15.6,Nashik,2023-11-01,onion
Onion,Vegetables,37.3,30.8,28.8,5.3,Nashik,2023-11-02,onion
Onion,Vegetables,38.4,31.3,27.7,6.8,Nashik,2023-11-03,onion
Onion,Vegetables,36.3,34.7,29.4,10.4,Nashik,2023-11-04,onion
Onion,Vegetables,34.4,43.4,36.4,14.2,Nashik,2023-11-05,onion
Onion,Vegetables,38.5,25.1,23.7,3.8,Nashik,2023-11-06,onion
Onion,Vegetables,38.5,34.4,27.3,13.6,Nashik,2023-11-07,onion
Onion,Vegetables,35.3,38.6,29.1,14.2,Nashik,2023-11-08,onion
Onion,Vegetables,38.6,32.5,25.6,14.0,Nashik,2023-11-09,onion
Onion,Vegetables,33.3,34.5,26.6,10.7,Nashik,2023-11-10,onion
Onion,Vegetables,38.4,39.0,33.1,7.9,Nashik,2023-11-11,onion
Onion,Vegetables,36.3,36.6,34.7,7.3,Nashik,2023-11-12,onion
Onion,Vegetables,38.0,38.0,31.0,14.7,Nashik,2023-11-13,onion
Onion,Vegetables,39.1,37.7,31.7,13.6,Nashik,2023-11-14,onion
Onion,Vegetables,37.6,29.8,24.3,10.5,Nashik,2023-11-15,onion
Onion,Vegetables,35.8,30.5,26.5,6.9,Nashik,2023-11-16,onion
Onion,Vegetables,39.0,26.1,24.8,8.8,Nashik,2023-11-17,onion
Onion,Vegetables,34.0,39.2,32.6,10.5,Nashik,2023-11-18,onion
Onion,Vegetables,35.5,41.1,31.8,16.6,Nashik,2023-11-19,onion
Onion,Vegetables,40.1,26.2,21.5,11.9,Nashik,2023-11-20,onion
Onion,Vegetables,33.3,38.6,29.2,12.8,Nashik,2023-11-21,onion
Onion,Vegetables,35.4,33.7,30.6,6.4,Nashik,2023-11-22,onion
Onion,Vegetables,38.4,35.3,26.5,11.4,Nashik,2023-11-23,onion
Onion,Vegetables,36.9,32.1,24.3,14.1,Nashik,2023-11-24,onion
Onion,Vegetables,35.8,38.5,30.5,11.8,Nashik,2023-11-25,onion
Onion,Vegetables,37.3,45.0,33.9,17.7,Nashik,2023-11-26,onion
Onion,Vegetables,37.8,25.3,22.5,5.2,Nashik,2023-11-27,onion
Onion,Vegetables,38.2,30.3,22.8,12.8,Nashik,2023-11-28,onion
Onion,Vegetables,37.2,32.9,28.9,11.3,Nashik,2023-11-29,onion
Onion,Vegetables,39.5,27.1,25.2,6.7,Nashik,2023-11-30,onion
Onion,Vegetables,34.1,34.0,29.6,7.4,Nashik,2023-12-01,onion
Onion,Vegetables,35.4,37.0,34.9,10.0,Nashik,2023-12-02,onion
Onion,Vegetables,36.9,35.2,29.3,9.3,Nashik,2023-12-03,onion
Onion,Vegetables,36.4,37.1,34.9,6.3,Nashik,2023-12-04,onion
Onion,Vegetables,35.9,32.0,29.2,6.2,Nashik,2023-12-05,onion
Onion,Vegetables,34.8,40.3,30.4,13.8,Nashik,2023-12-06,onion
Onion,Vegetables,39.5,39.4,30.1,14.0,Nashik,2023-12-07,onion
Onion,Vegetables,37.7,24.9,22.1,5.8,Nashik,2023-12-08,onion
Onion,Vegetables,39.2,42.5,35.1,11.4,Nashik,2023-12-09,onion
Onion,Vegetables,36.8,39.2,34.2,9.5,Nashik,2023-12-10,onion
Onion,Vegetables,35.8,34.4,28.8,10.1,Nashik,2023-12-11,onion
Onion,Vegetables,35.9,31.7,23.8,11.8,Nashik,2023-12-12,onion
Onion,Vegetables,34.7,42.1,31.4,14.1,Nashik,2023-12-13,onion
Onion,Vegetables,37.0,34.5,25.8,12.9,Nashik,2023-12-14,onion
Onion,Vegetables,37.8,34.9,26.7,13.5,Nashik,2023-12-15,onion
Onion,Vegetables,38.3,37.4,30.2,10.4,Nashik,2023-12-16,onion
Onion,Vegetables,33.5,52.8,39.2,16.2,Nashik,2023-12-17,onion
Onion,Vegetables,36.2,36.2,28.6,9.9,Nashik,2023-12-18,onion
Onion,Vegetables,38.3,35.4,26.4,14.1,Nashik,2023-12-19,onion
Onion,Vegetables,35.2,33.2,24.8,12.6,Nashik,2023-12-20,onion
Onion,Vegetables,36.4,33.1,28.3,7.0,Nashik,2023-12-21,onion
Onion,Vegetables,33.4,39.3,29.2,13.7,Nashik,2023-12-22,onion
Onion,Vegetables,35.8,60.0,44.6,17.7,Nashik,2023-12-23,onion
Onion,Vegetables,37.7,47.4,35.8,18.7,Nashik,2023-12-24,onion
Onion,Vegetables,37.1,34.5,25.7,14.9,Nashik,2023-12-25,onion
Onion,Vegetables,38.8,31.5,25.6,8.8,Nashik,2023-12-26,onion
Onion,Vegetables,40.1,23.8,22.0,8.2,Nashik,2023-12-27,onion
Onion,Vegetables,33.5,35.2,29.7,7.5,Nashik,2023-12-28,onion
Onion,Vegetables,36.0,28.4,25.2,10.4,Nashik,2023-12-29,onion
Onion,Vegetables,38.2,38.7,29.1,12.3,Nashik,2023-12-30,onion
Onion,Vegetables,34.5,40.4,35.6,7.9,Nashik,2023-12-31,onion
Potato,Vegetables,25.0,28.9,27.5,4.5,Agra,2022-01-01,potato
Potato,Vegetables,26.6,44.4,38.4,9.8,Agra,2022-01-02,potato
Potato,Vegetables,25.0,34.0,30.4,11.0,Agra,2022-01-03,potato
Potato,Vegetables,25.8,42.0,33.3,14.0,Agra,2022-01-04,potato
Potato,Vegetables,24.1,35.4,27.3,12.6,Agra,2022-01-05,potato
Potato,Vegetables,25.7,43.2,33.4,12.3,Agra,2022-01-06,potato
Potato,Vegetables,25.3,35.1,27.6,15.2,Agra,2022-01-07,potato
Potato,Vegetables,25.9,34.7,30.5,10.4,Agra,2022-01-08,potato
Potato,Vegetables,23.7,43.3,33.3,15.9,Agra,2022-01-09,potato
Potato,Vegetables,26.2,33.8,30.3,6.3,Agra,2022-01-10,potato
Potato,Vegetables,26.0,28.6,27.1,6.8,Agra,2022-01-11,potato
Potato,Vegetables,26.6,39.6,32.3,11.9,Agra,2022-01-12,potato
Potato,Vegetables,23.4,31.7,28.5,5.6,Agra,2022-01-13,potato
Potato,Vegetables,25.7,31.8,27.8,6.9,Agra,2022-01-14,potato
Potato,Vegetables,25.0,42.1,38.0,8.6,Agra,2022-01-15,potato
Potato,Vegetables,26.0,40.9,38.4,6.5,Agra,2022-01-16,potato
Potato,Vegetables,23.9,48.3,40.3,11.0,Agra,2022-01-17,potato
Potato,Vegetables,24.1,29.4,25.3,11.7,Agra,2022-01-18,potato
Potato,Vegetables,25.6,34.9,32.7,7.0,Agra,2022-01-19,potato
Potato,Vegetables,25.8,41.5,33.8,14.3,Agra,2022-01-20,potato
Potato,Vegetables,26.7,42.3,32.9,16.3,Agra,2022-01-21,potato
Potato,Vegetables,24.2,37.1,33.7,10.2,Agra,2022-01-22,potato
Potato,Vegetables,25.2,39.0,34.2,12.3,Agra,2022-01-23,potato
Potato,Vegetables,25.9,33.7,25.6,10.4,Agra,2022-01-24,potato
Potato,Vegetables,25.3,45.7,34.7,17.6,Agra,2022-01-25,potato
Potato,Vegetables,26.5,32.3,27.6,10.4,Agra,2022-01-26,potato
Potato,Vegetables,24.4,41.3,32.7,14.4,Agra,2022-01-27,potato
Potato,Vegetables,26.2,42.9,35.5,10.1,Agra,2022-01-28,potato
Potato,Vegetables,26.6,53.4,42.6,15.4,Agra,2022-01-29,potato
Potato,Vegetables,26.6,47.6,37.5,13.5,Agra,2022-01-30,potato
Potato,Vegetables,26.9,33.8,30.6,11.1,Agra,2022-01-31,potato
Potato,Vegetables,22.6,41.1,33.1,15.0,Agra,2022-02-01,potato
Potato,Vegetables,26.1,33.3,30.9,6.0,Agra,2022-02-02,potato
Potato,Vegetables,26.6,40.1,30.5,15.6,Agra,2022-02-03,potato
Potato,Vegetables,26.4,42.9,34.2,15.1,Agra,2022-02-04,potato
Potato,Vegetables,22.5,41.9,36.3,7.9,Agra,2022-02-05,potato
Potato,Vegetables,22.8,52.8,41.3,14.2,Agra,2022-02-06,potato
Potato,Vegetables,22.3,35.1,26.7,11.2,Agra,2022-02-07,potato
Potato,Vegetables,24.2,34.8,32.2,9.2,Agra,2022-02-08,potato
Potato,Vegetables,22.5,34.1,28.9,9.7,Agra,2022-02-09,potato
Potato,Vegetables,26.5,34.0,28.0,12.3,Agra,2022-02-10,potato
Potato,Vegetables,23.7,39.1,31.7,10.1,Agra,2022-02-11,potato
Potato,Vegetables,24.1,43.9,35.3,15.1,Agra,2022-02-12,potato
Potato,Vegetables,23.6,46.5,34.5,15.7,Agra,2022-02-13,potato
Potato,Vegetables,22.8,42.8,34.1,15.5,Agra,2022-02-14,potato
Potato,Vegetables,26.9,38.4,33.8,9.9,Agra,2022-02-15,potato
Potato,Vegetables,25.5,33.8,29.6,8.2,Agra,2022-02-16,potato
Potato,Vegetables,25.5,34.6,28.2,12.7,Agra,2022-02-17,potato
Potato,Vegetables,24.5,39.1,31.8,11.1,Agra,2022-02-18,potato
Potato,Vegetables,22.4,53.9,41.6,19.4,Agra,2022-02-19,potato
Potato,Vegetables,26.2,41.2,33.7,14.4,Agra,2022-02-20,potato
Potato,Vegetables,25.1,46.3,34.6,17.8,Agra,2022-02-21,potato
Potato,Vegetables,24.8,42.3,31.6,12.8,Agra,2022-02-22,potato
Potato,Vegetables,24.7,36.7,32.3,8.8,Agra,2022-02-23,potato
Potato,Vegetables,22.5,43.9,34.7,16.7,Agra,2022-02-24,potato
Potato,Vegetables,23.2,33.6,26.1,9.6,Agra,2022-02-25,potato
Potato,Vegetables,26.4,46.4,41.2,9.4,Agra,2022-02-26,potato
Potato,Vegetables,22.5,43.2,40.2,10.0,Agra,2022-02-27,potato
Potato,Vegetables,23.5,42.5,34.0,10.8,Agra,2022-02-28,potato
Potato,Vegetables,24.8,29.0,23.5,12.6,Agra,2022-03-01,potato
Potato,Vegetables,22.8,35.6,27.3,12.5,Agra,2022-03-02,potato
Potato,Vegetables,22.5,27.7,22.5,11.2,Agra,2022-03-03,potato
Potato,Vegetables,24.9,31.4,25.9,7.7,Agra,2022-03-04,potato
Potato,Vegetables,24.8,44.3,37.0,15.0,Agra,2022-03-05,potato
Potato,Vegetables,23.6,43.2,38.8,9.6,Agra,2022-03-06,potato
Potato,Vegetables,24.9,33.5,26.8,10.9,Agra,2022-03-07,potato
Potato,Vegetables,22.4,44.6,36.9,11.2,Agra,2022-03-08,potato
Potato,Vegetables,24.1,40.0,33.0,9.5,Agra,2022-03-09,potato
Potato,Vegetables,24.8,47.2,36.4,14.5,Agra,2022-03-10,potato
Potato,Vegetables,24.7,32.2,29.9,10.3,Agra,2022-03-11,potato
Potato,Vegetables,25.2,44.2,38.3,9.6,Agra,2022-03-12,potato
Potato,Vegetables,23.5,44.5,37.2,9.5,Agra,2022-03-13,potato
Potato,Vegetables,25.2,38.8,33.5,8.4,Agra,2022-03-14,potato
Potato,Vegetables,23.6,38.2,34.7,10.6,Agra,2022-03-15,potato
Potato,Vegetables,24.1,32.5,29.7,10.0,Agra,2022-03-16,potato
Potato,Vegetables,25.9,41.7,34.3,10.1,Agra,2022-03-17,potato
Potato,Vegetables,23.7,43.6,32.7,16.6,Agra,2022-03-18,potato
Potato,Vegetables,25.1,38.9,29.9,15.2,Agra,2022-03-19,potato
Potato,Vegetables,24.4,41.4,37.5,8.9,Agra,2022-03-20,potato
Potato,Vegetables,22.2,33.3,28.8,6.8,Agra,2022-03-21,potato
Potato,Vegetables,22.8,32.3,27.8,7.9,Agra,2022-03-22,potato
Potato,Vegetables,22.3,44.9,33.9,16.3,Agra,2022-03-23,potato
Potato,Vegetables,22.8,33.2,29.9,8.9,Agra,2022-03-24,potato
Potato,Vegetables,24.1,44.8,34.0,16.4,Agra,2022-03-25,potato
Potato,Vegetables,23.0,57.2,46.5,14.6,Agra,2022-03-26,potato
Potato,Vegetables,23.9,46.1,36.9,14.3,Agra,2022-03-27,potato
Potato,Vegetables,22.4,32.8,25.3,10.2,Agra,2022-03-28,potato
Potato,Vegetables,22.1,53.5,41.3,15.5,Agra,2022-03-29,potato
Potato,Vegetables,22.2,37.9,34.4,7.4,Agra,2022-03-30,potato
Potato,Vegetables,25.0,33.7,30.5,9.1,Agra,2022-03-31,potato
Potato,Vegetables,25.5,35.2,30.1,11.3,Agra,2022-04-01,potato
Potato,Vegetables,26.0,37.9,35.7,7.4,Agra,2022-04-02,potato
Potato,Vegetables,23.3,53.5,42.1,13.6,Agra,2022-04-03,potato
Potato,Vegetables,22.9,28.3,22.9,10.0,Agra,2022-04-04,potato
Potato,Vegetables,23.1,29.8,28.0,8.2,Agra,2022-04-05,potato
Potato,Vegetables,26.8,32.4,24.1,12.2,Agra,2022-04-06,potato
Potato,Vegetables,26.7,31.6,24.3,14.1,Agra,2022-04-07,potato
Potato,Vegetables,24.4,31.3,26.4,12.7,Agra,2022-04-08,potato
Potato,Vegetables,24.0,42.9,39.6,6.3,Agra,2022-04-09,potato
Potato,Vegetables,22.3,44.2,41.7,8.1,Agra,2022-04-10,potato
Potato,Vegetables,22.4,38.1,31.3,10.2,Agra,2022-04-11,potato
Potato,Vegetables,24.0,34.4,29.8,9.0,Agra,2022-04-12,potato
Potato,Vegetables,26.5,44.6,34.6,14.1,Agra,2022-04-13,potato
Potato,Vegetables,25.7,40.2,29.9,13.5,Agra,2022-04-14,potato
Potato,Vegetables,26.7,37.6,29.2,11.0,Agra,2022-04-15,potato
Potato,Vegetables,22.2,51.6,40.3,18.7,Agra,2022-04-16,potato
Potato,Vegetables,24.0,42.7,38.1,9.9,Agra,2022-04-17,potato
Potato,Vegetables,23.6,38.2,30.9,10.9,Agra,2022-04-18,potato
Potato,Vegetables,22.8,38.5,33.6,10.7,Agra,2022-04-19,potato
Potato,Vegetables,23.5,44.6,38.5,10.4,Agra,2022-04-20,potato
Potato,Vegetables,23.2,50.3,37.5,16.1,Agra,2022-04-21,potato
Potato,Vegetables,26.6,33.8,29.8,8.8,Agra,2022-04-22,potato
Potato,Vegetables,22.6,49.9,39.8,15.7,Agra,2022-04-23,potato
Potato,Vegetables,26.8,60.0,46.8,21.0,Agra,2022-04-24,potato
Potato,Vegetables,24.6,38.9,32.7,10.8,Agra,2022-04-25,potato
Potato,Vegetables,24.0,32.5,25.1,13.8,Agra,2022-04-26,potato
Potato,Vegetables,25.2,31.3,26.5,7.7,Agra,2022-04-27,potato
Potato,Vegetables,24.9,40.5,37.1,10.9,Agra,2022-04-28,potato
Potato,Vegetables,24.1,45.9,35.8,16.6,Agra,2022-04-29,potato
Potato,Vegetables,22.1,51.0,46.4,8.6,Agra,2022-04-30,potato
Potato,Vegetables,22.4,47.8,40.3,14.7,Agra,2022-05-01,potato
Potato,Vegetables,23.2,33.4,27.6,13.0,Agra,2022-05-02,potato
Potato,Vegetables,22.4,41.2,31.5,15.8,Agra,2022-05-03,potato
Potato,Vegetables,25.3,36.8,34.6,9.8,Agra,2022-05-04,potato
Potato,Vegetables,24.1,43.1,32.9,17.8,Agra,2022-05-05,potato
Potato,Vegetables,24.5,35.5,30.3,10.7,Agra,2022-05-06,potato
Potato,Vegetables,23.5,54.4,41.9,19.6,Agra,2022-05-07,potato
Potato,Vegetables,22.7,30.5,28.0,5.6,Agra,2022-05-08,potato
Potato,Vegetables,24.9,42.2,33.3,16.1,Agra,2022-05-09,potato
Potato,Vegetables,26.2,29.2,26.2,6.9,Agra,2022-05-10,potato
Potato,Vegetables,23.0,39.0,37.1,4.9,Agra,2022-05-11,potato
Potato,Vegetables,23.7,40.6,36.5,9.4,Agra,2022-05-12,potato
Potato,Vegetables,22.3,39.8,32.4,12.9,Agra,2022-05-13,potato
Potato,Vegetables,24.2,53.1,43.5,12.1,Agra,2022-05-14,potato
Potato,Vegetables,23.9,38.0,33.7,9.7,Agra,2022-05-15,potato
Potato,Vegetables,24.4,45.0,37.2,15.6,Agra,2022-05-16,potato
Potato,Vegetables,22.8,38.9,31.3,10.8,Agra,2022-05-17,potato
Potato,Vegetables,26.0,35.4,31.3,8.5,Agra,2022-05-18,potato
Potato,Vegetables,24.6,28.3,25.8,8.3,Agra,2022-05-19,potato
Potato,Vegetables,24.2,37.5,35.1,7.6,Agra,2022-05-20,potato
Potato,Vegetables,24.3,39.6,33.2,12.9,Agra,2022-05-21,potato
Potato,Vegetables,22.7,48.0,38.8,12.3,Agra,2022-05-22,potato
Potato,Vegetables,23.6,41.6,37.2,8.0,Agra,2022-05-23,potato
Potato,Vegetables,26.3,36.2,28.4,12.8,Agra,2022-05-24,potato
Potato,Vegetables,23.6,38.4,33.4,8.9,Agra,2022-05-25,potato
Potato,Vegetables,24.3,49.6,37.2,18.3,Agra,2022-05-26,potato
Potato,Vegetables,25.3,38.0,32.4,7.7,Agra,2022-05-27,potato
Potato,Vegetables,25.9,43.7,36.3,10.3,Agra,2022-05-28,potato
Potato,Vegetables,22.2,31.5,29.4,8.0,Agra,2022-05-29,potato
Potato,Vegetables,23.9,40.9,30.4,13.2,Agra,2022-05-30,potato
Potato,Vegetables,23.3,48.0,37.4,14.1,Agra,2022-05-31,potato
Potato,Vegetables,23.8,32.6,30.5,6.4,Agra,2022-06-01,potato
Potato,Vegetables,22.9,43.5,32.5,15.5,Agra,2022-06-02,potato
Potato,Vegetables,24.2,31.2,27.1,9.1,Agra,2022-06-03,potato
Potato,Vegetables,24.9,55.4,42.3,17.3,Agra,2022-06-04,potato
Potato,Vegetables,23.7,48.0,37.8,17.7,Agra,2022-06-05,potato
Potato,Vegetables,26.2,34.1,26.8,11.2,Agra,2022-06-06,potato
Potato,Vegetables,26.2,31.0,25.8,9.0,Agra,2022-06-07,potato
Potato,Vegetables,23.5,41.0,30.8,14.7,Agra,2022-06-08,potato
Potato,Vegetables,26.1,41.2,32.0,15.9,Agra,2022-06-09,potato
Potato,Vegetables,25.3,27.1,22.1,10.2,Agra,2022-06-10,potato
Potato,Vegetables,23.8,45.3,37.8,11.7,Agra,2022-06-11,potato
Potato,Vegetables,25.2,45.1,39.1,11.1,Agra,2022-06-12,potato
Potato,Vegetables,22.1,46.2,35.2,14.5,Agra,2022-06-13,potato
Potato,Vegetables,24.2,40.8,33.6,11.4,Agra,2022-06-14,potato
Potato,Vegetables,24.6,31.1,28.3,9.5,Agra,2022-06-15,potato
Potato,Vegetables,23.4,37.7,35.5,6.5,Agra,2022-06-16,potato
Potato,Vegetables,22.7,44.6,33.7,15.1,Agra,2022-06-17,potato
Potato,Vegetables,23.1,52.5,40.5,18.5,Agra,2022-06-18,potato
Potato,Vegetables,26.8,48.0,44.6,5.9,Agra,2022-06-19,potato
Potato,Vegetables,26.4,36.1,30.4,9.9,Agra,2022-06-20,potato
Potato,Vegetables,25.8,42.4,33.1,12.6,Agra,2022-06-21,potato
Potato,Vegetables,23.9,34.0,31.8,9.3,Agra,2022-06-22,potato
Potato,Vegetables,25.5,38.0,29.6,14.1,Agra,2022-06-23,potato
Potato,Vegetables,25.3,36.1,30.3,11.8,Agra,2022-06-24,potato
Potato,Vegetables,26.7,39.7,37.7,6.9,Agra,2022-06-25,potato
Potato,Vegetables,26.9,41.7,36.1,11.9,Agra,2022-06-26,potato
Potato,Vegetables,24.8,34.6,28.3,11.4,Agra,2022-06-27,potato
Potato,Vegetables,26.8,31.9,27.8,10.8,Agra,2022-06-28,potato
Potato,Vegetables,25.1,39.8,31.7,15.6,Agra,2022-06-29,potato
Potato,Vegetables,24.2,34.5,28.4,11.6,Agra,2022-06-30,potato
Potato,Vegetables,24.8,41.8,31.2,14.5,Agra,2022-07-01,potato
Potato,Vegetables,22.2,45.8,35.3,17.9,Agra,2022-07-02,potato
Potato,Vegetables,22.6,45.6,41.7,11.5,Agra,2022-07-03,potato
Potato,Vegetables,25.8,38.3,35.0,9.6,Agra,2022-07-04,potato
Potato,Vegetables,22.5,37.8,31.8,12.4,Agra,2022-07-05,potato
Potato,Vegetables,22.4,38.8,35.3,9.5,Agra,2022-07-06,potato
Potato,Vegetables,25.2,35.1,29.1,9.2,Agra,2022-07-07,potato
Potato,Vegetables,24.1,45.6,35.4,15.8,Agra,2022-07-08,potato
Potato,Vegetables,23.2,44.2,39.6,11.5,Agra,2022-07-09,potato
Potato,Vegetables,25.3,50.0,38.0,18.0,Agra,2022-07-10,potato
Potato,Vegetables,23.9,36.3,31.8,12.1,Agra,2022-07-11,potato
Potato,Vegetables,24.2,43.3,40.2,9.0,Agra,2022-07-12,potato
Potato,Vegetables,23.1,40.2,32.1,10.7,Agra,2022-07-13,potato
Potato,Vegetables,24.5,30.3,23.7,13.1,Agra,2022-07-14,potato
Potato,Vegetables,25.5,51.2,41.3,17.3,Agra,2022-07-15,potato
Potato,Vegetables,24.8,42.4,35.0,10.8,Agra,2022-07-16,potato
Potato,Vegetables,23.9,39.4,37.0,8.2,Agra,2022-07-17,potato
Potato,Vegetables,26.3,37.7,34.7,9.3,Agra,2022-07-18,potato
Potato,Vegetables,22.5,34.4,30.5,8.1,Agra,2022-07-19,potato
Potato,Vegetables,22.8,37.6,34.9,10.3,Agra,2022-07-20,potato
Potato,Vegetables,25.8,32.0,27.7,10.1,Agra,2022-07-21,potato
Potato,Vegetables,25.5,49.8,37.6,19.5,Agra,2022-07-22,potato
Potato,Vegetables,26.5,55.5,42.2,19.4,Agra,2022-07-23,potato
Potato,Vegetables,24.4,59.1,44.5,17.1,Agra,2022-07-24,potato
Potato,Vegetables,26.3,39.9,30.6,11.8,Agra,2022-07-25,potato
Potato,Vegetables,25.2,40.1,31.0,12.7,Agra,2022-07-26,potato
Potato,Vegetables,24.0,28.4,26.0,6.1,Agra,2022-07-27,potato
Potato,Vegetables,26.4,39.5,35.1,7.3,Agra,2022-07-28,potato
Potato,Vegetables,26.3,47.1,35.3,14.1,Agra,2022-07-29,potato
Potato,Vegetables,24.6,51.0,44.7,12.0,Agra,2022-07-30,potato
Potato,Vegetables,22.5,47.7,36.8,14.3,Agra,2022-07-31,potato
Potato,Vegetables,23.6,35.4,27.4,10.4,Agra,2022-08-01,potato
Potato,Vegetables,26.6,38.3,28.8,16.5,Agra,2022-08-02,potato
Potato,Vegetables,26.7,40.5,32.0,10.5,Agra,2022-08-03,potato
Potato,Vegetables,25.4,39.3,37.0,9.6,Agra,2022-08-04,potato
Potato,Vegetables,26.4,40.1,32.1,13.0,Agra,2022-08-05,potato
Potato,Vegetables,22.2,38.6,35.6,9.0,Agra,2022-08-06,potato
Potato,Vegetables,24.6,48.9,37.5,18.7,Agra,2022-08-07,potato
Potato,Vegetables,25.4,36.2,29.0,13.8,Agra,2022-08-08,potato
Potato,Vegetables,22.7,38.5,32.5,9.1,Agra,2022-08-09,potato
Potato,Vegetables,25.3,33.2,26.1,10.7,Agra,2022-08-10,potato
Potato,Vegetables,23.6,33.4,28.8,9.2,Agra,2022-08-11,potato
Potato,Vegetables,24.4,33.6,28.1,11.2,Agra,2022-08-12,potato
Potato,Vegetables,23.7,58.7,54.4,10.1,Agra,2022-08-13,potato
Potato,Vegetables,23.4,50.4,47.4,8.9,Agra,2022-08-14,potato
Potato,Vegetables,22.3,55.5,41.1,19.5,Agra,2022-08-15,potato
Potato,Vegetables,23.6,34.0,28.4,8.8,Agra,2022-08-16,potato
Potato,Vegetables,24.2,46.6,40.7,12.3,Agra,2022-08-17,potato
Potato,Vegetables,25.3,39.8,33.5,12.1,Agra,2022-08-18,potato
Potato,Vegetables,26.1,44.4,35.9,14.6,Agra,2022-08-19,potato
Potato,Vegetables,24.0,60.6,46.6,21.5,Agra,2022-08-20,potato
Potato,Vegetables,25.1,45.3,38.5,11.8,Agra,2022-08-21,potato
Potato,Vegetables,24.8,44.6,33.5,17.0,Agra,2022-08-22,potato
Potato,Vegetables,24.5,40.3,33.1,14.8,Agra,2022-08-23,potato
Potato,Vegetables,23.7,37.5,29.1,12.1,Agra,2022-08-24,potato
Potato,Vegetables,22.9,30.2,25.8,10.7,Agra,2022-08-25,potato
Potato,Vegetables,24.0,33.9,30.3,6.1,Agra,2022-08-26,potato
Potato,Vegetables,25.1,49.9,37.4,19.8,Agra,2022-08-27,potato
Potato,Vegetables,22.8,52.2,39.7,14.5,Agra,2022-08-28,potato
Potato,Vegetables,24.5,49.2,38.5,14.1,Agra,2022-08-29,potato
Potato,Vegetables,26.3,34.8,31.5,11.1,Agra,2022-08-30,potato
Potato,Vegetables,26.8,46.1,34.3,15.3,Agra,2022-08-31,potato
Potato,Vegetables,25.2,42.7,36.4,9.3,Agra,2022-09-01,potato
Potato,Vegetables,22.7,35.4,28.8,10.0,Agra,2022-09-02,potato
Potato,Vegetables,24.3,52.1,40.9,16.4,Agra,2022-09-03,potato
Potato,Vegetables,26.3,40.0,30.3,14.2,Agra,2022-09-04,potato
Potato,Vegetables,26.2,35.0,31.3,9.5,Agra,2022-09-05,potato
Potato,Vegetables,22.9,34.5,32.7,7.1,Agra,2022-09-06,potato
Potato,Vegetables,22.6,41.5,32.3,13.0,Agra,2022-09-07,potato
Potato,Vegetables,23.7,36.4,30.3,10.8,Agra,2022-09-08,potato
Potato,Vegetables,24.7,37.6,30.4,9.7,Agra,2022-09-09,potato
Potato,Vegetables,24.1,33.2,30.0,8.8,Agra,2022-09-10,potato
Potato,Vegetables,25.5,52.0,40.8,15.2,Agra,2022-09-11,potato
Potato,Vegetables,22.6,45.1,33.8,14.2,Agra,2022-09-12,potato
Potato,Vegetables,25.2,37.1,33.5,10.8,Agra,2022-09-13,potato
Potato,Vegetables,24.6,39.5,34.6,10.6,Agra,2022-09-14,potato
Potato,Vegetables,22.8,38.1,32.9,8.4,Agra,2022-09-15,potato
Potato,Vegetables,23.0,31.1,27.6,10.3,Agra,2022-09-16,potato
Potato,Vegetables,24.4,48.7,41.8,13.8,Agra,2022-09-17,potato
Potato,Vegetables,24.4,46.9,35.0,19.4,Agra,2022-09-18,potato
Potato,Vegetables,26.0,38.5,34.6,10.3,Agra,2022-09-19,potato
Potato,Vegetables,26.0,31.0,27.4,9.1,Agra,2022-09-20,potato
Potato,Vegetables,23.3,38.7,31.0,12.1,Agra,2022-09-21,potato
Potato,Vegetables,23.2,36.9,29.8,14.9,Agra,2022-09-22,potato
Potato,Vegetables,25.5,36.6,31.9,12.1,Agra,2022-09-23,potato
Potato,Vegetables,24.6,28.9,27.1,5.4,Agra,2022-09-24,potato
Potato,Vegetables,26.0,43.9,38.9,9.5,Agra,2022-09-25,potato
Potato,Vegetables,25.1,45.8,34.7,13.5,Agra,2022-09-26,potato
Potato,Vegetables,24.8,33.8,29.3,9.8,Agra,2022-09-27,potato
Potato,Vegetables,24.7,43.3,32.8,13.7,Agra,2022-09-28,potato
Potato,Vegetables,23.4,28.5,26.7,6.8,Agra,2022-09-29,potato
Potato,Vegetables,26.3,30.7,23.2,12.7,Agra,2022-09-30,potato
Potato,Vegetables,26.8,49.6,38.9,18.2,Agra,2022-10-01,potato
Potato,Vegetables,25.2,46.1,37.1,11.8,Agra,2022-10-02,potato
Potato,Vegetables,26.6,36.6,31.8,10.8,Agra,2022-10-03,potato
Potato,Vegetables,23.8,44.3,33.1,16.2,Agra,2022-10-04,potato
Potato,Vegetables,24.4,40.3,34.8,9.5,Agra,2022-10-05,potato
Potato,Vegetables,22.7,39.5,36.7,5.9,Agra,2022-10-06,potato
Potato,Vegetables,26.2,26.9,25.0,5.3,Agra,2022-10-07,potato
Potato,Vegetables,22.1,55.8,42.5,20.7,Agra,2022-10-08,potato
Potato,Vegetables,24.0,48.6,39.9,14.8,Agra,2022-10-09,potato
Potato,Vegetables,26.5,36.8,30.6,10.2,Agra,2022-10-10,potato
Potato,Vegetables,22.1,42.4,38.8,7.6,Agra,2022-10-11,potato
Potato,Vegetables,25.0,41.0,33.7,11.7,Agra,2022-10-12,potato
Potato,Vegetables,25.4,37.9,32.5,8.1,Agra,2022-10-13,potato
Potato,Vegetables,22.1,44.4,35.4,11.2,Agra,2022-10-14,potato
Potato,Vegetables,23.1,53.0,39.7,19.6,Agra,2022-10-15,potato
Potato,Vegetables,25.6,29.7,28.1,9.2,Agra,2022-10-16,potato
Potato,Vegetables,22.7,30.8,26.0,10.4,Agra,2022-10-17,potato
Potato,Vegetables,26.8,49.0,36.7,17.7,Agra,2022-10-18,potato
Potato,Vegetables,24.6,34.1,27.9,13.1,Agra,2022-10-19,potato
Potato,Vegetables,22.3,38.8,30.3,15.3,Agra,2022-10-20,potato
Potato,Vegetables,25.1,39.5,33.4,12.5,Agra,2022-10-21,potato
Potato,Vegetables,22.2,41.4,33.2,11.0,Agra,2022-10-22,potato
Potato,Vegetables,22.9,49.3,41.6,12.9,Agra,2022-10-23,potato
Potato,Vegetables,24.1,33.0,29.8,5.2,Agra,2022-10-24,potato
Potato,Vegetables,24.8,40.4,32.1,13.2,Agra,2022-10-25,potato
Potato,Vegetables,24.3,30.4,24.8,7.6,Agra,2022-10-26,potato
Potato,Vegetables,24.9,34.0,28.4,11.4,Agra,2022-10-27,potato
Potato,Vegetables,26.2,38.1,32.5,9.9,Agra,2022-10-28,potato
Potato,Vegetables,23.1,42.9,40.5,7.4,Agra,2022-10-29,potato
Potato,Vegetables,26.8,42.6,37.4,7.9,Agra,2022-10-30,potato
Potato,Vegetables,23.3,46.7,38.6,13.8,Agra,2022-10-31,potato
Potato,Vegetables,23.8,34.9,31.0,9.1,Agra,2022-11-01,potato
Potato,Vegetables,22.6,35.1,30.9,8.3,Agra,2022-11-02,potato
Potato,Vegetables,24.6,30.2,28.6,4.6,Agra,2022-11-03,potato
Potato,Vegetables,26.0,33.8,29.3,9.7,Agra,2022-11-04,potato
Potato,Vegetables,24.4,54.5,40.9,16.9,Agra,2022-11-05,potato
Potato,Vegetables,26.0,43.9,34.4,16.5,Agra,2022-11-06,potato
Potato,Vegetables,24.0,37.9,28.3,15.9,Agra,2022-11-07,potato
Potato,Vegetables,22.4,46.2,35.2,18.8,Agra,2022-11-08,potato
Potato,Vegetables,23.7,39.1,33.0,12.1,Agra,2022-11-09,potato
Potato,Vegetables,24.3,34.2,31.9,7.4,Agra,2022-11-10,potato
Potato,Vegetables,26.0,39.8,30.7,13.2,Agra,2022-11-11,potato
Potato,Vegetables,26.8,39.3,33.7,12.3,Agra,2022-11-12,potato
Potato,Vegetables,23.3,46.7,43.8,5.5,Agra,2022-11-13,potato
Potato,Vegetables,23.4,32.3,28.7,6.0,Agra,2022-11-14,potato
Potato,Vegetables,26.7,40.3,34.5,13.7,Agra,2022-11-15,potato
Potato,Vegetables,22.8,33.6,28.9,9.3,Agra,2022-11-16,potato
Potato,Vegetables,25.5,48.8,37.5,15.0,Agra,2022-11-17,potato
Potato,Vegetables,25.9,37.0,30.9,8.6,Agra,2022-11-18,potato
Potato,Vegetables,23.5,38.8,36.0,8.6,Agra,2022-11-19,potato
Potato,Vegetables,26.2,45.7,41.9,9.1,Agra,2022-11-20,potato
Potato,Vegetables,23.1,30.3,28.8,5.6,Agra,2022-11-21,potato
Potato,Vegetables,23.6,31.8,25.4,13.7,Agra,2022-11-22,potato
Potato,Vegetables,22.6,34.6,25.7,15.6,Agra,2022-11-23,potato
Potato,Vegetables,22.6,37.4,32.2,7.9,Agra,2022-11-24,potato
Potato,Vegetables,25.9,47.9,39.2,11.8,Agra,2022-11-25,potato
Potato,Vegetables,22.1,50.0,38.1,14.5,Agra,2022-11-26,potato
Potato,Vegetables,25.9,47.0,38.3,13.1,Agra,2022-11-27,potato
Potato,Vegetables,25.2,34.1,30.1,8.5,Agra,2022-11-28,potato
Potato,Vegetables,26.0,37.7,34.3,11.3,Agra,2022-11-29,potato
Potato,Vegetables,25.3,40.6,35.0,9.7,Agra,2022-11-30,potato
Potato,Vegetables,24.6,41.8,32.4,16.8,Agra,2022-12-01,potato
Potato,Vegetables,22.8,38.8,30.5,16.2,Agra,2022-12-02,potato
Potato,Vegetables,22.4,47.6,35.9,17.8,Agra,2022-12-03,potato
Potato,Vegetables,22.1,41.0,34.2,14.1,Agra,2022-12-04,potato
Potato,Vegetables,24.6,32.0,27.7,8.7,Agra,2022-12-05,potato
Potato,Vegetables,25.5,30.0,26.2,8.6,Agra,2022-12-06,potato
Potato,Vegetables,23.3,39.8,35.0,11.7,Agra,2022-12-07,potato
Potato,Vegetables,23.1,35.5,32.5,5.5,Agra,2022-12-08,potato
Potato,Vegetables,26.8,34.4,32.7,6.6,Agra,2022-12-09,potato
Potato,Vegetables,25.3,57.6,49.1,11.3,Agra,2022-12-10,potato
Potato,Vegetables,23.4,44.4,37.2,9.4,Agra,2022-12-11,potato
Potato,Vegetables,24.6,45.4,38.6,14.1,Agra,2022-12-12,potato
Potato,Vegetables,23.9,42.1,34.5,9.8,Agra,2022-12-13,potato
Potato,Vegetables,22.6,44.8,33.4,16.7,Agra,2022-12-14,potato
Potato,Vegetables,23.0,36.9,34.7,7.4,Agra,2022-12-15,potato
Potato,Vegetables,22.7,39.1,33.0,12.0,Agra,2022-12-16,potato
Potato,Vegetables,24.3,50.9,38.0,16.8,Agra,2022-12-17,potato
Potato,Vegetables,22.2,45.2,41.2,6.4,Agra,2022-12-18,potato
Potato,Vegetables,25.6,40.5,33.4,10.4,Agra,2022-12-19,potato
Potato,Vegetables,25.0,30.3,28.8,5.5,Agra,2022-12-20,potato
Potato,Vegetables,25.8,41.7,34.0,13.1,Agra,2022-12-21,potato
Potato,Vegetables,24.0,46.2,34.6,19.3,Agra,2022-12-22,potato
Potato,Vegetables,22.1,31.4,26.7,11.8,Agra,2022-12-23,potato
Potato,Vegetables,22.8,53.3,43.1,13.6,Agra,2022-12-24,potato
Potato,Vegetables,23.9,47.5,39.0,15.5,Agra,2022-12-25,potato
Potato,Vegetables,24.6,40.6,30.2,16.0,Agra,2022-12-26,potato
Potato,Vegetables,25.0,35.7,30.8,10.9,Agra,2022-12-27,potato
Potato,Vegetables,22.8,43.7,33.8,15.5,Agra,2022-12-28,potato
Potato,Vegetables,25.7,30.5,24.6,12.2,Agra,2022-12-29,potato
Potato,Vegetables,23.5,34.8,30.7,7.4,Agra,2022-12-30,potato
Potato,Vegetables,26.4,43.6,35.2,13.2,Agra,2022-12-31,potato
Potato,Vegetables,22.7,41.7,36.7,9.4,Agra,2023-01-01,potato
Potato,Vegetables,26.7,36.6,27.3,13.9,Agra,2023-01-02,potato
Potato,Vegetables,22.8,39.1,31.7,14.3,Agra,2023-01-03,potato
Potato,Vegetables,25.5,35.8,27.2,11.8,Agra,2023-01-04,potato
Potato,Vegetables,25.7,29.8,28.2,6.1,Agra,2023-01-05,potato
Potato,Vegetables,26.8,32.0,25.4,10.7,Agra,2023-01-06,potato
Potato,Vegetables,26.6,45.5,40.6,8.8,Agra,2023-01-07,potato
Potato,Vegetables,25.4,43.8,38.5,10.7,Agra,2023-01-08,potato
Potato,Vegetables,23.1,40.3,37.8,10.0,Agra,2023-01-09,potato
Potato,Vegetables,24.4,46.5,38.2,13.0,Agra,2023-01-10,potato
Potato,Vegetables,25.9,36.4,30.5,13.4,Agra,2023-01-11,potato
Potato,Vegetables,23.5,36.2,29.6,12.5,Agra,2023-01-12,potato
Potato,Vegetables,26.4,33.9,28.3,10.6,Agra,2023-01-13,potato
Potato,Vegetables,22.3,45.5,39.4,10.7,Agra,2023-01-14,potato
Potato,Vegetables,25.2,39.6,33.7,10.9,Agra,2023-01-15,potato
Potato,Vegetables,23.4,38.3,32.9,12.7,Agra,2023-01-16,potato
Potato,Vegetables,26.6,32.1,29.8,8.4,Agra,2023-01-17,potato
Potato,Vegetables,26.0,29.5,26.0,8.3,Agra,2023-01-18,potato
Potato,Vegetables,23.3,48.7,36.9,14.1,Agra,2023-01-19,potato
Potato,Vegetables,22.6,49.8,39.2,14.3,Agra,2023-01-20,potato
Potato,Vegetables,23.5,50.6,43.1,10.9,Agra,2023-01-21,potato
Potato,Vegetables,23.9,50.7,37.8,18.4,Agra,2023-01-22,potato
Potato,Vegetables,23.7,43.7,39.6,7.4,Agra,2023-01-23,potato
Potato,Vegetables,22.2,45.2,35.2,13.8,Agra,2023-01-24,potato
Potato,Vegetables,25.9,40.9,30.8,16.1,Agra,2023-01-25,potato
Potato,Vegetables,24.5,37.5,34.2,8.5,Agra,2023-01-26,potato
Potato,Vegetables,24.2,34.2,27.6,8.9,Agra,2023-01-27,potato
Potato,Vegetables,26.8,43.2,41.0,4.7,Agra,2023-01-28,potato
Potato,Vegetables,25.4,44.5,41.1,10.8,Agra,2023-01-29,potato
Potato,Vegetables,25.1,41.4,32.1,16.1,Agra,2023-01-30,potato
Potato,Vegetables,24.0,34.9,29.4,11.9,Agra,2023-01-31,potato
Potato,Vegetables,26.3,41.1,32.4,14.6,Agra,2023-02-01,potato
Potato,Vegetables,24.9,48.4,36.5,17.8,Agra,2023-02-02,potato
Potato,Vegetables,23.9,35.7,31.2,9.9,Agra,2023-02-03,potato
Potato,Vegetables,23.3,39.3,35.4,9.9,Agra,2023-02-04,potato
Potato,Vegetables,24.2,47.7,37.3,12.8,Agra,2023-02-05,potato
Potato,Vegetables,26.5,33.9,28.4,10.6,Agra,2023-02-06,potato
Potato,Vegetables,23.5,36.1,30.5,8.5,Agra,2023-02-07,potato
Potato,Vegetables,22.9,40.1,33.7,8.8,Agra,2023-02-08,potato
Potato,Vegetables,22.8,46.3,40.0,13.5,Agra,2023-02-09,potato
Potato,Vegetables,22.9,41.7,34.2,10.0,Agra,2023-02-10,potato
Potato,Vegetables,22.9,38.2,35.5,5.0,Agra,2023-02-11,potato
Potato,Vegetables,25.6,39.8,32.8,13.0,Agra,2023-02-12,potato
Potato,Vegetables,24.9,37.8,34.5,6.0,Agra,2023-02-13,potato
Potato,Vegetables,26.7,43.2,32.2,17.5,Agra,2023-02-14,potato
Potato,Vegetables,22.4,38.2,29.3,12.7,Agra,2023-02-15,potato
Potato,Vegetables,24.4,36.5,33.0,9.9,Agra,2023-02-16,potato
Potato,Vegetables,24.5,32.3,27.8,11.9,Agra,2023-02-17,potato
Potato,Vegetables,23.3,57.6,43.6,16.5,Agra,2023-02-18,potato
Potato,Vegetables,22.8,46.6,38.6,13.4,Agra,2023-02-19,potato
Potato,Vegetables,25.9,41.1,33.8,10.0,Agra,2023-02-20,potato
Potato,Vegetables,26.1,27.9,25.7,7.3,Agra,2023-02-21,potato
Potato,Vegetables,23.4,36.3,30.8,8.1,Agra,2023-02-22,potato
Potato,Vegetables,23.0,30.8,27.6,5.3,Agra,2023-02-23,potato
Potato,Vegetables,22.4,34.6,31.9,8.6,Agra,2023-02-24,potato
Potato,Vegetables,22.8,51.5,39.8,15.8,Agra,2023-02-25,potato
Potato,Vegetables,22.4,43.5,40.5,9.1,Agra,2023-02-26,potato
Potato,Vegetables,26.5,39.4,31.6,13.9,Agra,2023-02-27,potato
Potato,Vegetables,25.4,32.6,30.5,7.7,Agra,2023-02-28,potato
Potato,Vegetables,24.4,37.0,30.8,11.7,Agra,2023-03-01,potato
Potato,Vegetables,24.9,42.2,36.1,9.1,Agra,2023-03-02,potato
Potato,Vegetables,23.3,46.6,39.3,14.0,Agra,2023-03-03,potato
Potato,Vegetables,24.8,36.2,31.4,9.8,Agra,2023-03-04,potato
Potato,Vegetables,23.8,38.6,30.5,15.3,Agra,2023-03-05,potato
Potato,Vegetables,23.5,32.8,31.0,9.1,Agra,2023-03-06,potato
Potato,Vegetables,24.9,34.0,31.5,8.5,Agra,2023-03-07,potato
Potato,Vegetables,24.6,40.9,30.9,14.4,Agra,2023-03-08,potato
Potato,Vegetables,26.5,38.5,32.6,10.4,Agra,2023-03-09,potato
Potato,Vegetables,24.0,36.9,34.6,7.9,Agra,2023-03-10,potato
Potato,Vegetables,25.9,45.0,38.9,12.3,Agra,2023-03-11,potato
Potato,Vegetables,24.6,57.7,44.3,17.0,Agra,2023-03-12,potato
Potato,Vegetables,22.6,39.4,30.3,14.0,Agra,2023-03-13,potato
Potato,Vegetables,24.3,40.7,32.4,14.1,Agra,2023-03-14,potato
Potato,Vegetables,23.2,42.1,36.1,9.7,Agra,2023-03-15,potato
Potato,Vegetables,22.4,42.4,34.4,14.5,Agra,2023-03-16,potato
Potato,Vegetables,26.7,35.9,27.0,12.0,Agra,2023-03-17,potato
Potato,Vegetables,25.5,53.2,46.3,14.1,Agra,2023-03-18,potato
Potato,Vegetables,25.7,55.1,41.8,16.8,Agra,2023-03-19,potato
Potato,Vegetables,24.8,34.1,29.0,12.7,Agra,2023-03-20,potato
Potato,Vegetables,26.7,37.6,31.1,13.7,Agra,2023-03-21,potato
Potato,Vegetables,25.8,31.4,27.6,8.9,Agra,2023-03-22,potato
Potato,Vegetables,23.9,45.6,37.1,11.7,Agra,2023-03-23,potato
Potato,Vegetables,25.1,33.7,28.3,9.4,Agra,2023-03-24,potato
Potato,Vegetables,22.4,53.9,41.2,17.8,Agra,2023-03-25,potato
Potato,Vegetables,22.8,35.9,30.1,9.7,Agra,2023-03-26,potato
Potato,Vegetables,24.3,39.6,30.7,12.3,Agra,2023-03-27,potato
Potato,Vegetables,24.9,42.0,35.7,14.1,Agra,2023-03-28,potato
Potato,Vegetables,22.1,43.9,37.6,9.6,Agra,2023-03-29,potato
Potato,Vegetables,26.2,35.7,29.1,11.9,Agra,2023-03-30,potato
Potato,Vegetables,24.0,39.7,33.0,11.1,Agra,2023-03-31,potato
Potato,Vegetables,22.4,41.6,33.4,14.0,Agra,2023-04-01,potato
Potato,Vegetables,24.8,42.3,35.5,13.2,Agra,2023-04-02,potato
Potato,Vegetables,23.1,38.2,29.6,12.5,Agra,2023-04-03,potato
Potato,Vegetables,25.3,34.2,31.9,6.6,Agra,2023-04-04,potato
Potato,Vegetables,24.9,40.9,32.7,12.3,Agra,2023-04-05,potato
Potato,Vegetables,24.1,49.8,37.6,18.9,Agra,2023-04-06,potato
Potato,Vegetables,23.3,34.9,28.8,11.0,Agra,2023-04-07,potato
Potato,Vegetables,22.2,51.6,38.7,18.9,Agra,2023-04-08,potato
Potato,Vegetables,25.5,47.1,40.0,14.2,Agra,2023-04-09,potato
Potato,Vegetables,23.0,37.9,33.0,11.3,Agra,2023-04-10,potato
Potato,Vegetables,25.7,42.1,32.8,13.1,Agra,2023-04-11,potato
Potato,Vegetables,22.2,39.4,33.7,8.7,Agra,2023-04-12,potato
Potato,Vegetables,24.3,37.3,32.7,7.8,Agra,2023-04-13,potato
Potato,Vegetables,24.4,39.4,32.9,14.5,Agra,2023-04-14,potato
Potato,Vegetables,25.7,45.9,42.1,8.3,Agra,2023-04-15,potato
Potato,Vegetables,24.3,51.3,44.7,10.8,Agra,2023-04-16,potato
Potato,Vegetables,22.6,39.4,36.6,9.3,Agra,2023-04-17,potato
Potato,Vegetables,26.5,35.8,33.8,4.5,Agra,2023-04-18,potato
Potato,Vegetables,24.2,39.9,30.6,14.0,Agra,2023-04-19,potato
Potato,Vegetables,26.1,36.8,27.7,11.6,Agra,2023-04-20,potato
Potato,Vegetables,25.5,39.2,29.8,12.1,Agra,2023-04-21,potato
Potato,Vegetables,24.6,47.7,37.1,14.4,Agra,2023-04-22,potato
Potato,Vegetables,23.2,39.7,35.3,11.1,Agra,2023-04-23,potato
Potato,Vegetables,26.8,39.8,31.8,12.7,Agra,2023-04-24,potato
Potato,Vegetables,22.5,38.8,29.2,17.2,Agra,2023-04-25,potato
Potato,Vegetables,24.0,53.0,41.7,18.6,Agra,2023-04-26,potato
Potato,Vegetables,22.5,35.8,33.6,8.3,Agra,2023-04-27,potato
Potato,Vegetables,22.3,35.6,32.2,10.8,Agra,2023-04-28,potato
Potato,Vegetables,23.7,41.3,33.8,9.6,Agra,2023-04-29,potato
Potato,Vegetables,24.5,38.0,32.8,8.1,Agra,2023-04-30,potato
Potato,Vegetables,23.7,42.2,34.6,12.5,Agra,2023-05-01,potato
Potato,Vegetables,26.3,36.8,29.7,15.0,Agra,2023-05-02,potato
Potato,Vegetables,23.1,35.2,27.1,13.8,Agra,2023-05-03,potato
Potato,Vegetables,22.7,38.4,30.5,11.3,Agra,2023-05-04,potato
Potato,Vegetables,24.3,43.4,33.8,15.4,Agra,2023-05-05,potato
Potato,Vegetables,25.6,49.4,38.3,15.3,Agra,2023-05-06,potato
Potato,Vegetables,23.4,48.1,38.1,12.8,Agra,2023-05-07,potato
Potato,Vegetables,26.3,40.8,31.3,15.8,Agra,2023-05-08,potato
Potato,Vegetables,24.4,32.1,28.7,9.0,Agra,2023-05-09,potato
Potato,Vegetables,26.7,43.1,37.2,12.2,Agra,2023-05-10,potato
Potato,Vegetables,24.6,29.7,25.7,10.8,Agra,2023-05-11,potato
Potato,Vegetables,22.6,45.2,34.8,14.1,Agra,2023-05-12,potato
Potato,Vegetables,24.4,45.8,40.0,11.3,Agra,2023-05-13,potato
Potato,Vegetables,26.1,40.7,36.7,11.2,Agra,2023-05-14,potato
Potato,Vegetables,26.7,38.2,29.4,11.0,Agra,2023-05-15,potato
Potato,Vegetables,23.5,36.6,34.7,9.4,Agra,2023-05-16,potato
Potato,Vegetables,24.9,37.7,29.6,12.8,Agra,2023-05-17,potato
Potato,Vegetables,25.5,42.2,35.8,14.0,Agra,2023-05-18,potato
Potato,Vegetables,26.5,31.9,26.1,12.4,Agra,2023-05-19,potato
Potato,Vegetables,25.6,41.2,38.4,6.9,Agra,2023-05-20,potato
Potato,Vegetables,23.7,48.6,40.4,15.3,Agra,2023-05-21,potato
Potato,Vegetables,25.3,40.9,33.7,11.3,Agra,2023-05-22,potato
Potato,Vegetables,25.7,38.7,28.9,13.4,Agra,2023-05-23,potato
Potato,Vegetables,23.8,45.4,35.8,14.5,Agra,2023-05-24,potato
Potato,Vegetables,23.1,31.2,27.2,10.5,Agra,2023-05-25,potato
Potato,Vegetables,26.3,30.9,24.7,12.0,Agra,2023-05-26,potato
Potato,Vegetables,26.4,41.6,36.6,11.9,Agra,2023-05-27,potato
Potato,Vegetables,25.3,46.9,36.6,13.8,Agra,2023-05-28,potato
Potato,Vegetables,23.7,43.7,37.2,11.8,Agra,2023-05-29,potato
Potato,Vegetables,24.5,44.0,33.0,14.4,Agra,2023-05-30,potato
Potato,Vegetables,24.0,40.3,31.2,15.8,Agra,2023-05-31,potato
Potato,Vegetables,26.8,29.1,24.1,11.6,Agra,2023-06-01,potato
Potato,Vegetables,22.6,46.0,36.5,16.9,Agra,2023-06-02,potato
Potato,Vegetables,23.1,41.2,38.5,10.4,Agra,2023-06-03,potato
Potato,Vegetables,24.5,44.6,37.6,12.6,Agra,2023-06-04,potato
Potato,Vegetables,23.1,42.0,36.6,8.9,Agra,2023-06-05,potato
Potato,Vegetables,26.5,39.0,32.8,12.0,Agra,2023-06-06,potato
Potato,Vegetables,26.2,28.8,27.3,6.3,Agra,2023-06-07,potato
Potato,Vegetables,23.3,43.4,36.9,11.3,Agra,2023-06-08,potato
Potato,Vegetables,26.2,32.4,28.3,9.6,Agra,2023-06-09,potato
Potato,Vegetables,24.8,48.5,40.0,16.2,Agra,2023-06-10,potato
Potato,Vegetables,25.4,61.6,47.5,17.4,Agra,2023-06-11,potato
Potato,Vegetables,24.5,36.1,27.6,14.9,Agra,2023-06-12,potato
Potato,Vegetables,23.8,34.2,32.1,4.8,Agra,2023-06-13,potato
Potato,Vegetables,25.4,38.7,31.3,14.9,Agra,2023-06-14,potato
Potato,Vegetables,25.5,37.4,35.2,4.3,Agra,2023-06-15,potato
Potato,Vegetables,23.3,34.3,31.5,6.4,Agra,2023-06-16,potato
Potato,Vegetables,23.5,55.7,48.2,15.3,Agra,2023-06-17,potato
Potato,Vegetables,24.7,43.7,33.3,17.2,Agra,2023-06-18,potato
Potato,Vegetables,22.3,50.8,38.4,18.2,Agra,2023-06-19,potato
Potato,Vegetables,26.6,37.7,30.2,10.8,Agra,2023-06-20,potato
Potato,Vegetables,24.8,37.1,34.5,6.0,Agra,2023-06-21,potato
Potato,Vegetables,25.4,43.1,35.7,9.6,Agra,2023-06-22,potato
Potato,Vegetables,25.6,31.9,30.1,3.9,Agra,2023-06-23,potato
Potato,Vegetables,26.6,45.2,38.9,12.0,Agra,2023-06-24,potato
Potato,Vegetables,24.1,52.6,39.4,21.1,Agra,2023-06-25,potato
Potato,Vegetables,22.3,34.0,31.9,9.2,Agra,2023-06-26,potato
Potato,Vegetables,22.9,50.4,40.4,12.2,Agra,2023-06-27,potato
Potato,Vegetables,23.6,46.0,38.2,10.8,Agra,2023-06-28,potato
Potato,Vegetables,26.6,37.4,29.9,12.0,Agra,2023-06-29,potato
Potato,Vegetables,23.6,37.5,33.0,10.5,Agra,2023-06-30,potato
Potato,Vegetables,26.4,43.4,34.4,14.2,Agra,2023-07-01,potato
Potato,Vegetables,24.2,48.1,42.2,8.4,Agra,2023-07-02,potato
Potato,Vegetables,23.0,41.4,39.0,6.7,Agra,2023-07-03,potato
Potato,Vegetables,22.9,42.5,34.5,15.2,Agra,2023-07-04,potato
Potato,Vegetables,26.5,32.5,25.5,13.3,Agra,2023-07-05,potato
Potato,Vegetables,22.9,38.6,34.8,6.5,Agra,2023-07-06,potato
Potato,Vegetables,24.5,36.4,34.3,6.0,Agra,2023-07-07,potato
Potato,Vegetables,26.3,47.4,35.1,18.6,Agra,2023-07-08,potato
Potato,Vegetables,26.4,52.7,44.7,13.4,Agra,2023-07-09,potato
Potato,Vegetables,23.3,37.8,30.9,10.6,Agra,2023-07-10,potato
Potato,Vegetables,23.4,31.5,28.2,10.9,Agra,2023-07-11,potato
Potato,Vegetables,24.3,36.4,29.5,12.3,Agra,2023-07-12,potato
Potato,Vegetables,23.4,38.6,33.3,10.3,Agra,2023-07-13,potato
Potato,Vegetables,22.8,55.3,41.4,16.9,Agra,2023-07-14,potato
Potato,Vegetables,23.0,37.4,32.7,6.9,Agra,2023-07-15,potato
Potato,Vegetables,25.0,38.8,34.6,12.0,Agra,2023-07-16,potato
Potato,Vegetables,22.6,47.7,39.2,15.7,Agra,2023-07-17,potato
Potato,Vegetables,24.9,35.6,32.6,6.1,Agra,2023-07-18,potato
Potato,Vegetables,23.8,41.7,31.8,12.3,Agra,2023-07-19,potato
Potato,Vegetables,25.4,40.9,34.4,9.5,Agra,2023-07-20,potato
Potato,Vegetables,22.5,45.5,36.6,13.7,Agra,2023-07-21,potato
Potato,Vegetables,26.1,37.7,34.1,7.3,Agra,2023-07-22,potato
Potato,Vegetables,24.7,35.7,29.7,8.7,Agra,2023-07-23,potato
Potato,Vegetables,22.1,48.2,36.5,16.3,Agra,2023-07-24,potato
Potato,Vegetables,23.2,44.4,33.3,17.4,Agra,2023-07-25,potato
Potato,Vegetables,26.6,25.0,23.1,5.0,Agra,2023-07-26,potato
Potato,Vegetables,23.8,36.7,30.7,12.2,Agra,2023-07-27,potato
Potato,Vegetables,23.9,32.5,30.6,8.5,Agra,2023-07-28,potato
Potato,Vegetables,26.6,49.7,38.1,18.2,Agra,2023-07-29,potato
Potato,Vegetables,25.9,41.1,38.3,5.1,Agra,2023-07-30,potato
Potato,Vegetables,22.4,28.7,27.1,4.1,Agra,2023-07-31,potato
Potato,Vegetables,22.4,43.2,34.9,11.2,Agra,2023-08-01,potato
Potato,Vegetables,26.1,37.4,30.9,10.1,Agra,2023-08-02,potato
Potato,Vegetables,25.2,42.4,32.0,13.5,Agra,2023-08-03,potato
Potato,Vegetables,26.7,37.1,28.0,14.7,Agra,2023-08-04,potato
Potato,Vegetables,22.2,45.1,34.9,16.1,Agra,2023-08-05,potato
Potato,Vegetables,25.6,49.3,39.1,12.8,Agra,2023-08-06,potato
Potato,Vegetables,23.1,25.7,22.6,10.8,Agra,2023-08-07,potato
Potato,Vegetables,22.1,37.1,28.9,15.9,Agra,2023-08-08,potato
Potato,Vegetables,24.2,42.6,38.6,7.3,Agra,2023-08-09,potato
Potato,Vegetables,23.4,40.8,33.9,9.8,Agra,2023-08-10,potato
Potato,Vegetables,22.3,42.2,36.2,8.0,Agra,2023-08-11,potato
Potato,Vegetables,22.4,39.4,34.5,9.0,Agra,2023-08-12,potato
Potato,Vegetables,24.8,55.2,42.2,17.9,Agra,2023-08-13,potato
Potato,Vegetables,22.8,40.0,30.2,13.7,Agra,2023-08-14,potato
Potato,Vegetables,25.9,43.9,36.6,14.4,Agra,2023-08-15,potato
Potato,Vegetables,24.8,35.3,33.6,6.7,Agra,2023-08-16,potato
Potato,Vegetables,23.0,35.0,30.4,9.1,Agra,2023-08-17,potato
Potato,Vegetables,24.8,40.5,36.6,10.6,Agra,2023-08-18,potato
Potato,Vegetables,25.0,36.1,31.2,10.1,Agra,2023-08-19,potato
Potato,Vegetables,24.0,49.3,38.3,17.8,Agra,2023-08-20,potato
Potato,Vegetables,25.6,44.8,35.1,13.0,Agra,2023-08-21,potato
Potato,Vegetables,26.3,37.3,30.0,12.2,Agra,2023-08-22,potato
Potato,Vegetables,22.8,39.5,33.1,13.9,Agra,2023-08-23,potato
Potato,Vegetables,26.3,36.6,30.4,12.3,Agra,2023-08-24,potato
Potato,Vegetables,25.8,36.4,28.0,14.0,Agra,2023-08-25,potato
Potato,Vegetables,26.3,41.2,34.7,9.5,Agra,2023-08-26,potato
Potato,Vegetables,24.8,47.0,37.5,15.6,Agra,2023-08-27,potato
Potato,Vegetables,24.4,39.4,29.5,17.0,Agra,2023-08-28,potato
Potato,Vegetables,26.2,34.1,32.2,5.3,Agra,2023-08-29,potato
Potato,Vegetables,22.6,37.0,34.3,7.1,Agra,2023-08-30,potato
Potato,Vegetables,24.5,42.9,33.9,12.8,Agra,2023-08-31,potato
Potato,Vegetables,23.5,43.3,40.0,9.6,Agra,2023-09-01,potato
Potato,Vegetables,22.9,65.1,49.9,21.8,Agra,2023-09-02,potato
Potato,Vegetables,26.8,40.9,38.6,6.2,Agra,2023-09-03,potato
Potato,Vegetables,22.2,38.0,34.4,10.9,Agra,2023-09-04,potato
Potato,Vegetables,24.1,37.2,31.2,11.9,Agra,2023-09-05,potato
Potato,Vegetables,24.2,42.0,39.8,9.0,Agra,2023-09-06,potato
Potato,Vegetables,23.4,40.3,36.9,6.4,Agra,2023-09-07,potato
Potato,Vegetables,24.2,42.4,36.8,9.2,Agra,2023-09-08,potato
Potato,Vegetables,23.6,38.5,35.8,10.0,Agra,2023-09-09,potato
Potato,Vegetables,26.0,42.2,35.2,10.9,Agra,2023-09-10,potato
Potato,Vegetables,25.4,42.7,32.9,15.0,Agra,2023-09-11,potato
Potato,Vegetables,22.9,34.0,29.5,11.4,Agra,2023-09-12,potato
Potato,Vegetables,24.5,45.6,39.4,8.2,Agra,2023-09-13,potato
Potato,Vegetables,26.6,35.9,28.4,15.2,Agra,2023-09-14,potato
Potato,Vegetables,26.2,28.0,25.6,9.2,Agra,2023-09-15,potato
Potato,Vegetables,25.1,34.4,30.5,11.7,Agra,2023-09-16,potato
Potato,Vegetables,25.8,42.7,37.0,10.1,Agra,2023-09-17,potato
Potato,Vegetables,24.7,33.7,31.7,5.4,Agra,2023-09-18,potato
Potato,Vegetables,23.6,37.3,30.8,13.3,Agra,2023-09-19,potato
Potato,Vegetables,22.8,43.9,32.8,15.6,Agra,2023-09-20,potato
Potato,Vegetables,24.2,28.0,22.5,8.6,Agra,2023-09-21,potato
Potato,Vegetables,26.5,41.9,32.0,15.8,Agra,2023-09-22,potato
Potato,Vegetables,25.9,39.0,35.6,7.3,Agra,2023-09-23,potato
Potato,Vegetables,26.3,55.6,44.5,18.3,Agra,2023-09-24,potato
Potato,Vegetables,26.3,25.1,21.3,8.5,Agra,2023-09-25,potato
Potato,Vegetables,26.6,38.1,34.8,6.2,Agra,2023-09-26,potato
Potato,Vegetables,23.9,43.7,33.7,15.5,Agra,2023-09-27,potato
Potato,Vegetables,26.2,35.7,32.2,9.1,Agra,2023-09-28,potato
Potato,Vegetables,23.7,35.0,30.2,7.0,Agra,2023-09-29,potato
Potato,Vegetables,23.8,43.6,36.6,11.1,Agra,2023-09-30,potato
Potato,Vegetables,25.8,38.8,35.0,10.7,Agra,2023-10-01,potato
Potato,Vegetables,25.1,37.6,30.7,12.1,Agra,2023-10-02,potato
Potato,Vegetables,25.7,31.6,29.0,6.6,Agra,2023-10-03,potato
Potato,Vegetables,23.4,39.7,30.0,11.8,Agra,2023-10-04,potato
Potato,Vegetables,24.4,44.9,33.5,13.8,Agra,2023-10-05,potato
Potato,Vegetables,23.0,45.2,33.5,15.6,Agra,2023-10-06,potato
Potato,Vegetables,22.3,43.4,38.2,8.1,Agra,2023-10-07,potato
Potato,Vegetables,24.1,47.2,40.7,14.0,Agra,2023-10-08,potato
Potato,Vegetables,23.1,38.4,31.6,10.8,Agra,2023-10-09,potato
Potato,Vegetables,23.6,35.7,30.5,12.4,Agra,2023-10-10,potato
Potato,Vegetables,25.3,23.8,22.2,8.9,Agra,2023-10-11,potato
Potato,Vegetables,22.7,39.2,35.4,8.5,Agra,2023-10-12,potato
Potato,Vegetables,22.8,38.7,32.3,14.2,Agra,2023-10-13,potato
Potato,Vegetables,25.3,59.7,47.0,18.4,Agra,2023-10-14,potato
Potato,Vegetables,23.3,45.8,38.7,9.8,Agra,2023-10-15,potato
Potato,Vegetables,26.2,33.9,28.3,10.3,Agra,2023-10-16,potato
Potato,Vegetables,24.1,34.7,32.7,7.7,Agra,2023-10-17,potato
Potato,Vegetables,23.2,38.7,31.9,12.0,Agra,2023-10-18,potato
Potato,Vegetables,25.2,42.5,33.1,12.5,Agra,2023-10-19,potato
Potato,Vegetables,25.9,29.4,27.1,5.9,Agra,2023-10-20,potato
Potato,Vegetables,23.8,48.5,42.9,12.1,Agra,2023-10-21,potato
Potato,Vegetables,22.4,39.6,34.6,12.5,Agra,2023-10-22,potato
Potato,Vegetables,23.9,40.8,38.3,8.7,Agra,2023-10-23,potato
Potato,Vegetables,22.4,39.0,32.1,12.6,Agra,2023-10-24,potato
Potato,Vegetables,22.8,36.7,33.5,10.4,Agra,2023-10-25,potato
Potato,Vegetables,26.0,44.0,35.2,13.2,Agra,2023-10-26,potato
Potato,Vegetables,24.5,34.0,27.7,12.0,Agra,2023-10-27,potato
Potato,Vegetables,23.1,47.1,43.3,6.8,Agra,2023-10-28,potato
Potato,Vegetables,22.2,54.7,42.4,19.9,Agra,2023-10-29,potato
Potato,Vegetables,22.5,46.8,35.2,16.6,Agra,2023-10-30,potato
Potato,Vegetables,24.0,39.9,31.8,10.6,Agra,2023-10-31,potato
Potato,Vegetables,26.8,35.0,26.4,15.9,Agra,2023-11-01,potato
Potato,Vegetables,24.0,44.8,38.8,13.7,Agra,2023-11-02,potato
Potato,Vegetables,22.4,48.2,36.6,15.2,Agra,2023-11-03,potato
Potato,Vegetables,25.9,39.0,34.2,12.7,Agra,2023-11-04,potato
Potato,Vegetables,25.0,36.7,31.7,12.4,Agra,2023-11-05,potato
Potato,Vegetables,25.5,36.9,30.8,12.5,Agra,2023-11-06,potato
Potato,Vegetables,22.1,48.0,40.6,15.3,Agra,2023-11-07,potato
Potato,Vegetables,25.2,31.5,27.2,9.2,Agra,2023-11-08,potato
Potato,Vegetables,25.1,40.2,29.9,15.3,Agra,2023-11-09,potato
Potato,Vegetables,23.8,42.0,35.3,13.1,Agra,2023-11-10,potato
Potato,Vegetables,23.4,40.2,34.6,13.3,Agra,2023-11-11,potato
Potato,Vegetables,23.2,46.7,38.7,10.4,Agra,2023-11-12,potato
Potato,Vegetables,26.7,26.6,23.3,5.6,Agra,2023-11-13,potato
Potato,Vegetables,23.3,29.6,27.0,7.6,Agra,2023-11-14,potato
Potato,Vegetables,25.9,36.7,29.1,12.2,Agra,2023-11-15,potato
Potato,Vegetables,22.7,34.8,32.2,6.6,Agra,2023-11-16,potato
Potato,Vegetables,25.4,36.7,32.6,7.2,Agra,2023-11-17,potato
Potato,Vegetables,23.3,46.9,43.0,6.8,Agra,2023-11-18,potato
Potato,Vegetables,24.1,41.8,38.4,11.3,Agra,2023-11-19,potato
Potato,Vegetables,26.3,31.4,27.3,6.5,Agra,2023-11-20,potato
Potato,Vegetables,25.8,29.5,26.7,6.0,Agra,2023-11-21,potato
Potato,Vegetables,25.8,37.0,30.4,9.3,Agra,2023-11-22,potato
Potato,Vegetables,24.1,34.8,30.1,8.6,Agra,2023-11-23,potato
Potato,Vegetables,23.4,30.6,28.1,5.7,Agra,2023-11-24,potato
Potato,Vegetables,26.5,39.1,29.3,17.8,Agra,2023-11-25,potato
Potato,Vegetables,24.4,52.3,39.3,15.2,Agra,2023-11-26,potato
Potato,Vegetables,22.2,36.8,29.8,9.2,Agra,2023-11-27,potato
Potato,Vegetables,24.0,36.8,28.9,10.6,Agra,2023-11-28,potato
Potato,Vegetables,23.4,39.8,31.4,14.1,Agra,2023-11-29,potato
Potato,Vegetables,24.3,30.9,24.9,11.4,Agra,2023-11-30,potato
Potato,Vegetables,24.8,32.8,25.5,14.9,Agra,2023-12-01,potato
Potato,Vegetables,26.0,45.3,34.7,16.5,Agra,2023-12-02,potato
Potato,Vegetables,22.2,47.8,37.7,14.1,Agra,2023-12-03,potato
Potato,Vegetables,24.7,31.8,27.2,9.2,Agra,2023-12-04,potato
Potato,Vegetables,25.0,42.8,32.5,16.0,Agra,2023-12-05,potato
Potato,Vegetables,25.4,32.9,28.9,8.4,Agra,2023-12-06,potato
Potato,Vegetables,24.2,42.7,32.8,15.1,Agra,2023-12-07,potato
Potato,Vegetables,26.0,34.7,32.0,5.9,Agra,2023-12-08,potato
Potato,Vegetables,26.1,47.5,39.0,13.6,Agra,2023-12-09,potato
Potato,Vegetables,26.7,38.8,34.4,8.1,Agra,2023-12-10,potato
Potato,Vegetables,24.5,32.9,31.3,9.5,Agra,2023-12-11,potato
Potato,Vegetables,22.4,48.1,35.8,17.4,Agra,2023-12-12,potato
Potato,Vegetables,23.7,30.5,27.8,10.1,Agra,2023-12-13,potato
Potato,Vegetables,22.3,43.8,36.0,11.9,Agra,2023-12-14,potato
Potato,Vegetables,23.2,38.8,32.2,11.2,Agra,2023-12-15,potato
Potato,Vegetables,22.5,46.1,40.2,8.8,Agra,2023-12-16,potato
Potato,Vegetables,25.6,52.1,41.3,17.9,Agra,2023-12-17,potato
Potato,Vegetables,26.8,33.9,29.4,9.7,Agra,2023-12-18,potato
Potato,Vegetables,22.3,34.9,30.8,10.9,Agra,2023-12-19,potato
Potato,Vegetables,22.3,35.5,31.1,10.7,Agra,2023-12-20,potato
Potato,Vegetables,25.8,36.5,32.8,8.1,Agra,2023-12-21,potato
Potato,Vegetables,23.2,46.3,40.9,10.2,Agra,2023-12-22,potato
Potato,Vegetables,24.7,44.9,38.2,11.8,Agra,2023-12-23,potato
Potato,Vegetables,22.8,58.0,44.4,17.2,Agra,2023-12-24,potato
Potato,Vegetables,25.2,37.4,29.5,15.4,Agra,2023-12-25,potato
Potato,Vegetables,26.3,46.8,36.3,16.1,Agra,2023-12-26,potato
Potato,Vegetables,23.8,31.0,23.2,15.8,Agra,2023-12-27,potato
Potato,Vegetables,26.6,31.4,26.2,11.9,Agra,2023-12-28,potato
Potato,Vegetables,23.4,34.6,29.5,8.0,Agra,2023-12-29,potato
Potato,Vegetables,25.4,46.8,36.8,15.9,Agra,2023-12-30,potato
Potato,Vegetables,26.5,53.7,43.8,14.0,Agra,2023-12-31,potato
Potato,Vegetables,25.8,53.6,40.5,15.3,Bengaluru,2022-01-01,potato
Potato,Vegetables,22.9,49.8,45.0,7.2,Bengaluru,2022-01-02,potato
Potato,Vegetables,25.0,39.1,31.1,13.6,Bengaluru,2022-01-03,potato
Potato,Vegetables,23.5,31.2,26.6,8.6,Bengaluru,2022-01-04,potato
Potato,Vegetables,26.2,35.1,28.4,9.9,Bengaluru,2022-01-05,potato
Potato,Vegetables,23.7,36.4,31.7,7.1,Bengaluru,2022-01-06,potato
Potato,Vegetables,26.6,32.0,26.3,10.4,Bengaluru,2022-01-07,potato
Potato,Vegetables,23.7,46.1,38.7,13.4,Bengaluru,2022-01-08,potato
Potato,Vegetables,23.0,49.8,44.6,10.3,Bengaluru,2022-01-09,potato
Potato,Vegetables,26.7,40.4,31.3,14.7,Bengaluru,2022-01-10,potato
Potato,Vegetables,25.7,35.6,32.3,9.6,Bengaluru,2022-01-11,potato
Potato,Vegetables,22.1,36.0,33.1,9.2,Bengaluru,2022-01-12,potato
Potato,Vegetables,25.7,33.4,30.8,9.9,Bengaluru,2022-01-13,potato
Potato,Vegetables,24.3,36.4,30.8,12.5,Bengaluru,2022-01-14,potato
Potato,Vegetables,25.4,50.6,41.7,14.5,Bengaluru,2022-01-15,potato
Potato,Vegetables,25.1,33.2,31.1,9.5,Bengaluru,2022-01-16,potato
Potato,Vegetables,22.8,31.6,26.0,13.4,Bengaluru,2022-01-17,potato
Potato,Vegetables,24.1,36.4,29.6,9.6,Bengaluru,2022-01-18,potato
Potato,Vegetables,24.3,39.6,37.7,7.1,Bengaluru,2022-01-19,potato
Potato,Vegetables,25.6,37.0,32.2,12.2,Bengaluru,2022-01-20,potato
Potato,Vegetables,25.8,40.6,33.3,12.8,Bengaluru,2022-01-21,potato
Potato,Vegetables,22.2,41.3,34.9,13.1,Bengaluru,2022-01-22,potato
Potato,Vegetables,25.3,58.3,44.7,20.7,Bengaluru,2022-01-23,potato
Potato,Vegetables,24.3,39.2,34.3,9.1,Bengaluru,2022-01-24,potato
Potato,Vegetables,24.6,38.4,32.4,12.6,Bengaluru,2022-01-25,potato
Potato,Vegetables,23.4,31.2,29.2,9.4,Bengaluru,2022-01-26,potato
Potato,Vegetables,22.4,35.1,32.9,5.0,Bengaluru,2022-01-27,potato
Potato,Vegetables,24.6,36.6,34.7,9.4,Bengaluru,2022-01-28,potato
Potato,Vegetables,25.9,45.2,40.1,12.2,Bengaluru,2022-01-29,potato
Potato,Vegetables,25.9,44.9,36.7,12.1,Bengaluru,2022-01-30,potato
Potato,Vegetables,24.8,42.2,33.7,11.5,Bengaluru,2022-01-31,potato
Potato,Vegetables,26.0,35.5,26.7,11.3,Bengaluru,2022-02-01,potato
Potato,Vegetables,26.8,28.8,27.1,6.7,Bengaluru,2022-02-02,potato
Potato,Vegetables,26.7,29.2,26.6,8.1,Bengaluru,2022-02-03,potato
Potato,Vegetables,23.4,45.1,36.1,11.9,Bengaluru,2022-02-04,potato
Potato,Vegetables,23.1,49.5,42.5,15.0,Bengaluru,2022-02-05,potato
Potato,Vegetables,25.3,44.7,33.7,14.2,Bengaluru,2022-02-06,potato
Potato,Vegetables,23.6,24.7,21.3,10.8,Bengaluru,2022-02-07,potato
Potato,Vegetables,25.8,27.5,24.8,6.7,Bengaluru,2022-02-08,potato
Potato,Vegetables,26.5,44.7,33.8,15.4,Bengaluru,2022-02-09,potato
Potato,Vegetables,23.6,33.7,31.7,6.1,Bengaluru,2022-02-10,potato
Potato,Vegetables,25.0,46.9,35.2,16.2,Bengaluru,2022-02-11,potato
Potato,Vegetables,23.2,47.0,35.6,13.6,Bengaluru,2022-02-12,potato
Potato,Vegetables,22.1,47.3,38.3,11.9,Bengaluru,2022-02-13,potato
Potato,Vegetables,23.5,44.2,37.9,14.0,Bengaluru,2022-02-14,potato
Potato,Vegetables,24.3,42.0,31.7,15.0,Bengaluru,2022-02-15,potato
Potato,Vegetables,24.6,35.1,32.1,8.6,Bengaluru,2022-02-16,potato
Potato,Vegetables,23.2,38.3,33.5,11.8,Bengaluru,2022-02-17,potato
Potato,Vegetables,25.4,26.6,25.1,3.9,Bengaluru,2022-02-18,potato
Potato,Vegetables,25.3,44.5,37.9,10.2,Bengaluru,2022-02-19,potato
Potato,Vegetables,26.3,40.5,35.8,9.7,Bengaluru,2022-02-20,potato
Potato,Vegetables,25.7,37.9,36.0,7.6,Bengaluru,2022-02-21,potato
Potato,Vegetables,25.5,32.4,29.2,6.5,Bengaluru,2022-02-22,potato
Potato,Vegetables,26.6,35.9,32.9,9.6,Bengaluru,2022-02-23,potato
Potato,Vegetables,26.8,39.3,30.2,15.1,Bengaluru,2022-02-24,potato
Potato,Vegetables,26.2,36.4,33.1,9.9,Bengaluru,2022-02-25,potato
Potato,Vegetables,24.9,50.8,44.9,8.3,Bengaluru,2022-02-26,potato
Potato,Vegetables,24.5,44.3,38.8,9.0,Bengaluru,2022-02-27,potato
Potato,Vegetables,26.9,32.5,28.3,9.2,Bengaluru,2022-02-28,potato
Potato,Vegetables,26.3,31.1,28.2,8.6,Bengaluru,2022-03-01,potato
Potato,Vegetables,23.8,43.6,33.8,16.9,Bengaluru,2022-03-02,potato
Potato,Vegetables,26.5,47.9,35.5,18.1,Bengaluru,2022-03-03,potato
Potato,Vegetables,25.1,43.6,38.8,8.8,Bengaluru,2022-03-04,potato
Potato,Vegetables,25.4,40.5,36.4,9.2,Bengaluru,2022-03-05,potato
Potato,Vegetables,24.7,40.6,36.5,7.1,Bengaluru,2022-03-06,potato
Potato,Vegetables,23.5,39.9,35.2,11.2,Bengaluru,2022-03-07,potato
Potato,Vegetables,24.9,42.4,35.5,14.5,Bengaluru,2022-03-08,potato
Potato,Vegetables,26.0,40.5,36.4,8.6,Bengaluru,2022-03-09,potato
Potato,Vegetables,23.5,36.3,29.2,10.9,Bengaluru,2022-03-10,potato
Potato,Vegetables,22.9,39.5,37.5,10.0,Bengaluru,2022-03-11,potato
Potato,Vegetables,23.1,44.9,40.1,9.3,Bengaluru,2022-03-12,potato
Potato,Vegetables,26.1,48.1,38.3,14.0,Bengaluru,2022-03-13,potato
Potato,Vegetables,26.6,29.0,26.5,8.7,Bengaluru,2022-03-14,potato
Potato,Vegetables,22.2,39.8,30.5,13.1,Bengaluru,2022-03-15,potato
Potato,Vegetables,23.9,39.9,34.1,11.1,Bengaluru,2022-03-16,potato
Potato,Vegetables,25.3,41.8,33.3,13.7,Bengaluru,2022-03-17,potato
Potato,Vegetables,26.1,35.9,31.8,7.6,Bengaluru,2022-03-18,potato
Potato,Vegetables,22.8,51.3,39.5,14.2,Bengaluru,2022-03-19,potato
Potato,Vegetables,22.7,48.7,41.9,11.0,Bengaluru,2022-03-20,potato
Potato,Vegetables,22.7,41.5,31.3,16.8,Bengaluru,2022-03-21,potato
Potato,Vegetables,23.2,36.7,30.4,9.8,Bengaluru,2022-03-22,potato
Potato,Vegetables,26.2,38.5,32.0,14.0,Bengaluru,2022-03-23,potato
Potato,Vegetables,24.9,50.0,38.9,13.2,Bengaluru,2022-03-24,potato
Potato,Vegetables,24.6,40.8,31.8,13.4,Bengaluru,2022-03-25,potato
Potato,Vegetables,22.3,41.5,36.5,7.6,Bengaluru,2022-03-26,potato
Potato,Vegetables,22.3,48.1,36.7,15.2,Bengaluru,2022-03-27,potato
Potato,Vegetables,24.9,38.4,32.6,12.5,Bengaluru,2022-03-28,potato
Potato,Vegetables,26.6,33.3,31.2,6.0,Bengaluru,2022-03-29,potato
Potato,Vegetables,25.6,33.8,29.5,11.8,Bengaluru,2022-03-30,potato
Potato,Vegetables,23.1,45.0,34.1,15.4,Bengaluru,2022-03-31,potato
Potato,Vegetables,26.5,39.7,29.9,15.6,Bengaluru,2022-04-01,potato
Potato,Vegetables,24.4,50.8,42.0,11.2,Bengaluru,2022-04-02,potato
Potato,Vegetables,26.0,40.6,32.1,12.7,Bengaluru,2022-04-03,potato
Potato,Vegetables,24.5,33.2,28.2,10.0,Bengaluru,2022-04-04,potato
Potato,Vegetables,23.1,37.5,33.5,6.5,Bengaluru,2022-04-05,potato
Potato,Vegetables,24.7,41.8,35.1,14.3,Bengaluru,2022-04-06,potato
Potato,Vegetables,23.2,40.1,33.6,13.7,Bengaluru,2022-04-07,potato
Potato,Vegetables,26.2,41.1,32.5,11.2,Bengaluru,2022-04-08,potato
Potato,Vegetables,22.8,38.5,31.7,12.2,Bengaluru,2022-04-09,potato
Potato,Vegetables,24.9,48.3,39.6,13.0,Bengaluru,2022-04-10,potato
Potato,Vegetables,23.1,32.7,28.9,6.1,Bengaluru,2022-04-11,potato
Potato,Vegetables,23.1,56.0,46.1,15.1,Bengaluru,2022-04-12,potato
Potato,Vegetables,22.7,34.1,27.4,14.0,Bengaluru,2022-04-13,potato
Potato,Vegetables,23.6,45.5,39.4,12.2,Bengaluru,2022-04-14,potato
Potato,Vegetables,26.6,34.6,26.0,13.4,Bengaluru,2022-04-15,potato
Potato,Vegetables,24.3,45.2,37.3,11.4,Bengaluru,2022-04-16,potato
Potato,Vegetables,25.8,42.8,38.5,10.0,Bengaluru,2022-04-17,potato
Potato,Vegetables,24.6,42.5,32.2,12.5,Bengaluru,2022-04-18,potato
Potato,Vegetables,25.7,47.6,36.3,16.8,Bengaluru,2022-04-19,potato
Potato,Vegetables,25.5,46.3,37.2,11.5,Bengaluru,2022-04-20,potato
Potato,Vegetables,22.6,40.0,37.8,8.8,Bengaluru,2022-04-21,potato
Potato,Vegetables,23.1,34.1,28.0,9.3,Bengaluru,2022-04-22,potato
Potato,Vegetables,22.9,46.2,41.2,7.3,Bengaluru,2022-04-23,potato
Potato,Vegetables,26.3,41.8,35.4,12.1,Bengaluru,2022-04-24,potato
Potato,Vegetables,26.3,40.1,33.6,12.6,Bengaluru,2022-04-25,potato
Potato,Vegetables,26.7,43.5,33.0,16.2,Bengaluru,2022-04-26,potato
Potato,Vegetables,22.5,32.0,29.1,9.7,Bengaluru,2022-04-27,potato
Potato,Vegetables,22.7,34.6,31.3,6.3,Bengaluru,2022-04-28,potato
Potato,Vegetables,23.9,45.5,35.9,16.0,Bengaluru,2022-04-29,potato
Potato,Vegetables,22.1,57.0,45.4,17.7,Bengaluru,2022-04-30,potato
Potato,Vegetables,22.4,39.0,35.2,8.7,Bengaluru,2022-05-01,potato
Potato,Vegetables,22.1,35.1,32.5,5.1,Bengaluru,2022-05-02,potato
Potato,Vegetables,22.7,36.6,33.2,10.6,Bengaluru,2022-05-03,potato
Potato,Vegetables,26.3,36.3,28.9,9.8,Bengaluru,2022-05-04,potato
Potato,Vegetables,26.4,33.6,26.2,11.5,Bengaluru,2022-05-05,potato
Potato,Vegetables,24.5,38.8,30.5,10.9,Bengaluru,2022-05-06,potato
Potato,Vegetables,22.9,44.6,40.3,11.5,Bengaluru,2022-05-07,potato
Potato,Vegetables,24.2,40.1,31.0,16.9,Bengaluru,2022-05-08,potato
Potato,Vegetables,26.8,29.5,27.6,7.8,Bengaluru,2022-05-09,potato
Potato,Vegetables,25.2,33.7,26.3,15.1,Bengaluru,2022-05-10,potato
Potato,Vegetables,24.1,48.3,38.6,14.4,Bengaluru,2022-05-11,potato
Potato,Vegetables,26.5,28.2,26.5,8.2,Bengaluru,2022-05-12,potato
Potato,Vegetables,23.1,42.6,37.1,12.9,Bengaluru,2022-05-13,potato
Potato,Vegetables,24.2,47.4,37.6,16.1,Bengaluru,2022-05-14,potato
Potato,Vegetables,23.3,44.0,41.5,7.7,Bengaluru,2022-05-15,potato
Potato,Vegetables,23.3,36.6,33.0,7.0,Bengaluru,2022-05-16,potato
Potato,Vegetables,26.4,33.6,25.3,12.2,Bengaluru,2022-05-17,potato
Potato,Vegetables,25.6,35.9,29.6,12.4,Bengaluru,2022-05-18,potato
Potato,Vegetables,23.0,37.8,35.0,6.8,Bengaluru,2022-05-19,potato
Potato,Vegetables,26.7,35.4,31.7,6.1,Bengaluru,2022-05-20,potato
Potato,Vegetables,22.3,43.8,38.7,8.8,Bengaluru,2022-05-21,potato
Potato,Vegetables,26.1,36.7,28.7,11.9,Bengaluru,2022-05-22,potato
Potato,Vegetables,23.7,35.5,26.5,15.5,Bengaluru,2022-05-23,potato
Potato,Vegetables,25.5,45.0,34.9,15.7,Bengaluru,2022-05-24,potato
Potato,Vegetables,24.9,32.8,27.8,10.1,Bengaluru,2022-05-25,potato
Potato,Vegetables,26.3,34.4,29.4,12.3,Bengaluru,2022-05-26,potato
Potato,Vegetables,23.6,27.9,24.5,5.9,Bengaluru,2022-05-27,potato
Potato,Vegetables,25.4,44.6,38.2,14.1,Bengaluru,2022-05-28,potato
Potato,Vegetables,25.5,49.2,46.0,8.7,Bengaluru,2022-05-29,potato
Potato,Vegetables,25.3,30.2,27.9,8.4,Bengaluru,2022-05-30,potato
Potato,Vegetables,24.4,45.7,38.6,10.5,Bengaluru,2022-05-31,potato
Potato,Vegetables,23.5,40.2,31.6,11.0,Bengaluru,2022-06-01,potato
Potato,Vegetables,26.1,42.5,36.9,8.9,Bengaluru,2022-06-02,potato
Potato,Vegetables,25.9,35.9,33.2,5.7,Bengaluru,2022-06-03,potato
Potato,Vegetables,23.4,43.6,32.9,12.9,Bengaluru,2022-06-04,potato
Potato,Vegetables,25.9,40.0,34.1,12.9,Bengaluru,2022-06-05,potato
Potato,Vegetables,25.9,37.6,32.3,12.2,Bengaluru,2022-06-06,potato
Potato,Vegetables,26.2,30.9,27.9,7.9,Bengaluru,2022-06-07,potato
Potato,Vegetables,24.9,28.7,25.4,10.4,Bengaluru,2022-06-08,potato
Potato,Vegetables,22.2,38.6,34.2,7.7,Bengaluru,2022-06-09,potato
Potato,Vegetables,23.9,40.4,33.3,13.5,Bengaluru,2022-06-10,potato
Potato,Vegetables,26.0,49.5,45.1,7.0,Bengaluru,2022-06-11,potato
Potato,Vegetables,23.5,42.4,38.8,6.6,Bengaluru,2022-06-12,potato
Potato,Vegetables,26.4,41.2,35.5,9.2,Bengaluru,2022-06-13,potato
Potato,Vegetables,25.4,39.4,30.6,13.4,Bengaluru,2022-06-14,potato
Potato,Vegetables,25.4,43.3,35.4,15.3,Bengaluru,2022-06-15,potato
Potato,Vegetables,23.6,45.6,35.0,16.2,Bengaluru,2022-06-16,potato
Potato,Vegetables,24.3,38.3,36.0,9.3,Bengaluru,2022-06-17,potato
Potato,Vegetables,26.4,37.2,29.9,10.0,Bengaluru,2022-06-18,potato
Potato,Vegetables,22.3,42.8,37.6,11.3,Bengaluru,2022-06-19,potato
Potato,Vegetables,26.0,37.1,33.9,7.9,Bengaluru,2022-06-20,potato
Potato,Vegetables,24.1,37.9,32.3,13.2,Bengaluru,2022-06-21,potato
Potato,Vegetables,26.2,32.7,28.4,7.9,Bengaluru,2022-06-22,potato
Potato,Vegetables,25.9,40.2,34.4,13.7,Bengaluru,2022-06-23,potato
Potato,Vegetables,23.8,44.1,33.7,18.1,Bengaluru,2022-06-24,potato
Potato,Vegetables,26.2,56.3,42.6,17.3,Bengaluru,2022-06-25,potato
Potato,Vegetables,24.5,47.2,38.0,16.7,Bengaluru,2022-06-26,potato
Potato,Vegetables,23.5,45.8,37.8,13.4,Bengaluru,2022-06-27,potato
Potato,Vegetables,23.8,49.3,37.1,18.0,Bengaluru,2022-06-28,potato
Potato,Vegetables,24.4,37.5,29.4,16.1,Bengaluru,2022-06-29,potato
Potato,Vegetables,22.5,44.0,35.7,10.4,Bengaluru,2022-06-30,potato
Potato,Vegetables,26.7,40.9,38.0,6.7,Bengaluru,2022-07-01,potato
Potato,Vegetables,23.5,45.0,42.1,5.8,Bengaluru,2022-07-02,potato
Potato,Vegetables,23.6,54.9,43.5,19.0,Bengaluru,2022-07-03,potato
Potato,Vegetables,23.6,28.6,23.4,11.0,Bengaluru,2022-07-04,potato
Potato,Vegetables,24.6,39.0,33.4,12.9,Bengaluru,2022-07-05,potato
Potato,Vegetables,25.9,40.3,31.4,16.5,Bengaluru,2022-07-06,potato
Potato,Vegetables,22.1,41.8,31.8,15.1,Bengaluru,2022-07-07,potato
Potato,Vegetables,23.9,40.0,34.5,11.1,Bengaluru,2022-07-08,potato
Potato,Vegetables,24.5,39.5,35.0,11.2,Bengaluru,2022-07-09,potato
Potato,Vegetables,23.5,38.2,36.1,8.7,Bengaluru,2022-07-10,potato
Potato,Vegetables,26.4,38.9,35.8,8.6,Bengaluru,2022-07-11,potato
Potato,Vegetables,22.4,32.7,25.1,12.7,Bengaluru,2022-07-12,potato
Potato,Vegetables,24.2,35.5,31.7,9.5,Bengaluru,2022-07-13,potato
Potato,Vegetables,25.0,33.4,28.3,9.8,Bengaluru,2022-07-14,potato
Potato,Vegetables,22.7,34.0,30.0,7.0,Bengaluru,2022-07-15,potato
Potato,Vegetables,26.4,60.1,45.3,19.0,Bengaluru,2022-07-16,potato
Potato,Vegetables,25.5,48.1,38.4,17.6,Bengaluru,2022-07-17,potato
Potato,Vegetables,22.3,39.0,34.0,12.8,Bengaluru,2022-07-18,potato
Potato,Vegetables,26.0,35.6,30.9,6.9,Bengaluru,2022-07-19,potato
Potato,Vegetables,23.4,42.1,31.6,15.6,Bengaluru,2022-07-20,potato
Potato,Vegetables,24.2,31.2,28.0,8.9,Bengaluru,2022-07-21,potato
Potato,Vegetables,24.3,42.4,32.2,16.9,Bengaluru,2022-07-22,potato
Potato,Vegetables,22.8,49.8,45.7,6.2,Bengaluru,2022-07-23,potato
Potato,Vegetables,23.9,42.1,37.5,9.6,Bengaluru,2022-07-24,potato
Potato,Vegetables,22.8,36.6,30.1,14.3,Bengaluru,2022-07-25,potato
Potato,Vegetables,25.1,38.7,36.8,5.6,Bengaluru,2022-07-26,potato
Potato,Vegetables,26.8,40.9,31.8,11.6,Bengaluru,2022-07-27,potato
Potato,Vegetables,23.6,42.9,35.0,10.4,Bengaluru,2022-07-28,potato
Potato,Vegetables,24.5,35.7,31.4,8.3,Bengaluru,2022-07-29,potato
Potato,Vegetables,22.6,61.2,47.9,19.5,Bengaluru,2022-07-30,potato
Potato,Vegetables,25.3,45.6,34.8,14.8,Bengaluru,2022-07-31,potato
Potato,Vegetables,23.1,30.4,27.9,6.7,Bengaluru,2022-08-01,potato
Potato,Vegetables,26.5,31.2,29.5,4.9,Bengaluru,2022-08-02,potato
Potato,Vegetables,26.0,32.0,29.6,9.2,Bengaluru,2022-08-03,potato
Potato,Vegetables,25.6,27.5,25.3,9.9,Bengaluru,2022-08-04,potato
Potato,Vegetables,24.9,40.9,33.9,13.5,Bengaluru,2022-08-05,potato
Potato,Vegetables,23.2,43.9,41.6,6.4,Bengaluru,2022-08-06,potato
Potato,Vegetables,22.8,44.1,36.7,11.8,Bengaluru,2022-08-07,potato
Potato,Vegetables,25.4,33.4,27.8,11.0,Bengaluru,2022-08-08,potato
Potato,Vegetables,25.3,37.5,33.4,11.6,Bengaluru,2022-08-09,potato
Potato,Vegetables,22.5,36.2,29.6,8.8,Bengaluru,2022-08-10,potato
Potato,Vegetables,26.7,43.0,32.2,13.0,Bengaluru,2022-08-11,potato
Potato,Vegetables,24.5,32.0,26.5,9.6,Bengaluru,2022-08-12,potato
Potato,Vegetables,25.2,37.6,29.8,12.6,Bengaluru,2022-08-13,potato
Potato,Vegetables,24.3,51.8,38.8,18.2,Bengaluru,2022-08-14,potato
Potato,Vegetables,25.8,41.0,31.9,13.0,Bengaluru,2022-08-15,potato
Potato,Vegetables,23.0,46.1,36.6,17.1,Bengaluru,2022-08-16,potato
Potato,Vegetables,22.3,47.7,40.7,10.8,Bengaluru,2022-08-17,potato
Potato,Vegetables,23.0,41.4,30.8,16.0,Bengaluru,2022-08-18,potato
Potato,Vegetables,22.7,52.6,39.1,20.5,Bengaluru,2022-08-19,potato
Potato,Vegetables,25.0,47.9,38.3,14.7,Bengaluru,2022-08-20,potato
Potato,Vegetables,24.2,40.3,35.0,13.2,Bengaluru,2022-08-21,potato
Potato,Vegetables,24.8,40.2,33.5,13.8,Bengaluru,2022-08-22,potato
Potato,Vegetables,25.7,38.9,35.2,6.0,Bengaluru,2022-08-23,potato
Potato,Vegetables,26.8,31.9,25.1,14.4,Bengaluru,2022-08-24,potato
Potato,Vegetables,26.1,45.0,35.0,13.5,Bengaluru,2022-08-25,potato
Potato,Vegetables,25.1,34.9,30.6,7.7,Bengaluru,2022-08-26,potato
Potato,Vegetables,22.5,30.5,28.3,8.5,Bengaluru,2022-08-27,potato
Potato,Vegetables,25.6,45.7,40.8,12.6,Bengaluru,2022-08-28,potato
Potato,Vegetables,25.8,40.0,32.4,10.4,Bengaluru,2022-08-29,potato
Potato,Vegetables,26.0,37.7,31.0,10.8,Bengaluru,2022-08-30,potato
Potato,Vegetables,23.2,52.5,40.0,18.1,Bengaluru,2022-08-31,potato
Potato,Vegetables,24.1,40.5,32.7,12.8,Bengaluru,2022-09-01,potato
Potato,Vegetables,25.2,40.1,32.4,13.8,Bengaluru,2022-09-02,potato
Potato,Vegetables,26.4,48.5,36.6,14.7,Bengaluru,2022-09-03,potato
Potato,Vegetables,24.3,41.4,36.5,11.6,Bengaluru,2022-09-04,potato
Potato,Vegetables,26.2,30.8,25.9,11.0,Bengaluru,2022-09-05,potato
Potato,Vegetables,26.3,35.3,27.9,10.4,Bengaluru,2022-09-06,potato
Potato,Vegetables,25.2,38.2,33.2,7.3,Bengaluru,2022-09-07,potato
Potato,Vegetables,23.2,37.4,33.2,12.1,Bengaluru,2022-09-08,potato
Potato,Vegetables,23.8,42.9,32.1,18.5,Bengaluru,2022-09-09,potato
Potato,Vegetables,22.8,48.9,38.9,16.7,Bengaluru,2022-09-10,potato
Potato,Vegetables,22.7,57.5,44.6,16.7,Bengaluru,2022-09-11,potato
Potato,Vegetables,25.6,46.9,37.9,15.9,Bengaluru,2022-09-12,potato
Potato,Vegetables,26.4,39.6,33.4,10.6,Bengaluru,2022-09-13,potato
Potato,Vegetables,23.2,40.6,31.7,14.7,Bengaluru,2022-09-14,potato
Potato,Vegetables,26.0,27.3,25.9,8.9,Bengaluru,2022-09-15,potato
Potato,Vegetables,22.4,34.7,26.1,12.3,Bengaluru,2022-09-16,potato
Potato,Vegetables,23.9,47.3,35.9,16.6,Bengaluru,2022-09-17,potato
Potato,Vegetables,26.4,39.8,33.7,9.2,Bengaluru,2022-09-18,potato
Potato,Vegetables,22.4,39.3,33.8,13.0,Bengaluru,2022-09-19,potato
Potato,Vegetables,22.6,56.7,42.7,20.2,Bengaluru,2022-09-20,potato
Potato,Vegetables,26.0,45.9,35.8,15.8,Bengaluru,2022-09-21,potato
Potato,Vegetables,25.4,27.0,23.8,6.3,Bengaluru,2022-09-22,potato
Potato,Vegetables,23.8,43.2,35.3,13.4,Bengaluru,2022-09-23,potato
Potato,Vegetables,25.4,42.3,38.4,6.1,Bengaluru,2022-09-24,potato
Potato,Vegetables,23.0,55.9,42.3,19.0,Bengaluru,2022-09-25,potato
Potato,Vegetables,26.2,42.9,33.8,16.0,Bengaluru,2022-09-26,potato
Potato,Vegetables,24.7,35.9,27.9,15.6,Bengaluru,2022-09-27,potato
Potato,Vegetables,26.7,34.5,31.8,10.2,Bengaluru,2022-09-28,potato
Potato,Vegetables,26.7,32.8,27.3,13.3,Bengaluru,2022-09-29,potato
Potato,Vegetables,25.8,39.5,33.7,13.6,Bengaluru,2022-09-30,potato
Potato,Vegetables,23.0,59.8,46.3,17.7,Bengaluru,2022-10-01,potato
Potato,Vegetables,25.7,46.7,35.0,17.0,Bengaluru,2022-10-02,potato
Potato,Vegetables,24.4,35.3,27.7,12.1,Bengaluru,2022-10-03,potato
Potato,Vegetables,24.4,42.1,32.6,11.7,Bengaluru,2022-10-04,potato
Potato,Vegetables,25.8,37.5,31.2,9.7,Bengaluru,2022-10-05,potato
Potato,Vegetables,26.2,29.4,27.5,9.8,Bengaluru,2022-10-06,potato
Potato,Vegetables,25.9,29.2,26.7,7.4,Bengaluru,2022-10-07,potato
Potato,Vegetables,23.7,45.2,41.6,8.2,Bengaluru,2022-10-08,potato
Potato,Vegetables,26.1,33.7,32.0,6.6,Bengaluru,2022-10-09,potato
Potato,Vegetables,24.2,30.6,27.8,8.7,Bengaluru,2022-10-10,potato
Potato,Vegetables,25.2,43.8,34.3,13.0,Bengaluru,2022-10-11,potato
Potato,Vegetables,22.2,37.6,32.0,10.4,Bengaluru,2022-10-12,potato
Potato,Vegetables,23.0,40.8,33.8,14.5,Bengaluru,2022-10-13,potato
Potato,Vegetables,23.4,33.3,24.8,11.8,Bengaluru,2022-10-14,potato
Potato,Vegetables,22.6,43.3,39.6,7.9,Bengaluru,2022-10-15,potato
Potato,Vegetables,24.7,53.5,40.5,17.2,Bengaluru,2022-10-16,potato
Potato,Vegetables,25.5,43.4,38.4,11.1,Bengaluru,2022-10-17,potato
Potato,Vegetables,26.5,42.0,31.4,18.0,Bengaluru,2022-10-18,potato
Potato,Vegetables,22.6,40.9,34.3,10.7,Bengaluru,2022-10-19,potato
Potato,Vegetables,22.2,30.1,28.4,6.4,Bengaluru,2022-10-20,potato
Potato,Vegetables,23.2,42.6,32.0,17.5,Bengaluru,2022-10-21,potato
Potato,Vegetables,26.7,46.3,37.7,11.0,Bengaluru,2022-10-22,potato
Potato,Vegetables,23.4,51.5,40.8,15.1,Bengaluru,2022-10-23,potato
Potato,Vegetables,23.6,42.8,34.3,12.5,Bengaluru,2022-10-24,potato
Potato,Vegetables,22.4,34.4,31.1,8.0,Bengaluru,2022-10-25,potato
Potato,Vegetables,22.8,38.8,35.6,9.6,Bengaluru,2022-10-26,potato
Potato,Vegetables,24.5,45.9,34.3,18.3,Bengaluru,2022-10-27,potato
Potato,Vegetables,24.9,35.6,27.0,14.0,Bengaluru,2022-10-28,potato
Potato,Vegetables,24.8,47.7,39.0,12.4,Bengaluru,2022-10-29,potato
Potato,Vegetables,26.0,41.0,34.7,9.4,Bengaluru,2022-10-30,potato
Potato,Vegetables,23.2,40.5,35.2,12.7,Bengaluru,2022-10-31,potato
Potato,Vegetables,25.1,43.4,33.7,11.8,Bengaluru,2022-11-01,potato
Potato,Vegetables,22.7,37.3,33.2,7.9,Bengaluru,2022-11-02,potato
Potato,Vegetables,26.1,35.0,28.9,8.8,Bengaluru,2022-11-03,potato
Potato,Vegetables,22.9,38.4,34.2,11.6,Bengaluru,2022-11-04,potato
Potato,Vegetables,23.8,49.3,38.7,17.4,Bengaluru,2022-11-05,potato
Potato,Vegetables,22.5,51.9,40.1,15.3,Bengaluru,2022-11-06,potato
Potato,Vegetables,26.8,40.0,30.0,14.0,Bengaluru,2022-11-07,potato
Potato,Vegetables,25.2,43.4,33.5,14.2,Bengaluru,2022-11-08,potato
Potato,Vegetables,23.1,45.2,35.0,17.4,Bengaluru,2022-11-09,potato
Potato,Vegetables,24.5,28.7,23.5,12.3,Bengaluru,2022-11-10,potato
Potato,Vegetables,24.3,40.7,30.5,15.6,Bengaluru,2022-11-11,potato
Potato,Vegetables,25.6,41.6,37.0,10.5,Bengaluru,2022-11-12,potato
Potato,Vegetables,24.3,37.1,30.8,11.2,Bengaluru,2022-11-13,potato
Potato,Vegetables,25.2,32.0,28.5,6.8,Bengaluru,2022-11-14,potato
Potato,Vegetables,25.6,38.8,34.1,9.1,Bengaluru,2022-11-15,potato
Potato,Vegetables,26.7,28.7,26.7,9.2,Bengaluru,2022-11-16,potato
Potato,Vegetables,22.3,41.2,35.6,13.3,Bengaluru,2022-11-17,potato
Potato,Vegetables,24.5,30.9,24.3,12.8,Bengaluru,2022-11-18,potato
Potato,Vegetables,26.1,47.3,36.1,17.1,Bengaluru,2022-11-19,potato
Potato,Vegetables,25.4,46.2,41.9,7.8,Bengaluru,2022-11-20,potato
Potato,Vegetables,25.4,37.1,31.0,9.5,Bengaluru,2022-11-21,potato
Potato,Vegetables,24.8,30.5,25.0,8.3,Bengaluru,2022-11-22,potato
Potato,Vegetables,23.9,45.4,35.6,11.9,Bengaluru,2022-11-23,potato
Potato,Vegetables,22.7,28.4,24.9,10.4,Bengaluru,2022-11-24,potato
Potato,Vegetables,24.4,25.7,21.9,11.7,Bengaluru,2022-11-25,potato
Potato,Vegetables,26.4,47.8,37.7,14.0,Bengaluru,2022-11-26,potato
Potato,Vegetables,24.5,40.4,33.5,9.8,Bengaluru,2022-11-27,potato
Potato,Vegetables,22.5,43.0,39.1,10.4,Bengaluru,2022-11-28,potato
Potato,Vegetables,23.0,35.0,31.8,10.2,Bengaluru,2022-11-29,potato
Potato,Vegetables,24.3,40.0,34.3,9.7,Bengaluru,2022-11-30,potato
Potato,Vegetables,23.7,40.6,34.1,11.2,Bengaluru,2022-12-01,potato
Potato,Vegetables,22.8,52.7,40.6,19.7,Bengaluru,2022-12-02,potato
Potato,Vegetables,25.9,47.7,38.6,15.7,Bengaluru,2022-12-03,potato
Potato,Vegetables,25.6,46.2,36.6,15.5,Bengaluru,2022-12-04,potato
Potato,Vegetables,23.1,38.6,35.0,6.5,Bengaluru,2022-12-05,potato
Potato,Vegetables,23.4,35.9,31.0,10.2,Bengaluru,2022-12-06,potato
Potato,Vegetables,25.0,35.6,31.6,11.2,Bengaluru,2022-12-07,potato
Potato,Vegetables,25.2,31.0,25.9,7.1,Bengaluru,2022-12-08,potato
Potato,Vegetables,26.2,47.7,37.9,17.4,Bengaluru,2022-12-09,potato
Potato,Vegetables,22.8,29.6,27.6,4.7,Bengaluru,2022-12-10,potato
Potato,Vegetables,25.6,46.4,36.8,15.9,Bengaluru,2022-12-11,potato
Potato,Vegetables,24.0,35.0,27.8,14.9,Bengaluru,2022-12-12,potato
Potato,Vegetables,22.2,38.0,34.1,7.7,Bengaluru,2022-12-13,potato
Potato,Vegetables,26.1,47.2,38.5,10.8,Bengaluru,2022-12-14,potato
Potato,Vegetables,26.7,35.6,28.2,10.6,Bengaluru,2022-12-15,potato
Potato,Vegetables,23.3,43.7,39.9,8.2,Bengaluru,2022-12-16,potato
Potato,Vegetables,26.4,37.5,29.7,15.0,Bengaluru,2022-12-17,potato
Potato,Vegetables,23.3,44.6,34.5,13.9,Bengaluru,2022-12-18,potato
Potato,Vegetables,23.3,38.6,29.5,16.3,Bengaluru,2022-12-19,potato
Potato,Vegetables,25.3,35.6,31.2,7.4,Bengaluru,2022-12-20,potato
Potato,Vegetables,25.4,32.8,30.5,6.9,Bengaluru,2022-12-21,potato
Potato,Vegetables,22.7,30.9,29.2,6.4,Bengaluru,2022-12-22,potato
Potato,Vegetables,24.8,28.8,26.8,4.8,Bengaluru,2022-12-23,potato
Potato,Vegetables,25.6,37.7,35.7,9.2,Bengaluru,2022-12-24,potato
Potato,Vegetables,26.1,51.4,40.5,14.7,Bengaluru,2022-12-25,potato
Potato,Vegetables,25.7,40.5,32.8,9.9,Bengaluru,2022-12-26,potato
Potato,Vegetables,25.9,37.3,31.2,10.7,Bengaluru,2022-12-27,potato
Potato,Vegetables,25.5,39.3,35.3,10.6,Bengaluru,2022-12-28,potato
Potato,Vegetables,23.5,38.9,35.3,10.8,Bengaluru,2022-12-29,potato
Potato,Vegetables,26.8,32.5,28.4,11.7,Bengaluru,2022-12-30,potato
Potato,Vegetables,24.8,46.2,35.8,16.4,Bengaluru,2022-12-31,potato
Potato,Vegetables,24.5,33.8,30.0,10.2,Bengaluru,2023-01-01,potato
Potato,Vegetables,23.6,44.8,36.8,11.1,Bengaluru,2023-01-02,potato
Potato,Vegetables,25.4,31.8,28.2,10.2,Bengaluru,2023-01-03,potato
Potato,Vegetables,24.4,41.7,38.1,9.5,Bengaluru,2023-01-04,potato
Potato,Vegetables,26.2,48.3,36.7,17.7,Bengaluru,2023-01-05,potato
Potato,Vegetables,26.7,31.5,25.2,13.8,Bengaluru,2023-01-06,potato
Potato,Vegetables,23.8,45.9,40.6,13.1,Bengaluru,2023-01-07,potato
Potato,Vegetables,25.8,41.6,37.1,8.2,Bengaluru,2023-01-08,potato
Potato,Vegetables,22.5,34.0,30.4,8.6,Bengaluru,2023-01-09,potato
Potato,Vegetables,22.5,39.4,33.8,8.4,Bengaluru,2023-01-10,potato
Potato,Vegetables,26.9,38.9,31.9,11.5,Bengaluru,2023-01-11,potato
Potato,Vegetables,23.0,42.1,34.9,15.1,Bengaluru,2023-01-12,potato
Potato,Vegetables,26.7,31.7,28.5,11.2,Bengaluru,2023-01-13,potato
Potato,Vegetables,26.8,38.1,34.1,6.6,Bengaluru,2023-01-14,potato
Potato,Vegetables,22.3,58.1,44.8,21.0,Bengaluru,2023-01-15,potato
Potato,Vegetables,25.8,36.4,29.3,13.1,Bengaluru,2023-01-16,potato
Potato,Vegetables,23.3,48.4,38.1,13.2,Bengaluru,2023-01-17,potato
Potato,Vegetables,23.5,45.8,36.3,15.0,Bengaluru,2023-01-18,potato
Potato,Vegetables,22.3,56.7,42.2,21.1,Bengaluru,2023-01-19,potato
Potato,Vegetables,26.3,38.2,28.7,17.4,Bengaluru,2023-01-20,potato
Potato,Vegetables,22.5,45.7,41.6,12.0,Bengaluru,2023-01-21,potato
Potato,Vegetables,23.5,56.3,42.3,20.4,Bengaluru,2023-01-22,potato
Potato,Vegetables,22.3,44.0,37.1,11.0,Bengaluru,2023-01-23,potato
Potato,Vegetables,24.8,31.5,25.2,10.2,Bengaluru,2023-01-24,potato
Potato,Vegetables,26.2,33.1,28.9,9.3,Bengaluru,2023-01-25,potato
Potato,Vegetables,26.0,37.5,32.2,10.6,Bengaluru,2023-01-26,potato
Potato,Vegetables,26.2,39.5,35.4,6.8,Bengaluru,2023-01-27,potato
Potato,Vegetables,24.9,34.9,29.6,7.8,Bengaluru,2023-01-28,potato
Potato,Vegetables,22.7,53.8,41.4,17.2,Bengaluru,2023-01-29,potato
Potato,Vegetables,22.6,37.6,30.6,12.0,Bengaluru,2023-01-30,potato
Potato,Vegetables,25.9,39.8,37.2,9.5,Bengaluru,2023-01-31,potato
Potato,Vegetables,26.7,27.9,25.8,6.2,Bengaluru,2023-02-01,potato
Potato,Vegetables,22.7,35.2,31.5,9.6,Bengaluru,2023-02-02,potato
Potato,Vegetables,24.1,34.6,31.6,5.8,Bengaluru,2023-02-03,potato
Potato,Vegetables,25.4,50.8,41.0,16.0,Bengaluru,2023-02-04,potato
Potato,Vegetables,23.7,40.0,37.6,5.1,Bengaluru,2023-02-05,potato
Potato,Vegetables,23.0,50.3,40.5,15.8,Bengaluru,2023-02-06,potato
Potato,Vegetables,25.3,32.4,26.5,12.3,Bengaluru,2023-02-07,potato
Potato,Vegetables,25.5,38.6,34.0,8.7,Bengaluru,2023-02-08,potato
Potato,Vegetables,26.5,35.7,29.1,9.2,Bengaluru,2023-02-09,potato
Potato,Vegetables,25.2,41.9,33.9,11.6,Bengaluru,2023-02-10,potato
Potato,Vegetables,24.1,44.2,34.5,13.6,Bengaluru,2023-02-11,potato
Potato,Vegetables,26.1,42.5,40.1,5.9,Bengaluru,2023-02-12,potato
Potato,Vegetables,22.9,38.7,31.9,10.3,Bengaluru,2023-02-13,potato
Potato,Vegetables,22.7,44.8,36.4,12.1,Bengaluru,2023-02-14,potato
Potato,Vegetables,26.5,28.1,26.6,4.9,Bengaluru,2023-02-15,potato
Potato,Vegetables,23.6,35.5,31.9,7.8,Bengaluru,2023-02-16,potato
Potato,Vegetables,26.3,42.5,34.0,11.5,Bengaluru,2023-02-17,potato
Potato,Vegetables,26.7,38.9,35.5,7.4,Bengaluru,2023-02-18,potato
Potato,Vegetables,26.8,51.8,38.6,19.3,Bengaluru,2023-02-19,potato
Potato,Vegetables,25.3,33.0,26.7,11.6,Bengaluru,2023-02-20,potato
Potato,Vegetables,26.6,48.4,38.1,15.5,Bengaluru,2023-02-21,potato
Potato,Vegetables,26.3,34.7,32.8,6.3,Bengaluru,2023-02-22,potato
Potato,Vegetables,25.0,34.0,29.6,10.5,Bengaluru,2023-02-23,potato
Potato,Vegetables,23.7,45.0,34.4,14.1,Bengaluru,2023-02-24,potato
Potato,Vegetables,26.0,28.9,26.3,10.5,Bengaluru,2023-02-25,potato
Potato,Vegetables,23.7,33.2,29.9,5.5,Bengaluru,2023-02-26,potato
Potato,Vegetables,24.4,41.7,31.6,15.1,Bengaluru,2023-02-27,potato
Potato,Vegetables,22.3,35.0,31.0,6.3,Bengaluru,2023-02-28,potato
Potato,Vegetables,26.3,36.1,30.8,12.9,Bengaluru,2023-03-01,potato
Potato,Vegetables,24.6,38.2,33.7,11.3,Bengaluru,2023-03-02,potato
Potato,Vegetables,23.4,50.0,37.6,18.0,Bengaluru,2023-03-03,potato
Potato,Vegetables,24.5,38.9,36.3,8.3,Bengaluru,2023-03-04,potato
Potato,Vegetables,23.6,56.8,45.7,13.7,Bengaluru,2023-03-05,potato
Potato,Vegetables,24.0,36.0,32.4,6.5,Bengaluru,2023-03-06,potato
Potato,Vegetables,23.1,44.0,33.3,15.7,Bengaluru,2023-03-07,potato
Potato,Vegetables,22.1,36.9,34.8,5.0,Bengaluru,2023-03-08,potato
Potato,Vegetables,25.8,40.2,30.7,12.9,Bengaluru,2023-03-09,potato
Potato,Vegetables,24.5,36.2,31.4,12.2,Bengaluru,2023-03-10,potato
Potato,Vegetables,25.5,53.0,41.8,18.1,Bengaluru,2023-03-11,potato
Potato,Vegetables,26.8,39.4,35.5,7.1,Bengaluru,2023-03-12,potato
Potato,Vegetables,24.8,39.2,35.7,8.1,Bengaluru,2023-03-13,potato
Potato,Vegetables,24.6,38.2,32.1,8.5,Bengaluru,2023-03-14,potato
Potato,Vegetables,22.8,40.0,33.9,9.2,Bengaluru,2023-03-15,potato
Potato,Vegetables,25.6,34.9,27.0,11.2,Bengaluru,2023-03-16,potato
Potato,Vegetables,25.5,41.0,30.6,15.1,Bengaluru,2023-03-17,potato
Potato,Vegetables,24.6,48.6,38.0,14.1,Bengaluru,2023-03-18,potato
Potato,Vegetables,24.0,49.8,38.6,18.3,Bengaluru,2023-03-19,potato
Potato,Vegetables,24.7,37.2,29.1,11.0,Bengaluru,2023-03-20,potato
Potato,Vegetables,25.6,30.3,25.8,11.5,Bengaluru,2023-03-21,potato
Potato,Vegetables,24.8,41.8,35.7,10.9,Bengaluru,2023-03-22,potato
Potato,Vegetables,26.2,39.2,34.9,9.5,Bengaluru,2023-03-23,potato
Potato,Vegetables,23.9,39.2,31.9,12.8,Bengaluru,2023-03-24,potato
Potato,Vegetables,24.8,34.1,25.8,11.9,Bengaluru,2023-03-25,potato
Potato,Vegetables,24.2,49.8,44.7,9.1,Bengaluru,2023-03-26,potato
Potato,Vegetables,23.3,42.0,37.1,12.8,Bengaluru,2023-03-27,potato
Potato,Vegetables,23.4,47.0,36.2,14.6,Bengaluru,2023-03-28,potato
Potato,Vegetables,24.1,41.5,34.5,13.8,Bengaluru,2023-03-29,potato
Potato,Vegetables,25.5,51.0,38.5,15.9,Bengaluru,2023-03-30,potato
Potato,Vegetables,22.2,40.7,36.6,7.2,Bengaluru,2023-03-31,potato
Potato,Vegetables,24.2,48.0,45.5,4.5,Bengaluru,2023-04-01,potato
Potato,Vegetables,25.0,45.5,40.4,8.6,Bengaluru,2023-04-02,potato
Potato,Vegetables,24.3,34.6,31.6,8.8,Bengaluru,2023-04-03,potato
Potato,Vegetables,26.1,43.4,33.0,17.8,Bengaluru,2023-04-04,potato
Potato,Vegetables,24.7,30.1,27.5,8.6,Bengaluru,2023-04-05,potato
Potato,Vegetables,25.6,34.5,28.7,9.7,Bengaluru,2023-04-06,potato
Potato,Vegetables,22.4,53.0,41.9,13.2,Bengaluru,2023-04-07,potato
Potato,Vegetables,22.4,49.4,41.3,11.4,Bengaluru,2023-04-08,potato
Potato,Vegetables,26.4,43.4,35.5,12.1,Bengaluru,2023-04-09,potato
Potato,Vegetables,25.5,41.8,37.5,7.2,Bengaluru,2023-04-10,potato
Potato,Vegetables,24.3,34.6,30.2,10.0,Bengaluru,2023-04-11,potato
Potato,Vegetables,25.9,36.8,31.9,11.3,Bengaluru,2023-04-12,potato
Potato,Vegetables,24.6,43.6,33.0,16.8,Bengaluru,2023-04-13,potato
Potato,Vegetables,22.8,38.3,33.0,8.3,Bengaluru,2023-04-14,potato
Potato,Vegetables,25.9,38.5,33.1,7.9,Bengaluru,2023-04-15,potato
Potato,Vegetables,23.3,49.0,43.4,9.6,Bengaluru,2023-04-16,potato
Potato,Vegetables,22.3,51.2,38.3,16.9,Bengaluru,2023-04-17,potato
Potato,Vegetables,26.5,36.1,28.7,12.2,Bengaluru,2023-04-18,potato
Potato,Vegetables,26.8,42.7,34.4,13.4,Bengaluru,2023-04-19,potato
Potato,Vegetables,25.1,36.4,28.8,10.1,Bengaluru,2023-04-20,potato
Potato,Vegetables,23.5,35.0,28.3,14.7,Bengaluru,2023-04-21,potato
Potato,Vegetables,26.5,46.9,36.3,16.0,Bengaluru,2023-04-22,potato
Potato,Vegetables,24.3,48.4,43.3,12.8,Bengaluru,2023-04-23,potato
Potato,Vegetables,25.0,33.4,28.3,12.9,Bengaluru,2023-04-24,potato
Potato,Vegetables,25.7,43.0,32.7,14.7,Bengaluru,2023-04-25,potato
Potato,Vegetables,22.4,31.9,28.0,9.1,Bengaluru,2023-04-26,potato
Potato,Vegetables,23.0,35.5,26.7,16.2,Bengaluru,2023-04-27,potato
Potato,Vegetables,23.3,36.5,32.4,11.5,Bengaluru,2023-04-28,potato
Potato,Vegetables,23.2,59.8,48.3,15.5,Bengaluru,2023-04-29,potato
Potato,Vegetables,26.0,47.8,41.4,8.5,Bengaluru,2023-04-30,potato
Potato,Vegetables,23.1,44.1,34.1,13.9,Bengaluru,2023-05-01,potato
Potato,Vegetables,23.6,33.1,25.6,11.4,Bengaluru,2023-05-02,potato
Potato,Vegetables,25.0,35.6,30.0,9.3,Bengaluru,2023-05-03,potato
Potato,Vegetables,23.4,30.7,26.6,6.3,Bengaluru,2023-05-04,potato
Potato,Vegetables,25.9,33.1,31.1,9.2,Bengaluru,2023-05-05,potato
Potato,Vegetables,22.3,49.0,40.8,11.1,Bengaluru,2023-05-06,potato
Potato,Vegetables,23.3,53.7,42.7,16.1,Bengaluru,2023-05-07,potato
Potato,Vegetables,24.5,38.7,31.5,9.9,Bengaluru,2023-05-08,potato
Potato,Vegetables,26.8,34.6,26.6,11.9,Bengaluru,2023-05-09,potato
Potato,Vegetables,24.8,33.1,28.0,8.3,Bengaluru,2023-05-10,potato
Potato,Vegetables,23.7,43.6,32.7,16.2,Bengaluru,2023-05-11,potato
Potato,Vegetables,22.4,45.3,34.9,17.5,Bengaluru,2023-05-12,potato
Potato,Vegetables,25.5,43.4,32.8,12.8,Bengaluru,2023-05-13,potato
Potato,Vegetables,22.4,52.0,39.4,16.6,Bengaluru,2023-05-14,potato
Potato,Vegetables,26.7,35.4,30.1,8.3,Bengaluru,2023-05-15,potato
Potato,Vegetables,25.4,40.3,30.1,15.8,Bengaluru,2023-05-16,potato
Potato,Vegetables,25.0,42.1,31.3,17.8,Bengaluru,2023-05-17,potato
Potato,Vegetables,23.8,44.0,33.4,12.7,Bengaluru,2023-05-18,potato
Potato,Vegetables,26.8,34.0,30.2,10.5,Bengaluru,2023-05-19,potato
Potato,Vegetables,22.6,48.9,38.8,14.2,Bengaluru,2023-05-20,potato
Potato,Vegetables,26.3,39.6,29.7,12.6,Bengaluru,2023-05-21,potato
Potato,Vegetables,25.5,38.6,29.8,12.8,Bengaluru,2023-05-22,potato
Potato,Vegetables,26.4,32.4,27.6,8.7,Bengaluru,2023-05-23,potato
Potato,Vegetables,26.8,45.0,36.6,11.6,Bengaluru,2023-05-24,potato
Potato,Vegetables,24.5,32.4,30.2,8.5,Bengaluru,2023-05-25,potato
Potato,Vegetables,24.6,42.5,32.9,16.0,Bengaluru,2023-05-26,potato
Potato,Vegetables,23.7,45.5,35.9,15.1,Bengaluru,2023-05-27,potato
Potato,Vegetables,24.7,55.5,43.0,20.4,Bengaluru,2023-05-28,potato
Potato,Vegetables,25.6,43.3,36.6,11.5,Bengaluru,2023-05-29,potato
Potato,Vegetables,22.2,42.0,31.2,17.4,Bengaluru,2023-05-30,potato
Potato,Vegetables,22.8,36.5,30.4,9.4,Bengaluru,2023-05-31,potato
Potato,Vegetables,23.5,50.1,38.2,14.9,Bengaluru,2023-06-01,potato
Potato,Vegetables,24.5,46.6,37.9,16.3,Bengaluru,2023-06-02,potato
Potato,Vegetables,24.6,35.3,31.7,11.4,Bengaluru,2023-06-03,potato
Potato,Vegetables,25.0,37.4,32.8,11.1,Bengaluru,2023-06-04,potato
Potato,Vegetables,23.5,39.8,30.5,17.0,Bengaluru,2023-06-05,potato
Potato,Vegetables,26.2,34.0,30.9,10.1,Bengaluru,2023-06-06,potato
Potato,Vegetables,23.7,33.9,31.5,9.5,Bengaluru,2023-06-07,potato
Potato,Vegetables,22.6,41.5,34.2,11.6,Bengaluru,2023-06-08,potato
Potato,Vegetables,25.7,36.6,34.2,9.6,Bengaluru,2023-06-09,potato
Potato,Vegetables,24.3,45.6,40.9,8.5,Bengaluru,2023-06-10,potato
Potato,Vegetables,26.4,46.4,35.8,13.6,Bengaluru,2023-06-11,potato
Potato,Vegetables,22.2,41.7,33.9,13.7,Bengaluru,2023-06-12,potato
Potato,Vegetables,22.8,24.9,23.2,6.7,Bengaluru,2023-06-13,potato
Potato,Vegetables,24.9,36.2,32.5,10.1,Bengaluru,2023-06-14,potato
Potato,Vegetables,22.4,30.2,25.6,12.0,Bengaluru,2023-06-15,potato
Potato,Vegetables,25.3,36.2,33.1,10.4,Bengaluru,2023-06-16,potato
Potato,Vegetables,23.9,42.1,37.9,11.7,Bengaluru,2023-06-17,potato
Potato,Vegetables,24.3,32.6,27.9,7.7,Bengaluru,2023-06-18,potato
Potato,Vegetables,25.9,36.6,32.9,5.9,Bengaluru,2023-06-19,potato
Potato,Vegetables,24.4,36.7,29.3,10.1,Bengaluru,2023-06-20,potato
Potato,Vegetables,25.0,35.2,29.9,10.3,Bengaluru,2023-06-21,potato
Potato,Vegetables,26.1,42.0,32.8,15.8,Bengaluru,2023-06-22,potato
Potato,Vegetables,25.3,37.1,32.0,10.2,Bengaluru,2023-06-23,potato
Potato,Vegetables,26.2,57.3,46.9,18.3,Bengaluru,2023-06-24,potato
Potato,Vegetables,22.8,37.3,32.2,11.8,Bengaluru,2023-06-25,potato
Potato,Vegetables,26.0,31.8,30.0,9.5,Bengaluru,2023-06-26,potato
Potato,Vegetables,26.3,36.0,30.0,9.0,Bengaluru,2023-06-27,potato
Potato,Vegetables,24.0,38.1,35.0,10.3,Bengaluru,2023-06-28,potato
Potato,Vegetables,24.9,40.7,32.7,14.7,Bengaluru,2023-06-29,potato
Potato,Vegetables,24.8,34.0,29.4,8.2,Bengaluru,2023-06-30,potato
Potato,Vegetables,26.6,52.5,41.4,17.0,Bengaluru,2023-07-01,potato
Potato,Vegetables,26.7,43.1,35.3,14.2,Bengaluru,2023-07-02,potato
Potato,Vegetables,26.2,45.7,34.2,18.1,Bengaluru,2023-07-03,potato
Potato,Vegetables,23.2,32.9,28.4,9.0,Bengaluru,2023-07-04,potato
Potato,Vegetables,24.9,47.7,36.5,13.7,Bengaluru,2023-07-05,potato
Potato,Vegetables,23.4,39.4,34.2,7.3,Bengaluru,2023-07-06,potato
Potato,Vegetables,24.1,36.2,33.5,7.2,Bengaluru,2023-07-07,potato
Potato,Vegetables,24.9,35.4,27.4,14.6,Bengaluru,2023-07-08,potato
Potato,Vegetables,24.0,38.5,35.8,9.9,Bengaluru,2023-07-09,potato
Potato,Vegetables,25.9,32.4,30.7,9.0,Bengaluru,2023-07-10,potato
Potato,Vegetables,25.0,34.5,31.5,7.1,Bengaluru,2023-07-11,potato
Potato,Vegetables,24.2,47.6,37.3,17.2,Bengaluru,2023-07-12,potato
Potato,Vegetables,25.6,44.4,39.0,13.3,Bengaluru,2023-07-13,potato
Potato,Vegetables,22.9,39.8,31.4,11.3,Bengaluru,2023-07-14,potato
Potato,Vegetables,23.4,45.7,42.0,9.8,Bengaluru,2023-07-15,potato
Potato,Vegetables,23.1,57.2,42.6,20.2,Bengaluru,2023-07-16,potato
Potato,Vegetables,22.1,34.3,30.5,9.1,Bengaluru,2023-07-17,potato
Potato,Vegetables,23.1,35.0,29.8,8.2,Bengaluru,2023-07-18,potato
Potato,Vegetables,25.3,51.9,38.7,17.6,Bengaluru,2023-07-19,potato
Potato,Vegetables,23.1,49.4,36.6,15.1,Bengaluru,2023-07-20,potato
Potato,Vegetables,26.0,39.0,32.7,13.3,Bengaluru,2023-07-21,potato
Potato,Vegetables,25.6,35.9,32.6,9.3,Bengaluru,2023-07-22,potato
Potato,Vegetables,23.1,53.8,39.9,20.0,Bengaluru,2023-07-23,potato
Potato,Vegetables,25.5,37.0,28.8,15.5,Bengaluru,2023-07-24,potato
Potato,Vegetables,23.4,32.8,27.2,8.9,Bengaluru,2023-07-25,potato
Potato,Vegetables,22.4,37.5,34.8,10.6,Bengaluru,2023-07-26,potato
Potato,Vegetables,22.1,41.8,35.8,12.2,Bengaluru,2023-07-27,potato
Potato,Vegetables,23.8,40.4,33.4,14.6,Bengaluru,2023-07-28,potato
Potato,Vegetables,22.3,43.8,36.5,13.9,Bengaluru,2023-07-29,potato
Potato,Vegetables,26.8,38.2,34.8,5.7,Bengaluru,2023-07-30,potato
Potato,Vegetables,22.7,39.4,36.3,7.2,Bengaluru,2023-07-31,potato
Potato,Vegetables,22.8,39.1,29.1,13.7,Bengaluru,2023-08-01,potato
Potato,Vegetables,23.4,33.0,29.9,8.0,Bengaluru,2023-08-02,potato
Potato,Vegetables,26.9,49.6,38.1,19.3,Bengaluru,2023-08-03,potato
Potato,Vegetables,26.5,36.5,28.8,12.0,Bengaluru,2023-08-04,potato
Potato,Vegetables,24.1,55.5,42.3,16.4,Bengaluru,2023-08-05,potato
Potato,Vegetables,23.5,41.7,39.0,5.4,Bengaluru,2023-08-06,potato
Potato,Vegetables,24.9,42.7,33.1,16.4,Bengaluru,2023-08-07,potato
Potato,Vegetables,24.1,46.8,35.1,16.4,Bengaluru,2023-08-08,potato
Potato,Vegetables,22.7,37.0,30.0,9.4,Bengaluru,2023-08-09,potato
Potato,Vegetables,25.0,39.2,31.7,12.2,Bengaluru,2023-08-10,potato
Potato,Vegetables,26.1,30.3,26.1,7.1,Bengaluru,2023-08-11,potato
Potato,Vegetables,24.3,39.1,32.7,12.3,Bengaluru,2023-08-12,potato
Potato,Vegetables,26.5,40.5,32.8,14.7,Bengaluru,2023-08-13,potato
Potato,Vegetables,25.4,38.2,29.3,16.8,Bengaluru,2023-08-14,potato
Potato,Vegetables,23.6,32.2,27.6,9.5,Bengaluru,2023-08-15,potato
Potato,Vegetables,24.5,46.5,34.5,18.8,Bengaluru,2023-08-16,potato
Potato,Vegetables,23.5,39.9,34.5,11.1,Bengaluru,2023-08-17,potato
Potato,Vegetables,25.4,33.7,30.3,8.4,Bengaluru,2023-08-18,potato
Potato,Vegetables,22.9,43.3,35.4,12.7,Bengaluru,2023-08-19,potato
Potato,Vegetables,24.0,38.8,33.2,11.5,Bengaluru,2023-08-20,potato
Potato,Vegetables,22.4,47.2,40.0,10.4,Bengaluru,2023-08-21,potato
Potato,Vegetables,22.3,51.8,40.2,17.2,Bengaluru,2023-08-22,potato
Potato,Vegetables,24.6,26.3,24.8,5.3,Bengaluru,2023-08-23,potato
Potato,Vegetables,25.4,41.5,33.7,11.6,Bengaluru,2023-08-24,potato
Potato,Vegetables,24.8,27.9,25.7,8.6,Bengaluru,2023-08-25,potato
Potato,Vegetables,22.2,41.1,33.4,11.9,Bengaluru,2023-08-26,potato
Potato,Vegetables,23.4,51.0,39.4,16.5,Bengaluru,2023-08-27,potato
Potato,Vegetables,23.5,38.9,30.9,14.0,Bengaluru,2023-08-28,potato
Potato,Vegetables,25.7,35.6,29.1,11.5,Bengaluru,2023-08-29,potato
Potato,Vegetables,24.2,40.2,30.5,13.4,Bengaluru,2023-08-30,potato
Potato,Vegetables,22.8,40.6,36.0,9.6,Bengaluru,2023-08-31,potato
Potato,Vegetables,26.5,35.6,31.9,9.8,Bengaluru,2023-09-01,potato
Potato,Vegetables,24.3,40.6,32.0,15.7,Bengaluru,2023-09-02,potato
Potato,Vegetables,23.7,50.2,37.7,15.9,Bengaluru,2023-09-03,potato
Potato,Vegetables,26.4,38.5,33.5,11.5,Bengaluru,2023-09-04,potato
Potato,Vegetables,26.7,35.1,30.4,10.4,Bengaluru,2023-09-05,potato
Potato,Vegetables,25.5,41.8,34.5,14.4,Bengaluru,2023-09-06,potato
Potato,Vegetables,22.4,37.5,35.3,4.3,Bengaluru,2023-09-07,potato
Potato,Vegetables,25.0,44.2,40.7,10.1,Bengaluru,2023-09-08,potato
Potato,Vegetables,26.6,47.1,38.4,13.4,Bengaluru,2023-09-09,potato
Potato,Vegetables,25.2,44.8,34.7,17.9,Bengaluru,2023-09-10,potato
Potato,Vegetables,25.3,41.1,33.7,9.8,Bengaluru,2023-09-11,potato
Potato,Vegetables,22.8,44.6,38.3,12.2,Bengaluru,2023-09-12,potato
Potato,Vegetables,22.4,40.6,31.7,14.9,Bengaluru,2023-09-13,potato
Potato,Vegetables,24.6,38.8,31.8,14.6,Bengaluru,2023-09-14,potato
Potato,Vegetables,26.4,30.8,28.5,6.2,Bengaluru,2023-09-15,potato
Potato,Vegetables,25.7,51.3,41.6,15.9,Bengaluru,2023-09-16,potato
Potato,Vegetables,22.6,47.4,40.8,10.8,Bengaluru,2023-09-17,potato
Potato,Vegetables,24.0,36.6,28.4,14.4,Bengaluru,2023-09-18,potato
Potato,Vegetables,22.6,50.9,37.9,20.5,Bengaluru,2023-09-19,potato
Potato,Vegetables,23.3,29.8,27.9,7.3,Bengaluru,2023-09-20,potato
Potato,Vegetables,24.0,37.3,34.0,7.4,Bengaluru,2023-09-21,potato
Potato,Vegetables,25.9,33.9,27.0,12.5,Bengaluru,2023-09-22,potato
Potato,Vegetables,26.5,41.1,37.9,6.0,Bengaluru,2023-09-23,potato
Potato,Vegetables,24.5,36.1,34.1,7.0,Bengaluru,2023-09-24,potato
Potato,Vegetables,22.1,28.7,26.7,8.7,Bengaluru,2023-09-25,potato
Potato,Vegetables,24.0,41.9,35.4,10.7,Bengaluru,2023-09-26,potato
Potato,Vegetables,22.5,53.9,40.8,19.7,Bengaluru,2023-09-27,potato
Potato,Vegetables,22.5,34.0,30.9,5.4,Bengaluru,2023-09-28,potato
Potato,Vegetables,22.7,33.3,26.8,8.7,Bengaluru,2023-09-29,potato
Potato,Vegetables,26.2,45.1,36.0,16.9,Bengaluru,2023-09-30,potato
Potato,Vegetables,26.7,36.3,32.5,7.5,Bengaluru,2023-10-01,potato
Potato,Vegetables,24.1,41.3,33.8,13.6,Bengaluru,2023-10-02,potato
Potato,Vegetables,22.4,39.6,30.5,11.3,Bengaluru,2023-10-03,potato
Potato,Vegetables,24.0,38.3,32.6,11.1,Bengaluru,2023-10-04,potato
Potato,Vegetables,22.5,37.6,32.2,8.9,Bengaluru,2023-10-05,potato
Potato,Vegetables,25.8,35.3,33.5,4.4,Bengaluru,2023-10-06,potato
Potato,Vegetables,24.3,48.5,38.2,17.7,Bengaluru,2023-10-07,potato
Potato,Vegetables,24.8,42.2,36.0,10.9,Bengaluru,2023-10-08,potato
Potato,Vegetables,24.2,34.1,31.6,6.2,Bengaluru,2023-10-09,potato
Potato,Vegetables,26.7,37.5,31.8,9.6,Bengaluru,2023-10-10,potato
Potato,Vegetables,23.6,37.9,28.9,15.5,Bengaluru,2023-10-11,potato
Potato,Vegetables,25.0,46.0,36.5,16.1,Bengaluru,2023-10-12,potato
Potato,Vegetables,24.6,32.8,28.0,10.1,Bengaluru,2023-10-13,potato
Potato,Vegetables,26.6,38.5,35.1,9.9,Bengaluru,2023-10-14,potato
Potato,Vegetables,23.2,45.8,38.8,11.1,Bengaluru,2023-10-15,potato
Potato,Vegetables,23.0,43.7,34.6,14.9,Bengaluru,2023-10-16,potato
Potato,Vegetables,26.4,33.3,26.5,14.1,Bengaluru,2023-10-17,potato
Potato,Vegetables,26.8,40.1,31.9,11.9,Bengaluru,2023-10-18,potato
Potato,Vegetables,24.8,43.1,40.1,6.2,Bengaluru,2023-10-19,potato
Potato,Vegetables,24.6,54.7,42.4,15.4,Bengaluru,2023-10-20,potato
Potato,Vegetables,22.9,50.3,42.1,10.5,Bengaluru,2023-10-21,potato
Potato,Vegetables,24.3,55.1,42.4,14.8,Bengaluru,2023-10-22,potato
Potato,Vegetables,22.6,41.5,33.2,14.8,Bengaluru,2023-10-23,potato
Potato,Vegetables,23.5,42.8,37.6,8.8,Bengaluru,2023-10-24,potato
Potato,Vegetables,22.9,36.0,33.5,5.9,Bengaluru,2023-10-25,potato
Potato,Vegetables,23.6,35.0,31.9,5.6,Bengaluru,2023-10-26,potato
Potato,Vegetables,22.9,46.9,42.1,9.8,Bengaluru,2023-10-27,potato
Potato,Vegetables,22.1,52.1,42.3,11.8,Bengaluru,2023-10-28,potato
Potato,Vegetables,25.2,35.1,32.6,4.5,Bengaluru,2023-10-29,potato
Potato,Vegetables,24.7,40.7,31.5,16.3,Bengaluru,2023-10-30,potato
Potato,Vegetables,24.8,36.2,27.9,12.7,Bengaluru,2023-10-31,potato
Potato,Vegetables,24.0,46.9,37.4,17.1,Bengaluru,2023-11-01,potato
Potato,Vegetables,24.5,34.9,30.6,9.0,Bengaluru,2023-11-02,potato
Potato,Vegetables,23.5,39.5,31.3,13.5,Bengaluru,2023-11-03,potato
Potato,Vegetables,24.0,50.1,40.0,16.8,Bengaluru,2023-11-04,potato
Potato,Vegetables,26.8,34.0,30.4,5.7,Bengaluru,2023-11-05,potato
Potato,Vegetables,24.5,40.0,31.3,12.6,Bengaluru,2023-11-06,potato
Potato,Vegetables,24.0,43.8,32.8,15.8,Bengaluru,2023-11-07,potato
Potato,Vegetables,25.6,42.4,37.0,12.7,Bengaluru,2023-11-08,potato
Potato,Vegetables,24.7,37.4,32.7,6.9,Bengaluru,2023-11-09,potato
Potato,Vegetables,22.1,30.3,28.4,7.2,Bengaluru,2023-11-10,potato
Potato,Vegetables,26.8,39.4,33.5,11.2,Bengaluru,2023-11-11,potato
Potato,Vegetables,23.1,46.2,35.5,18.5,Bengaluru,2023-11-12,potato
Potato,Vegetables,25.6,28.7,27.2,6.1,Bengaluru,2023-11-13,potato
Potato,Vegetables,24.1,40.5,32.0,13.9,Bengaluru,2023-11-14,potato
Potato,Vegetables,25.2,39.7,31.5,13.5,Bengaluru,2023-11-15,potato
Potato,Vegetables,26.1,41.2,31.5,16.7,Bengaluru,2023-11-16,potato
Potato,Vegetables,24.1,49.2,37.8,14.5,Bengaluru,2023-11-17,potato
Potato,Vegetables,24.3,46.8,35.5,15.5,Bengaluru,2023-11-18,potato
Potato,Vegetables,25.4,41.3,35.5,11.1,Bengaluru,2023-11-19,potato
Potato,Vegetables,23.8,41.6,35.3,13.5,Bengaluru,2023-11-20,potato
Potato,Vegetables,23.8,44.5,34.8,15.6,Bengaluru,2023-11-21,potato
Potato,Vegetables,24.3,42.3,32.5,16.2,Bengaluru,2023-11-22,potato
Potato,Vegetables,24.6,40.5,35.3,12.9,Bengaluru,2023-11-23,potato
Potato,Vegetables,22.4,42.1,33.0,13.1,Bengaluru,2023-11-24,potato
Potato,Vegetables,23.9,46.7,42.2,12.2,Bengaluru,2023-11-25,potato
Potato,Vegetables,22.3,40.8,31.5,14.3,Bengaluru,2023-11-26,potato
Potato,Vegetables,22.9,34.2,28.4,9.2,Bengaluru,2023-11-27,potato
Potato,Vegetables,22.2,27.7,24.7,6.0,Bengaluru,2023-11-28,potato
Potato,Vegetables,24.3,45.1,34.4,17.2,Bengaluru,2023-11-29,potato
Potato,Vegetables,22.1,38.7,31.9,13.5,Bengaluru,2023-11-30,potato
Potato,Vegetables,24.3,37.8,32.5,12.9,Bengaluru,2023-12-01,potato
Potato,Vegetables,22.2,45.6,37.6,11.0,Bengaluru,2023-12-02,potato
Potato,Vegetables,26.3,47.9,40.2,13.1,Bengaluru,2023-12-03,potato
Potato,Vegetables,22.6,44.2,38.8,12.8,Bengaluru,2023-12-04,potato
Potato,Vegetables,23.1,47.5,36.0,17.7,Bengaluru,2023-12-05,potato
Potato,Vegetables,26.1,32.9,28.6,10.7,Bengaluru,2023-12-06,potato
Potato,Vegetables,23.5,41.7,39.0,6.2,Bengaluru,2023-12-07,potato
Potato,Vegetables,25.7,32.8,28.6,9.5,Bengaluru,2023-12-08,potato
Potato,Vegetables,23.3,52.0,42.2,13.5,Bengaluru,2023-12-09,potato
Potato,Vegetables,22.7,40.1,36.4,11.5,Bengaluru,2023-12-10,potato
Potato,Vegetables,25.2,31.9,28.9,7.5,Bengaluru,2023-12-11,potato
Potato,Vegetables,23.4,41.4,35.4,10.6,Bengaluru,2023-12-12,potato
Potato,Vegetables,24.0,39.7,33.5,8.4,Bengaluru,2023-12-13,potato
Potato,Vegetables,24.9,37.1,30.1,14.4,Bengaluru,2023-12-14,potato
Potato,Vegetables,22.4,45.8,34.9,13.3,Bengaluru,2023-12-15,potato
Potato,Vegetables,26.8,37.5,35.2,4.6,Bengaluru,2023-12-16,potato
Potato,Vegetables,26.2,35.7,33.4,9.1,Bengaluru,2023-12-17,potato
Potato,Vegetables,26.4,33.6,29.5,9.9,Bengaluru,2023-12-18,potato
Potato,Vegetables,24.5,35.5,32.5,8.1,Bengaluru,2023-12-19,potato
Potato,Vegetables,23.7,48.8,36.2,19.8,Bengaluru,2023-12-20,potato
Potato,Vegetables,22.1,46.8,42.4,11.9,Bengaluru,2023-12-21,potato
Potato,Vegetables,24.7,40.8,31.7,11.9,Bengaluru,2023-12-22,potato
Potato,Vegetables,25.6,57.5,43.9,17.2,Bengaluru,2023-12-23,potato
Potato,Vegetables,23.8,56.2,42.5,18.9,Bengaluru,2023-12-24,potato
Potato,Vegetables,25.2,42.4,32.3,13.5,Bengaluru,2023-12-25,potato
Potato,Vegetables,26.0,43.9,33.0,16.0,Bengaluru,2023-12-26,potato
Potato,Vegetables,22.5,35.2,26.7,14.0,Bengaluru,2023-12-27,potato
Potato,Vegetables,22.4,41.9,34.1,14.8,Bengaluru,2023-12-28,potato
Potato,Vegetables,24.5,31.9,28.3,5.9,Bengaluru,2023-12-29,potato
Potato,Vegetables,22.1,60.8,45.8,18.2,Bengaluru,2023-12-30,potato
Potato,Vegetables,23.2,42.3,38.3,7.0,Bengaluru,2023-12-31,potato
Potato,Vegetables,24.1,56.3,43.0,20.2,Delhi,2022-01-01,potato
Potato,Vegetables,23.5,33.9,31.9,6.4,Delhi,2022-01-02,potato
Potato,Vegetables,23.6,37.9,35.8,6.3,Delhi,2022-01-03,potato
Potato,Vegetables,24.8,28.1,23.8,10.3,Delhi,2022-01-04,potato
Potato,Vegetables,23.0,33.2,30.7,5.9,Delhi,2022-01-05,potato
Potato,Vegetables,22.5,34.5,29.5,11.3,Delhi,2022-01-06,potato
Potato,Vegetables,23.5,40.6,32.3,12.6,Delhi,2022-01-07,potato
Potato,Vegetables,23.5,45.3,37.8,10.1,Delhi,2022-01-08,potato
Potato,Vegetables,25.2,47.2,41.1,13.2,Delhi,2022-01-09,potato
Potato,Vegetables,26.6,39.3,34.5,8.4,Delhi,2022-01-10,potato
Potato,Vegetables,25.5,41.9,31.6,13.2,Delhi,2022-01-11,potato
Potato,Vegetables,24.4,41.3,38.9,4.7,Delhi,2022-01-12,potato
Potato,Vegetables,22.3,45.5,43.3,8.0,Delhi,2022-01-13,potato
Potato,Vegetables,24.4,34.5,30.9,5.7,Delhi,2022-01-14,potato
Potato,Vegetables,22.8,57.6,46.3,14.2,Delhi,2022-01-15,potato
Potato,Vegetables,26.5,48.0,40.9,13.7,Delhi,2022-01-16,potato
Potato,Vegetables,22.9,51.4,40.1,17.0,Delhi,2022-01-17,potato
Potato,Vegetables,24.0,25.0,22.0,10.8,Delhi,2022-01-18,potato
Potato,Vegetables,23.4,35.4,30.8,7.4,Delhi,2022-01-19,potato
Potato,Vegetables,25.5,35.2,28.5,10.6,Delhi,2022-01-20,potato
Potato,Vegetables,26.8,43.1,35.4,13.0,Delhi,2022-01-21,potato
Potato,Vegetables,22.2,55.9,43.6,19.8,Delhi,2022-01-22,potato
Potato,Vegetables,22.7,44.7,39.4,12.8,Delhi,2022-01-23,potato
Potato,Vegetables,22.2,43.8,38.7,12.4,Delhi,2022-01-24,potato
Potato,Vegetables,24.4,40.9,37.4,6.8,Delhi,2022-01-25,potato
Potato,Vegetables,26.9,36.7,32.7,9.2,Delhi,2022-01-26,potato
Potato,Vegetables,23.5,43.2,33.4,16.7,Delhi,2022-01-27,potato
Potato,Vegetables,24.2,31.2,27.9,7.6,Delhi,2022-01-28,potato
Potato,Vegetables,25.7,40.8,36.8,6.3,Delhi,2022-01-29,potato
Potato,Vegetables,26.6,44.1,36.9,13.5,Delhi,2022-01-30,potato
Potato,Vegetables,25.2,35.7,30.2,13.0,Delhi,2022-01-31,potato
Potato,Vegetables,24.9,35.9,33.5,5.6,Delhi,2022-02-01,potato
Potato,Vegetables,23.2,43.9,33.3,13.7,Delhi,2022-02-02,potato
Potato,Vegetables,23.2,38.3,31.7,8.9,Delhi,2022-02-03,potato
Potato,Vegetables,26.6,32.6,30.1,4.7,Delhi,2022-02-04,potato
Potato,Vegetables,24.3,29.8,27.4,8.2,Delhi,2022-02-05,potato
Potato,Vegetables,25.9,47.9,37.0,15.5,Delhi,2022-02-06,potato
Potato,Vegetables,26.7,31.7,29.3,6.3,Delhi,2022-02-07,potato
Potato,Vegetables,23.2,48.6,36.6,19.6,Delhi,2022-02-08,potato
Potato,Vegetables,24.8,37.8,30.3,11.6,Delhi,2022-02-09,potato
Potato,Vegetables,25.0,40.5,35.5,12.3,Delhi,2022-02-10,potato
Potato,Vegetables,22.8,35.8,29.3,11.6,Delhi,2022-02-11,potato
Potato,Vegetables,23.3,43.9,36.9,11.9,Delhi,2022-02-12,potato
Potato,Vegetables,23.5,45.0,34.0,18.5,Delhi,2022-02-13,potato
Potato,Vegetables,22.2,37.6,30.6,14.2,Delhi,2022-02-14,potato
Potato,Vegetables,25.2,38.3,32.2,13.8,Delhi,2022-02-15,potato
Potato,Vegetables,25.7,36.8,28.8,10.1,Delhi,2022-02-16,potato
Potato,Vegetables,22.4,35.7,27.3,10.7,Delhi,2022-02-17,potato
Potato,Vegetables,25.3,45.5,34.9,18.3,Delhi,2022-02-18,potato
Potato,Vegetables,22.5,42.7,36.3,11.8,Delhi,2022-02-19,potato
Potato,Vegetables,26.5,39.0,35.1,8.9,Delhi,2022-02-20,potato
Potato,Vegetables,25.3,38.7,30.8,10.3,Delhi,2022-02-21,potato
Potato,Vegetables,25.7,33.5,27.4,12.7,Delhi,2022-02-22,potato
Potato,Vegetables,23.3,52.1,39.1,15.8,Delhi,2022-02-23,potato
Potato,Vegetables,26.4,36.3,33.8,10.0,Delhi,2022-02-24,potato
Potato,Vegetables,23.5,47.1,37.0,17.4,Delhi,2022-02-25,potato
Potato,Vegetables,23.3,48.8,39.1,17.2,Delhi,2022-02-26,potato
Potato,Vegetables,24.6,48.2,40.8,13.2,Delhi,2022-02-27,potato
Potato,Vegetables,24.7,39.7,29.8,13.9,Delhi,2022-02-28,potato
Potato,Vegetables,25.8,28.4,24.2,6.8,Delhi,2022-03-01,potato
Potato,Vegetables,22.6,36.9,30.2,11.7,Delhi,2022-03-02,potato
Potato,Vegetables,25.5,34.2,30.9,8.9,Delhi,2022-03-03,potato
Potato,Vegetables,22.9,35.7,28.9,14.1,Delhi,2022-03-04,potato
Potato,Vegetables,24.4,47.1,42.5,11.9,Delhi,2022-03-05,potato
Potato,Vegetables,23.8,38.5,33.8,10.6,Delhi,2022-03-06,potato
Potato,Vegetables,22.8,48.7,37.2,15.8,Delhi,2022-03-07,potato
Potato,Vegetables,22.2,48.4,37.0,16.8,Delhi,2022-03-08,potato
Potato,Vegetables,23.5,35.8,29.6,13.2,Delhi,2022-03-09,potato
Potato,Vegetables,23.6,46.3,35.2,16.6,Delhi,2022-03-10,potato
Potato,Vegetables,23.1,25.5,23.7,4.4,Delhi,2022-03-11,potato
Potato,Vegetables,26.6,46.3,38.6,13.7,Delhi,2022-03-12,potato
Potato,Vegetables,22.7,51.4,41.6,16.7,Delhi,2022-03-13,potato
Potato,Vegetables,22.4,34.3,30.4,10.5,Delhi,2022-03-14,potato
Potato,Vegetables,23.7,38.8,30.9,14.5,Delhi,2022-03-15,potato
Potato,Vegetables,26.0,36.2,31.9,7.2,Delhi,2022-03-16,potato
Potato,Vegetables,24.5,38.4,35.5,10.4,Delhi,2022-03-17,potato
Potato,Vegetables,24.2,43.7,33.4,17.6,Delhi,2022-03-18,potato
Potato,Vegetables,22.3,53.4,42.1,14.7,Delhi,2022-03-19,potato
Potato,Vegetables,26.8,41.5,35.3,11.9,Delhi,2022-03-20,potato
Potato,Vegetables,26.5,42.9,32.3,16.0,Delhi,2022-03-21,potato
Potato,Vegetables,23.6,31.9,28.9,9.0,Delhi,2022-03-22,potato
Potato,Vegetables,24.6,33.8,26.4,10.0,Delhi,2022-03-23,potato
Potato,Vegetables,24.0,39.0,32.8,10.9,Delhi,2022-03-24,potato
Potato,Vegetables,23.6,33.1,26.1,11.9,Delhi,2022-03-25,potato
Potato,Vegetables,23.1,51.3,48.6,5.9,Delhi,2022-03-26,potato
Potato,Vegetables,23.2,48.7,43.3,8.8,Delhi,2022-03-27,potato
Potato,Vegetables,23.4,39.4,34.4,9.1,Delhi,2022-03-28,potato
Potato,Vegetables,23.4,41.5,31.0,15.7,Delhi,2022-03-29,potato
Potato,Vegetables,25.0,37.8,28.2,12.5,Delhi,2022-03-30,potato
Potato,Vegetables,24.3,39.9,36.5,10.1,Delhi,2022-03-31,potato
Potato,Vegetables,22.6,34.5,29.1,9.1,Delhi,2022-04-01,potato
Potato,Vegetables,26.4,39.3,36.9,8.3,Delhi,2022-04-02,potato
Potato,Vegetables,25.4,40.9,33.8,11.3,Delhi,2022-04-03,potato
Potato,Vegetables,25.6,26.8,25.5,3.4,Delhi,2022-04-04,potato
Potato,Vegetables,25.5,35.0,32.3,10.3,Delhi,2022-04-05,potato
Potato,Vegetables,24.6,42.3,33.2,12.3,Delhi,2022-04-06,potato
Potato,Vegetables,24.7,46.5,37.8,11.3,Delhi,2022-04-07,potato
Potato,Vegetables,24.7,37.6,31.0,12.9,Delhi,2022-04-08,potato
Potato,Vegetables,23.6,41.9,39.5,8.6,Delhi,2022-04-09,potato
Potato,Vegetables,26.4,51.1,40.7,14.7,Delhi,2022-04-10,potato
Potato,Vegetables,24.9,39.5,32.9,8.8,Delhi,2022-04-11,potato
Potato,Vegetables,23.6,30.7,27.7,7.3,Delhi,2022-04-12,potato
Potato,Vegetables,23.2,43.8,34.4,13.6,Delhi,2022-04-13,potato
Potato,Vegetables,22.1,40.7,36.5,10.7,Delhi,2022-04-14,potato
Potato,Vegetables,25.0,26.6,24.8,8.5,Delhi,2022-04-15,potato
Potato,Vegetables,22.3,43.0,40.3,6.5,Delhi,2022-04-16,potato
Potato,Vegetables,24.8,62.4,48.1,20.4,Delhi,2022-04-17,potato
Potato,Vegetables,26.0,34.5,28.6,10.5,Delhi,2022-04-18,potato
Potato,Vegetables,25.0,39.3,31.9,11.4,Delhi,2022-04-19,potato
Potato,Vegetables,24.9,43.3,35.0,14.8,Delhi,2022-04-20,potato
Potato,Vegetables,24.8,37.5,32.9,7.1,Delhi,2022-04-21,potato
Potato,Vegetables,26.0,27.9,26.1,7.6,Delhi,2022-04-22,potato
Potato,Vegetables,26.8,45.9,35.9,12.6,Delhi,2022-04-23,potato
Potato,Vegetables,26.1,37.9,36.1,9.1,Delhi,2022-04-24,potato
Potato,Vegetables,22.4,41.6,38.8,5.6,Delhi,2022-04-25,potato
Potato,Vegetables,23.9,39.8,32.9,14.1,Delhi,2022-04-26,potato
Potato,Vegetables,24.7,47.8,36.4,18.1,Delhi,2022-04-27,potato
Potato,Vegetables,26.8,36.7,34.8,5.1,Delhi,2022-04-28,potato
Potato,Vegetables,26.5,38.0,28.3,16.9,Delhi,2022-04-29,potato
Potato,Vegetables,22.4,55.4,42.8,19.3,Delhi,2022-04-30,potato
Potato,Vegetables,23.1,48.2,38.5,16.6,Delhi,2022-05-01,potato
Potato,Vegetables,22.6,41.6,32.8,12.0,Delhi,2022-05-02,potato
Potato,Vegetables,22.4,47.6,39.2,16.0,Delhi,2022-05-03,potato
Potato,Vegetables,25.4,35.3,32.5,10.4,Delhi,2022-05-04,potato
Potato,Vegetables,22.8,40.9,30.3,14.6,Delhi,2022-05-05,potato
Potato,Vegetables,24.5,39.7,33.4,8.9,Delhi,2022-05-06,potato
Potato,Vegetables,24.5,52.3,39.1,20.0,Delhi,2022-05-07,potato
Potato,Vegetables,24.1,37.6,35.8,4.0,Delhi,2022-05-08,potato
Potato,Vegetables,24.5,43.5,35.4,16.0,Delhi,2022-05-09,potato
Potato,Vegetables,24.5,41.6,33.8,11.2,Delhi,2022-05-10,potato
Potato,Vegetables,23.7,41.4,35.7,8.4,Delhi,2022-05-11,potato
Potato,Vegetables,23.7,40.9,38.5,7.9,Delhi,2022-05-12,potato
Potato,Vegetables,23.6,45.1,36.8,13.8,Delhi,2022-05-13,potato
Potato,Vegetables,24.4,34.6,28.9,12.6,Delhi,2022-05-14,potato
Potato,Vegetables,24.3,43.0,38.9,10.5,Delhi,2022-05-15,potato
Potato,Vegetables,24.4,41.4,31.9,13.9,Delhi,2022-05-16,potato
Potato,Vegetables,23.5,42.6,33.7,11.4,Delhi,2022-05-17,potato
Potato,Vegetables,25.5,31.9,30.1,4.9,Delhi,2022-05-18,potato
Potato,Vegetables,24.9,44.6,36.2,16.2,Delhi,2022-05-19,potato
Potato,Vegetables,26.2,35.0,30.4,11.6,Delhi,2022-05-20,potato
Potato,Vegetables,26.3,33.8,25.5,12.7,Delhi,2022-05-21,potato
Potato,Vegetables,24.9,51.4,40.9,12.6,Delhi,2022-05-22,potato
Potato,Vegetables,24.9,44.1,41.1,5.3,Delhi,2022-05-23,potato
Potato,Vegetables,22.9,45.2,34.5,14.8,Delhi,2022-05-24,potato
Potato,Vegetables,24.2,42.5,37.7,7.2,Delhi,2022-05-25,potato
Potato,Vegetables,23.9,36.9,29.1,15.3,Delhi,2022-05-26,potato
Potato,Vegetables,22.3,39.5,34.0,9.8,Delhi,2022-05-27,potato
Potato,Vegetables,25.2,42.3,39.3,5.9,Delhi,2022-05-28,potato
Potato,Vegetables,26.1,44.0,39.4,7.1,Delhi,2022-05-29,potato
Potato,Vegetables,26.4,36.4,27.6,14.4,Delhi,2022-05-30,potato
Potato,Vegetables,24.3,30.1,23.6,13.0,Delhi,2022-05-31,potato
Potato,Vegetables,26.0,43.0,35.6,14.2,Delhi,2022-06-01,potato
Potato,Vegetables,22.8,35.7,33.0,8.0,Delhi,2022-06-02,potato
Potato,Vegetables,25.5,35.6,30.4,7.5,Delhi,2022-06-03,potato
Potato,Vegetables,26.3,60.6,49.0,19.0,Delhi,2022-06-04,potato
Potato,Vegetables,26.1,49.9,38.8,17.2,Delhi,2022-06-05,potato
Potato,Vegetables,25.0,36.7,28.1,15.7,Delhi,2022-06-06,potato
Potato,Vegetables,22.9,48.2,43.7,11.3,Delhi,2022-06-07,potato
Potato,Vegetables,25.9,39.5,33.1,11.2,Delhi,2022-06-08,potato
Potato,Vegetables,26.8,34.8,28.9,8.7,Delhi,2022-06-09,potato
Potato,Vegetables,23.4,37.8,33.5,8.9,Delhi,2022-06-10,potato
Potato,Vegetables,25.7,41.1,36.3,11.0,Delhi,2022-06-11,potato
Potato,Vegetables,23.1,58.2,44.7,17.6,Delhi,2022-06-12,potato
Potato,Vegetables,23.8,37.3,29.1,13.8,Delhi,2022-06-13,potato
Potato,Vegetables,23.8,38.5,34.4,6.2,Delhi,2022-06-14,potato
Potato,Vegetables,23.4,42.5,33.9,16.1,Delhi,2022-06-15,potato
Potato,Vegetables,26.2,41.8,32.3,15.9,Delhi,2022-06-16,potato
Potato,Vegetables,25.4,39.0,30.2,16.0,Delhi,2022-06-17,potato
Potato,Vegetables,26.0,49.8,38.2,14.7,Delhi,2022-06-18,potato
Potato,Vegetables,23.1,45.6,35.5,14.2,Delhi,2022-06-19,potato
Potato,Vegetables,24.0,36.2,27.2,15.8,Delhi,2022-06-20,potato
Potato,Vegetables,23.3,32.8,30.3,6.7,Delhi,2022-06-21,potato
Potato,Vegetables,24.1,41.9,32.4,15.9,Delhi,2022-06-22,potato
Potato,Vegetables,25.1,42.7,31.9,17.1,Delhi,2022-06-23,potato
Potato,Vegetables,25.1,38.7,28.9,11.9,Delhi,2022-06-24,potato
Potato,Vegetables,25.2,43.5,40.5,10.1,Delhi,2022-06-25,potato
Potato,Vegetables,26.7,46.9,40.8,9.1,Delhi,2022-06-26,potato
Potato,Vegetables,23.4,35.7,31.3,10.2,Delhi,2022-06-27,potato
Potato,Vegetables,25.9,32.2,28.4,7.1,Delhi,2022-06-28,potato
Potato,Vegetables,24.3,36.7,28.1,11.2,Delhi,2022-06-29,potato
Potato,Vegetables,26.2,50.2,38.8,15.2,Delhi,2022-06-30,potato
Potato,Vegetables,26.7,32.8,30.5,7.5,Delhi,2022-07-01,potato
Potato,Vegetables,23.3,43.3,32.7,15.2,Delhi,2022-07-02,potato
Potato,Vegetables,25.4,36.3,27.2,14.1,Delhi,2022-07-03,potato
Potato,Vegetables,24.0,39.5,31.4,11.6,Delhi,2022-07-04,potato
Potato,Vegetables,26.2,44.2,33.2,14.6,Delhi,2022-07-05,potato
Potato,Vegetables,22.6,39.5,34.9,10.4,Delhi,2022-07-06,potato
Potato,Vegetables,23.8,36.4,27.5,13.6,Delhi,2022-07-07,potato
Potato,Vegetables,24.5,35.3,29.5,12.4,Delhi,2022-07-08,potato
Potato,Vegetables,26.7,37.9,35.3,9.4,Delhi,2022-07-09,potato
Potato,Vegetables,23.4,38.8,35.8,8.7,Delhi,2022-07-10,potato
Potato,Vegetables,26.4,38.2,34.6,5.7,Delhi,2022-07-11,potato
Potato,Vegetables,26.3,36.6,34.3,9.6,Delhi,2022-07-12,potato
Potato,Vegetables,24.1,45.3,34.3,13.4,Delhi,2022-07-13,potato
Potato,Vegetables,26.3,35.4,33.1,8.4,Delhi,2022-07-14,potato
Potato,Vegetables,24.9,49.2,38.8,16.7,Delhi,2022-07-15,potato
Potato,Vegetables,24.2,42.1,32.2,12.5,Delhi,2022-07-16,potato
Potato,Vegetables,26.8,47.4,38.4,11.1,Delhi,2022-07-17,potato
Potato,Vegetables,26.3,39.8,35.1,8.7,Delhi,2022-07-18,potato
Potato,Vegetables,26.5,43.0,34.7,10.4,Delhi,2022-07-19,potato
Potato,Vegetables,23.7,30.2,28.0,4.6,Delhi,2022-07-20,potato
Potato,Vegetables,25.1,37.4,32.6,9.0,Delhi,2022-07-21,potato
Potato,Vegetables,22.4,47.1,36.3,16.7,Delhi,2022-07-22,potato
Potato,Vegetables,25.8,49.0,40.1,13.8,Delhi,2022-07-23,potato
Potato,Vegetables,23.3,47.3,37.7,17.2,Delhi,2022-07-24,potato
Potato,Vegetables,23.3,39.4,31.5,12.8,Delhi,2022-07-25,potato
Potato,Vegetables,25.1,34.5,32.5,7.4,Delhi,2022-07-26,potato
Potato,Vegetables,26.5,37.4,30.0,12.3,Delhi,2022-07-27,potato
Potato,Vegetables,23.9,38.6,30.6,13.7,Delhi,2022-07-28,potato
Potato,Vegetables,24.8,54.0,40.4,20.6,Delhi,2022-07-29,potato
Potato,Vegetables,25.0,58.1,45.0,16.9,Delhi,2022-07-30,potato
Potato,Vegetables,25.3,41.8,38.3,8.1,Delhi,2022-07-31,potato
Potato,Vegetables,26.6,30.0,27.4,7.0,Delhi,2022-08-01,potato
Potato,Vegetables,23.2,36.2,30.7,11.8,Delhi,2022-08-02,potato
Potato,Vegetables,26.3,34.4,31.8,6.9,Delhi,2022-08-03,potato
Potato,Vegetables,26.9,31.3,29.2,4.2,Delhi,2022-08-04,potato
Potato,Vegetables,23.7,38.2,34.1,6.4,Delhi,2022-08-05,potato
Potato,Vegetables,22.3,39.6,32.5,12.5,Delhi,2022-08-06,potato
Potato,Vegetables,25.5,45.4,36.9,11.8,Delhi,2022-08-07,potato
Potato,Vegetables,24.7,34.6,27.4,15.1,Delhi,2022-08-08,potato
Potato,Vegetables,24.9,42.9,32.2,17.0,Delhi,2022-08-09,potato
Potato,Vegetables,23.1,37.8,33.2,11.3,Delhi,2022-08-10,potato
Potato,Vegetables,24.6,45.7,34.6,15.2,Delhi,2022-08-11,potato
Potato,Vegetables,24.9,32.9,26.9,8.8,Delhi,2022-08-12,potato
Potato,Vegetables,22.5,43.0,37.8,12.9,Delhi,2022-08-13,potato
Potato,Vegetables,26.3,51.8,40.0,15.8,Delhi,2022-08-14,potato
Potato,Vegetables,25.1,40.9,33.2,14.2,Delhi,2022-08-15,potato
Potato,Vegetables,25.8,41.3,36.8,8.8,Delhi,2022-08-16,potato
Potato,Vegetables,25.8,42.2,32.4,17.2,Delhi,2022-08-17,potato
Potato,Vegetables,23.5,34.1,31.5,5.2,Delhi,2022-08-18,potato
Potato,Vegetables,24.7,30.7,27.5,8.6,Delhi,2022-08-19,potato
Potato,Vegetables,24.7,39.2,33.3,8.7,Delhi,2022-08-20,potato
Potato,Vegetables,26.5,33.8,31.9,4.8,Delhi,2022-08-21,potato
Potato,Vegetables,23.5,39.0,31.5,15.3,Delhi,2022-08-22,potato
Potato,Vegetables,23.4,32.0,26.7,12.7,Delhi,2022-08-23,potato
Potato,Vegetables,22.1,36.6,30.6,12.5,Delhi,2022-08-24,potato
Potato,Vegetables,25.0,52.9,42.8,16.2,Delhi,2022-08-25,potato
Potato,Vegetables,23.8,38.0,31.5,10.1,Delhi,2022-08-26,potato
Potato,Vegetables,26.8,39.0,34.5,12.0,Delhi,2022-08-27,potato
Potato,Vegetables,25.2,42.1,35.5,14.2,Delhi,2022-08-28,potato
Potato,Vegetables,26.4,47.0,35.6,15.3,Delhi,2022-08-29,potato
Potato,Vegetables,24.0,31.2,24.2,13.2,Delhi,2022-08-30,potato
Potato,Vegetables,22.3,43.4,35.6,12.2,Delhi,2022-08-31,potato
Potato,Vegetables,22.2,29.8,26.9,8.6,Delhi,2022-09-01,potato
Potato,Vegetables,24.2,33.0,28.6,9.6,Delhi,2022-09-02,potato
Potato,Vegetables,22.5,40.6,37.9,7.6,Delhi,2022-09-03,potato
Potato,Vegetables,24.8,43.2,33.5,16.9,Delhi,2022-09-04,potato
Potato,Vegetables,23.6,32.0,27.7,11.3,Delhi,2022-09-05,potato
Potato,Vegetables,26.8,41.2,34.5,10.3,Delhi,2022-09-06,potato
Potato,Vegetables,25.4,34.2,28.8,9.0,Delhi,2022-09-07,potato
Potato,Vegetables,22.6,36.9,33.6,9.2,Delhi,2022-09-08,potato
Potato,Vegetables,26.4,32.4,28.7,7.8,Delhi,2022-09-09,potato
Potato,Vegetables,25.9,44.4,34.0,17.9,Delhi,2022-09-10,potato
Potato,Vegetables,24.3,47.3,44.5,7.9,Delhi,2022-09-11,potato
Potato,Vegetables,25.6,34.4,30.3,6.2,Delhi,2022-09-12,potato
Potato,Vegetables,25.5,33.5,30.6,9.2,Delhi,2022-09-13,potato
Potato,Vegetables,23.2,34.5,32.5,8.6,Delhi,2022-09-14,potato
Potato,Vegetables,24.0,40.5,32.9,15.3,Delhi,2022-09-15,potato
Potato,Vegetables,24.6,37.0,29.3,10.3,Delhi,2022-09-16,potato
Potato,Vegetables,26.4,45.0,40.5,8.3,Delhi,2022-09-17,potato
Potato,Vegetables,26.7,41.7,34.1,15.5,Delhi,2022-09-18,potato
Potato,Vegetables,25.4,31.2,28.8,8.9,Delhi,2022-09-19,potato
Potato,Vegetables,24.1,51.6,41.5,16.5,Delhi,2022-09-20,potato
Potato,Vegetables,22.5,41.7,38.3,7.2,Delhi,2022-09-21,potato
Potato,Vegetables,24.4,37.0,27.9,11.3,Delhi,2022-09-22,potato
Potato,Vegetables,26.6,37.3,28.2,15.2,Delhi,2022-09-23,potato
Potato,Vegetables,22.2,51.1,44.6,11.1,Delhi,2022-09-24,potato
Potato,Vegetables,23.4,41.7,39.3,4.8,Delhi,2022-09-25,potato
Potato,Vegetables,22.2,48.2,42.2,13.0,Delhi,2022-09-26,potato
Potato,Vegetables,26.3,35.8,32.8,5.3,Delhi,2022-09-27,potato
Potato,Vegetables,23.6,38.9,32.5,9.3,Delhi,2022-09-28,potato
Potato,Vegetables,23.8,52.4,39.2,17.2,Delhi,2022-09-29,potato
Potato,Vegetables,24.9,45.0,38.7,9.4,Delhi,2022-09-30,potato
Potato,Vegetables,25.6,33.5,30.7,8.8,Delhi,2022-10-01,potato
Potato,Vegetables,26.7,39.1,30.0,14.1,Delhi,2022-10-02,potato
Potato,Vegetables,26.5,38.2,30.2,12.6,Delhi,2022-10-03,potato
Potato,Vegetables,25.0,36.8,30.0,12.3,Delhi,2022-10-04,potato
Potato,Vegetables,24.9,34.6,27.2,10.0,Delhi,2022-10-05,potato
Potato,Vegetables,22.4,36.8,34.4,5.8,Delhi,2022-10-06,potato
Potato,Vegetables,23.3,38.1,30.6,11.9,Delhi,2022-10-07,potato
Potato,Vegetables,23.0,60.6,47.1,16.2,Delhi,2022-10-08,potato
Potato,Vegetables,25.5,36.4,34.6,8.1,Delhi,2022-10-09,potato
Potato,Vegetables,25.3,34.7,27.1,10.0,Delhi,2022-10-10,potato
Potato,Vegetables,26.4,39.0,30.4,15.0,Delhi,2022-10-11,potato
Potato,Vegetables,25.7,39.5,31.2,14.7,Delhi,2022-10-12,potato
Potato,Vegetables,26.1,39.7,35.2,8.7,Delhi,2022-10-13,potato
Potato,Vegetables,25.9,36.8,31.5,13.1,Delhi,2022-10-14,potato
Potato,Vegetables,24.1,57.3,44.8,17.0,Delhi,2022-10-15,potato
Potato,Vegetables,23.6,58.1,43.2,17.8,Delhi,2022-10-16,potato
Potato,Vegetables,26.3,39.6,32.8,9.4,Delhi,2022-10-17,potato
Potato,Vegetables,25.9,37.5,34.2,9.6,Delhi,2022-10-18,potato
Potato,Vegetables,23.5,34.7,30.8,6.2,Delhi,2022-10-19,potato
Potato,Vegetables,24.4,32.9,29.4,8.4,Delhi,2022-10-20,potato
Potato,Vegetables,26.0,40.4,30.4,15.1,Delhi,2022-10-21,potato
Potato,Vegetables,24.0,49.8,38.4,18.3,Delhi,2022-10-22,potato
Potato,Vegetables,25.4,36.7,30.8,10.3,Delhi,2022-10-23,potato
Potato,Vegetables,26.0,36.1,29.6,13.5,Delhi,2022-10-24,potato
Potato,Vegetables,23.9,32.1,26.4,9.4,Delhi,2022-10-25,potato
Potato,Vegetables,26.1,35.3,33.1,7.1,Delhi,2022-10-26,potato
Potato,Vegetables,22.7,43.6,34.8,12.7,Delhi,2022-10-27,potato
Potato,Vegetables,25.8,33.9,31.2,8.0,Delhi,2022-10-28,potato
Potato,Vegetables,25.0,40.2,33.8,10.1,Delhi,2022-10-29,potato
Potato,Vegetables,22.2,54.5,42.9,19.0,Delhi,2022-10-30,potato
Potato,Vegetables,26.5,38.0,32.1,12.1,Delhi,2022-10-31,potato
Potato,Vegetables,24.0,41.5,32.5,11.1,Delhi,2022-11-01,potato
Potato,Vegetables,24.8,44.0,34.6,12.9,Delhi,2022-11-02,potato
Potato,Vegetables,22.1,35.2,29.9,10.7,Delhi,2022-11-03,potato
Potato,Vegetables,22.6,40.6,37.6,10.8,Delhi,2022-11-04,potato
Potato,Vegetables,23.7,42.3,36.7,10.1,Delhi,2022-11-05,potato
Potato,Vegetables,25.5,38.9,31.3,12.6,Delhi,2022-11-06,potato
Potato,Vegetables,26.0,34.7,32.0,7.1,Delhi,2022-11-07,potato
Potato,Vegetables,25.1,37.9,35.5,4.5,Delhi,2022-11-08,potato
Potato,Vegetables,26.6,33.3,28.1,8.4,Delhi,2022-11-09,potato
Potato,Vegetables,22.1,40.9,35.0,11.8,Delhi,2022-11-10,potato
Potato,Vegetables,26.7,32.2,28.0,9.3,Delhi,2022-11-11,potato
Potato,Vegetables,23.0,54.3,41.8,15.5,Delhi,2022-11-12,potato
Potato,Vegetables,23.5,41.5,33.5,15.7,Delhi,2022-11-13,potato
Potato,Vegetables,25.4,41.5,32.1,14.0,Delhi,2022-11-14,potato
Potato,Vegetables,23.8,44.2,36.7,12.3,Delhi,2022-11-15,potato
Potato,Vegetables,22.6,34.8,27.8,13.4,Delhi,2022-11-16,potato
Potato,Vegetables,23.0,37.9,34.4,8.2,Delhi,2022-11-17,potato
Potato,Vegetables,26.3,38.4,32.1,13.2,Delhi,2022-11-18,potato
Potato,Vegetables,23.1,38.8,36.5,5.7,Delhi,2022-11-19,potato
Potato,Vegetables,24.5,44.5,41.1,10.9,Delhi,2022-11-20,potato
Potato,Vegetables,26.4,38.6,32.5,14.0,Delhi,2022-11-21,potato
Potato,Vegetables,22.3,36.1,30.3,9.5,Delhi,2022-11-22,potato
Potato,Vegetables,25.6,43.0,32.2,15.5,Delhi,2022-11-23,potato
Potato,Vegetables,24.3,34.3,28.6,10.2,Delhi,2022-11-24,potato
Potato,Vegetables,24.2,34.9,32.2,6.4,Delhi,2022-11-25,potato
Potato,Vegetables,23.1,46.5,38.3,10.2,Delhi,2022-11-26,potato
Potato,Vegetables,26.5,46.7,40.5,9.1,Delhi,2022-11-27,potato
Potato,Vegetables,23.0,39.1,32.8,8.5,Delhi,2022-11-28,potato
Potato,Vegetables,25.8,44.3,33.6,16.0,Delhi,2022-11-29,potato
Potato,Vegetables,24.4,42.9,35.5,10.5,Delhi,2022-11-30,potato
Potato,Vegetables,24.5,43.5,37.7,8.4,Delhi,2022-12-01,potato
Potato,Vegetables,24.9,41.8,32.5,17.1,Delhi,2022-12-02,potato
Potato,Vegetables,22.5,43.7,41.4,8.6,Delhi,2022-12-03,potato
Potato,Vegetables,22.2,59.0,45.9,19.4,Delhi,2022-12-04,potato
Potato,Vegetables,25.4,33.4,30.8,4.9,Delhi,2022-12-05,potato
Potato,Vegetables,22.4,29.3,24.0,9.2,Delhi,2022-12-06,potato
Potato,Vegetables,24.9,45.6,34.7,17.2,Delhi,2022-12-07,potato
Potato,Vegetables,26.0,33.3,31.7,3.7,Delhi,2022-12-08,potato
Potato,Vegetables,24.3,42.9,36.2,14.3,Delhi,2022-12-09,potato
Potato,Vegetables,26.0,42.4,39.2,7.8,Delhi,2022-12-10,potato
Potato,Vegetables,26.9,32.4,28.5,8.8,Delhi,2022-12-11,potato
Potato,Vegetables,25.6,27.7,26.0,8.7,Delhi,2022-12-12,potato
Potato,Vegetables,26.5,32.5,30.3,9.2,Delhi,2022-12-13,potato
Potato,Vegetables,26.7,31.2,27.4,9.0,Delhi,2022-12-14,potato
Potato,Vegetables,23.5,39.3,30.5,11.7,Delhi,2022-12-15,potato
Potato,Vegetables,22.8,26.2,23.6,4.9,Delhi,2022-12-16,potato
Potato,Vegetables,25.2,45.0,35.8,13.9,Delhi,2022-12-17,potato
Potato,Vegetables,26.4,39.2,30.6,12.2,Delhi,2022-12-18,potato
Potato,Vegetables,22.7,37.0,31.8,12.1,Delhi,2022-12-19,potato
Potato,Vegetables,22.1,43.3,36.5,13.1,Delhi,2022-12-20,potato
Potato,Vegetables,26.2,39.9,30.6,11.5,Delhi,2022-12-21,potato
Potato,Vegetables,23.5,38.1,36.2,4.9,Delhi,2022-12-22,potato
Potato,Vegetables,25.6,36.6,31.2,8.1,Delhi,2022-12-23,potato
Potato,Vegetables,25.4,45.4,36.1,15.7,Delhi,2022-12-24,potato
Potato,Vegetables,25.8,50.4,37.6,16.1,Delhi,2022-12-25,potato
Potato,Vegetables,23.4,36.7,30.0,13.4,Delhi,2022-12-26,potato
Potato,Vegetables,23.7,39.8,30.3,13.0,Delhi,2022-12-27,potato
Potato,Vegetables,25.0,39.2,33.9,9.2,Delhi,2022-12-28,potato
Potato,Vegetables,23.8,47.0,36.8,14.9,Delhi,2022-12-29,potato
Potato,Vegetables,23.4,42.2,32.3,17.1,Delhi,2022-12-30,potato
Potato,Vegetables,24.3,36.3,33.2,7.0,Delhi,2022-12-31,potato
Potato,Vegetables,25.4,55.5,43.3,19.3,Delhi,2023-01-01,potato
Potato,Vegetables,22.2,32.6,26.0,10.1,Delhi,2023-01-02,potato
Potato,Vegetables,24.8,39.4,31.2,14.8,Delhi,2023-01-03,potato
Potato,Vegetables,23.4,39.5,32.1,9.6,Delhi,2023-01-04,potato
Potato,Vegetables,22.8,43.7,32.4,15.6,Delhi,2023-01-05,potato
Potato,Vegetables,24.5,36.5,31.8,9.9,Delhi,2023-01-06,potato
Potato,Vegetables,24.6,49.3,36.8,16.1,Delhi,2023-01-07,potato
Potato,Vegetables,24.8,33.8,31.7,8.2,Delhi,2023-01-08,potato
Potato,Vegetables,23.0,30.0,25.2,9.4,Delhi,2023-01-09,potato
Potato,Vegetables,24.3,31.6,26.7,7.2,Delhi,2023-01-10,potato
Potato,Vegetables,23.2,38.4,29.9,15.6,Delhi,2023-01-11,potato
Potato,Vegetables,25.5,38.6,35.5,8.3,Delhi,2023-01-12,potato
Potato,Vegetables,22.6,44.5,34.7,14.9,Delhi,2023-01-13,potato
Potato,Vegetables,26.0,43.0,35.9,9.3,Delhi,2023-01-14,potato
Potato,Vegetables,24.6,54.8,43.7,14.5,Delhi,2023-01-15,potato
Potato,Vegetables,26.8,45.1,34.8,14.1,Delhi,2023-01-16,potato
Potato,Vegetables,26.3,47.6,36.4,17.2,Delhi,2023-01-17,potato
Potato,Vegetables,24.3,50.2,37.4,15.5,Delhi,2023-01-18,potato
Potato,Vegetables,23.6,45.1,35.1,14.5,Delhi,2023-01-19,potato
Potato,Vegetables,25.3,41.2,32.9,13.8,Delhi,2023-01-20,potato
Potato,Vegetables,25.8,44.0,33.5,17.5,Delhi,2023-01-21,potato
Potato,Vegetables,22.7,42.7,37.1,12.9,Delhi,2023-01-22,potato
Potato,Vegetables,24.8,45.4,37.8,14.3,Delhi,2023-01-23,potato
Potato,Vegetables,24.7,32.9,29.4,6.6,Delhi,2023-01-24,potato
Potato,Vegetables,23.2,43.5,34.3,15.1,Delhi,2023-01-25,potato
Potato,Vegetables,23.2,35.8,30.5,9.6,Delhi,2023-01-26,potato
Potato,Vegetables,22.8,41.1,31.6,16.6,Delhi,2023-01-27,potato
Potato,Vegetables,22.6,56.2,42.9,15.7,Delhi,2023-01-28,potato
Potato,Vegetables,26.4,34.6,32.4,8.0,Delhi,2023-01-29,potato
Potato,Vegetables,22.2,40.1,32.2,11.0,Delhi,2023-01-30,potato
Potato,Vegetables,23.6,44.0,34.5,17.3,Delhi,2023-01-31,potato
Potato,Vegetables,26.8,43.0,32.1,13.1,Delhi,2023-02-01,potato
Potato,Vegetables,22.9,36.2,34.0,7.2,Delhi,2023-02-02,potato
Potato,Vegetables,26.7,46.6,35.9,18.3,Delhi,2023-02-03,potato
Potato,Vegetables,25.4,61.1,46.3,17.9,Delhi,2023-02-04,potato
Potato,Vegetables,24.5,34.5,31.0,10.9,Delhi,2023-02-05,potato
Potato,Vegetables,24.2,33.2,27.5,9.4,Delhi,2023-02-06,potato
Potato,Vegetables,26.7,37.6,30.8,14.2,Delhi,2023-02-07,potato
Potato,Vegetables,25.5,43.7,32.9,15.7,Delhi,2023-02-08,potato
Potato,Vegetables,26.8,41.3,38.4,8.6,Delhi,2023-02-09,potato
Potato,Vegetables,25.8,39.2,33.2,11.0,Delhi,2023-02-10,potato
Potato,Vegetables,24.0,40.9,37.6,5.5,Delhi,2023-02-11,potato
Potato,Vegetables,25.8,47.2,38.9,10.3,Delhi,2023-02-12,potato
Potato,Vegetables,23.9,40.7,32.4,14.0,Delhi,2023-02-13,potato
Potato,Vegetables,25.8,38.7,30.8,14.4,Delhi,2023-02-14,potato
Potato,Vegetables,22.4,47.3,38.8,10.6,Delhi,2023-02-15,potato
Potato,Vegetables,23.1,46.2,34.5,17.9,Delhi,2023-02-16,potato
Potato,Vegetables,25.4,29.5,28.1,6.0,Delhi,2023-02-17,potato
Potato,Vegetables,24.2,50.8,39.3,14.6,Delhi,2023-02-18,potato
Potato,Vegetables,23.4,42.0,37.3,8.3,Delhi,2023-02-19,potato
Potato,Vegetables,23.3,33.0,29.5,7.4,Delhi,2023-02-20,potato
Potato,Vegetables,24.7,34.2,29.0,12.3,Delhi,2023-02-21,potato
Potato,Vegetables,22.6,43.2,32.4,14.7,Delhi,2023-02-22,potato
Potato,Vegetables,22.1,39.6,32.5,11.0,Delhi,2023-02-23,potato
Potato,Vegetables,26.0,39.0,30.7,13.1,Delhi,2023-02-24,potato
Potato,Vegetables,24.8,33.4,30.6,7.1,Delhi,2023-02-25,potato
Potato,Vegetables,22.5,48.1,42.0,11.4,Delhi,2023-02-26,potato
Potato,Vegetables,24.7,28.5,25.4,6.4,Delhi,2023-02-27,potato
Potato,Vegetables,24.0,28.3,26.3,5.3,Delhi,2023-02-28,potato
Potato,Vegetables,24.0,30.8,28.1,5.9,Delhi,2023-03-01,potato
Potato,Vegetables,22.7,42.6,38.8,8.3,Delhi,2023-03-02,potato
Potato,Vegetables,23.3,40.7,36.1,10.6,Delhi,2023-03-03,potato
Potato,Vegetables,22.4,55.7,41.6,20.1,Delhi,2023-03-04,potato
Potato,Vegetables,23.6,47.2,41.8,11.4,Delhi,2023-03-05,potato
Potato,Vegetables,23.8,36.3,31.1,11.7,Delhi,2023-03-06,potato
Potato,Vegetables,26.4,34.6,28.9,11.4,Delhi,2023-03-07,potato
Potato,Vegetables,24.3,37.3,28.9,15.0,Delhi,2023-03-08,potato
Potato,Vegetables,24.0,42.7,35.0,12.9,Delhi,2023-03-09,potato
Potato,Vegetables,25.6,34.1,31.1,5.9,Delhi,2023-03-10,potato
Potato,Vegetables,23.7,40.9,33.6,11.1,Delhi,2023-03-11,potato
Potato,Vegetables,25.3,51.7,44.0,10.4,Delhi,2023-03-12,potato
Potato,Vegetables,23.1,41.6,38.6,9.9,Delhi,2023-03-13,potato
Potato,Vegetables,26.0,43.5,34.3,15.3,Delhi,2023-03-14,potato
Potato,Vegetables,23.2,35.0,31.7,9.1,Delhi,2023-03-15,potato
Potato,Vegetables,23.8,44.6,33.5,15.9,Delhi,2023-03-16,potato
Potato,Vegetables,22.9,39.4,32.7,11.0,Delhi,2023-03-17,potato
Potato,Vegetables,26.1,44.4,39.1,7.4,Delhi,2023-03-18,potato
Potato,Vegetables,24.5,41.5,36.7,11.2,Delhi,2023-03-19,potato
Potato,Vegetables,25.8,38.1,32.3,12.8,Delhi,2023-03-20,potato
Potato,Vegetables,22.9,31.8,27.8,7.3,Delhi,2023-03-21,potato
Potato,Vegetables,23.7,26.9,25.5,7.6,Delhi,2023-03-22,potato
Potato,Vegetables,25.4,28.4,24.1,11.9,Delhi,2023-03-23,potato
Potato,Vegetables,25.0,37.3,29.4,11.3,Delhi,2023-03-24,potato
Potato,Vegetables,22.5,48.7,38.5,16.8,Delhi,2023-03-25,potato
Potato,Vegetables,25.5,43.8,33.1,13.0,Delhi,2023-03-26,potato
Potato,Vegetables,26.2,34.0,27.1,12.0,Delhi,2023-03-27,potato
Potato,Vegetables,23.8,38.2,34.0,9.0,Delhi,2023-03-28,potato
Potato,Vegetables,23.2,30.4,25.7,11.9,Delhi,2023-03-29,potato
Potato,Vegetables,23.6,42.8,36.8,12.6,Delhi,2023-03-30,potato
Potato,Vegetables,23.0,35.4,29.5,12.6,Delhi,2023-03-31,potato
Potato,Vegetables,26.8,57.7,44.4,16.3,Delhi,2023-04-01,potato
Potato,Vegetables,23.2,54.8,45.6,16.6,Delhi,2023-04-02,potato
Potato,Vegetables,22.3,34.3,30.4,7.2,Delhi,2023-04-03,potato
Potato,Vegetables,25.7,38.3,29.9,12.6,Delhi,2023-04-04,potato
Potato,Vegetables,23.3,35.7,32.3,11.1,Delhi,2023-04-05,potato
Potato,Vegetables,26.6,42.0,35.7,11.7,Delhi,2023-04-06,potato
Potato,Vegetables,25.5,47.5,35.6,18.3,Delhi,2023-04-07,potato
Potato,Vegetables,22.6,44.7,37.2,12.7,Delhi,2023-04-08,potato
Potato,Vegetables,25.8,39.4,37.4,9.2,Delhi,2023-04-09,potato
Potato,Vegetables,25.3,38.4,32.0,9.9,Delhi,2023-04-10,potato
Potato,Vegetables,26.6,34.9,26.7,12.1,Delhi,2023-04-11,potato
Potato,Vegetables,24.4,44.8,38.0,12.1,Delhi,2023-04-12,potato
Potato,Vegetables,24.1,41.4,32.4,14.3,Delhi,2023-04-13,potato
Potato,Vegetables,26.1,35.6,32.6,6.6,Delhi,2023-04-14,potato
Potato,Vegetables,26.8,50.9,38.1,16.2,Delhi,2023-04-15,potato
Potato,Vegetables,24.2,39.2,35.5,6.2,Delhi,2023-04-16,potato
Potato,Vegetables,24.9,32.4,28.9,11.5,Delhi,2023-04-17,potato
Potato,Vegetables,24.6,42.4,34.3,10.9,Delhi,2023-04-18,potato
Potato,Vegetables,24.5,36.4,30.8,12.2,Delhi,2023-04-19,potato
Potato,Vegetables,25.4,35.3,29.3,10.5,Delhi,2023-04-20,potato
Potato,Vegetables,22.6,31.7,24.0,13.7,Delhi,2023-04-21,potato
Potato,Vegetables,24.3,37.7,31.2,13.0,Delhi,2023-04-22,potato
Potato,Vegetables,24.6,46.5,38.9,12.4,Delhi,2023-04-23,potato
Potato,Vegetables,25.7,38.4,34.2,9.9,Delhi,2023-04-24,potato
Potato,Vegetables,25.8,41.7,34.2,14.2,Delhi,2023-04-25,potato
Potato,Vegetables,26.2,35.6,28.9,10.4,Delhi,2023-04-26,potato
Potato,Vegetables,26.6,30.4,27.4,7.1,Delhi,2023-04-27,potato
Potato,Vegetables,26.9,34.1,29.8,11.2,Delhi,2023-04-28,potato
Potato,Vegetables,23.5,35.0,31.9,10.7,Delhi,2023-04-29,potato
Potato,Vegetables,23.6,37.5,34.0,10.3,Delhi,2023-04-30,potato
Potato,Vegetables,22.3,42.4,36.9,12.2,Delhi,2023-05-01,potato
Potato,Vegetables,24.5,38.4,30.1,11.3,Delhi,2023-05-02,potato
Potato,Vegetables,26.0,38.7,31.7,13.4,Delhi,2023-05-03,potato
Potato,Vegetables,23.1,49.5,37.4,15.5,Delhi,2023-05-04,potato
Potato,Vegetables,25.9,31.8,29.4,7.0,Delhi,2023-05-05,potato
Potato,Vegetables,26.6,39.6,35.7,6.8,Delhi,2023-05-06,potato
Potato,Vegetables,24.4,41.7,38.7,7.1,Delhi,2023-05-07,potato
Potato,Vegetables,22.2,41.2,34.8,8.8,Delhi,2023-05-08,potato
Potato,Vegetables,25.2,40.6,30.4,15.0,Delhi,2023-05-09,potato
Potato,Vegetables,25.1,38.6,30.9,12.3,Delhi,2023-05-10,potato
Potato,Vegetables,26.7,40.2,33.5,14.0,Delhi,2023-05-11,potato
Potato,Vegetables,24.5,36.7,27.7,14.9,Delhi,2023-05-12,potato
Potato,Vegetables,22.2,48.8,46.3,8.6,Delhi,2023-05-13,potato
Potato,Vegetables,22.6,41.4,34.2,10.2,Delhi,2023-05-14,potato
Potato,Vegetables,23.3,43.6,36.9,12.7,Delhi,2023-05-15,potato
Potato,Vegetables,22.8,38.1,29.1,14.9,Delhi,2023-05-16,potato
Potato,Vegetables,24.3,39.1,29.3,16.2,Delhi,2023-05-17,potato
Potato,Vegetables,26.6,33.7,26.9,10.0,Delhi,2023-05-18,potato
Potato,Vegetables,23.7,39.9,33.2,9.6,Delhi,2023-05-19,potato
Potato,Vegetables,22.2,45.9,43.5,5.1,Delhi,2023-05-20,potato
Potato,Vegetables,26.0,39.2,34.3,12.5,Delhi,2023-05-21,potato
Potato,Vegetables,23.9,31.5,29.5,9.3,Delhi,2023-05-22,potato
Potato,Vegetables,26.5,42.5,33.7,15.4,Delhi,2023-05-23,potato
Potato,Vegetables,22.1,38.4,32.4,11.2,Delhi,2023-05-24,potato
Potato,Vegetables,23.4,48.6,38.6,13.8,Delhi,2023-05-25,potato
Potato,Vegetables,24.8,36.6,33.1,6.5,Delhi,2023-05-26,potato
Potato,Vegetables,22.2,38.0,35.0,6.4,Delhi,2023-05-27,potato
Potato,Vegetables,23.1,48.6,36.5,14.8,Delhi,2023-05-28,potato
Potato,Vegetables,25.4,37.2,30.7,11.8,Delhi,2023-05-29,potato
Potato,Vegetables,22.6,42.6,35.8,11.5,Delhi,2023-05-30,potato
Potato,Vegetables,24.7,34.1,28.9,12.0,Delhi,2023-05-31,potato
Potato,Vegetables,25.7,42.0,34.8,13.0,Delhi,2023-06-01,potato
Potato,Vegetables,26.2,34.4,28.8,12.1,Delhi,2023-06-02,potato
Potato,Vegetables,25.1,46.8,43.3,9.0,Delhi,2023-06-03,potato
Potato,Vegetables,22.3,40.8,37.2,9.2,Delhi,2023-06-04,potato
Potato,Vegetables,23.6,43.4,35.9,9.9,Delhi,2023-06-05,potato
Potato,Vegetables,25.3,28.8,23.9,9.2,Delhi,2023-06-06,potato
Potato,Vegetables,22.4,39.1,35.5,6.9,Delhi,2023-06-07,potato
Potato,Vegetables,23.1,41.0,31.1,16.1,Delhi,2023-06-08,potato
Potato,Vegetables,26.3,26.1,20.1,10.0,Delhi,2023-06-09,potato
Potato,Vegetables,22.2,35.4,30.8,10.9,Delhi,2023-06-10,potato
Potato,Vegetables,22.7,44.7,41.4,5.9,Delhi,2023-06-11,potato
Potato,Vegetables,23.0,40.1,34.7,10.6,Delhi,2023-06-12,potato
Potato,Vegetables,24.4,42.6,33.5,13.2,Delhi,2023-06-13,potato
Potato,Vegetables,24.3,41.2,38.9,5.0,Delhi,2023-06-14,potato
Potato,Vegetables,23.9,37.2,28.7,16.2,Delhi,2023-06-15,potato
Potato,Vegetables,24.9,33.5,31.4,8.5,Delhi,2023-06-16,potato
Potato,Vegetables,23.1,38.6,36.2,6.1,Delhi,2023-06-17,potato
Potato,Vegetables,24.1,57.3,45.1,15.0,Delhi,2023-06-18,potato
Potato,Vegetables,23.5,39.5,33.1,14.0,Delhi,2023-06-19,potato
Potato,Vegetables,25.6,36.4,28.4,11.0,Delhi,2023-06-20,potato
Potato,Vegetables,23.4,40.8,31.1,16.4,Delhi,2023-06-21,potato
Potato,Vegetables,22.4,42.9,32.9,12.0,Delhi,2023-06-22,potato
Potato,Vegetables,22.6,42.0,32.7,12.4,Delhi,2023-06-23,potato
Potato,Vegetables,25.8,37.3,33.7,11.5,Delhi,2023-06-24,potato
Potato,Vegetables,26.2,43.9,39.1,7.5,Delhi,2023-06-25,potato
Potato,Vegetables,24.3,44.1,37.7,12.4,Delhi,2023-06-26,potato
Potato,Vegetables,22.9,45.2,39.7,12.2,Delhi,2023-06-27,potato
Potato,Vegetables,24.2,37.5,34.1,6.6,Delhi,2023-06-28,potato
Potato,Vegetables,23.4,44.3,33.2,18.5,Delhi,2023-06-29,potato
Potato,Vegetables,23.6,36.1,27.6,16.2,Delhi,2023-06-30,potato
Potato,Vegetables,23.5,44.2,35.9,12.5,Delhi,2023-07-01,potato
Potato,Vegetables,26.9,44.5,41.6,10.3,Delhi,2023-07-02,potato
Potato,Vegetables,22.4,42.1,31.5,17.8,Delhi,2023-07-03,potato
Potato,Vegetables,26.4,42.0,34.2,15.5,Delhi,2023-07-04,potato
Potato,Vegetables,26.0,37.0,30.6,13.6,Delhi,2023-07-05,potato
Potato,Vegetables,24.9,41.8,32.4,17.2,Delhi,2023-07-06,potato
Potato,Vegetables,25.9,32.0,28.3,9.7,Delhi,2023-07-07,potato
Potato,Vegetables,22.1,41.4,37.4,8.0,Delhi,2023-07-08,potato
Potato,Vegetables,26.3,34.6,30.8,6.9,Delhi,2023-07-09,potato
Potato,Vegetables,24.9,34.5,32.3,9.8,Delhi,2023-07-10,potato
Potato,Vegetables,22.7,39.0,31.2,14.7,Delhi,2023-07-11,potato
Potato,Vegetables,24.8,40.2,33.1,10.1,Delhi,2023-07-12,potato
Potato,Vegetables,24.1,36.7,30.8,11.7,Delhi,2023-07-13,potato
Potato,Vegetables,22.5,41.6,33.3,11.4,Delhi,2023-07-14,potato
Potato,Vegetables,24.0,36.2,31.1,12.2,Delhi,2023-07-15,potato
Potato,Vegetables,23.6,55.1,44.2,18.0,Delhi,2023-07-16,potato
Potato,Vegetables,22.8,41.9,37.6,11.3,Delhi,2023-07-17,potato
Potato,Vegetables,22.5,44.2,33.6,17.5,Delhi,2023-07-18,potato
Potato,Vegetables,24.8,28.3,25.5,7.5,Delhi,2023-07-19,potato
Potato,Vegetables,25.2,48.2,35.7,19.4,Delhi,2023-07-20,potato
Potato,Vegetables,24.2,35.2,30.0,9.7,Delhi,2023-07-21,potato
Potato,Vegetables,26.9,43.7,37.4,8.8,Delhi,2023-07-22,potato
Potato,Vegetables,22.4,44.3,33.8,15.4,Delhi,2023-07-23,potato
Potato,Vegetables,23.7,46.1,36.1,14.5,Delhi,2023-07-24,potato
Potato,Vegetables,25.6,45.6,34.9,17.8,Delhi,2023-07-25,potato
Potato,Vegetables,25.3,46.7,34.9,13.9,Delhi,2023-07-26,potato
Potato,Vegetables,26.5,37.9,29.3,13.0,Delhi,2023-07-27,potato
Potato,Vegetables,24.1,34.0,30.1,7.2,Delhi,2023-07-28,potato
Potato,Vegetables,22.6,50.6,40.1,16.9,Delhi,2023-07-29,potato
Potato,Vegetables,23.9,42.1,31.7,14.4,Delhi,2023-07-30,potato
Potato,Vegetables,22.6,44.3,33.0,15.7,Delhi,2023-07-31,potato
Potato,Vegetables,25.7,36.4,33.6,9.9,Delhi,2023-08-01,potato
Potato,Vegetables,22.9,34.4,25.7,15.8,Delhi,2023-08-02,potato
Potato,Vegetables,25.9,42.5,32.9,16.9,Delhi,2023-08-03,potato
Potato,Vegetables,26.2,33.8,27.2,9.3,Delhi,2023-08-04,potato
Potato,Vegetables,23.1,45.0,35.1,15.8,Delhi,2023-08-05,potato
Potato,Vegetables,25.2,44.3,37.6,10.4,Delhi,2023-08-06,potato
Potato,Vegetables,23.7,38.1,33.6,6.7,Delhi,2023-08-07,potato
Potato,Vegetables,23.3,42.5,34.4,15.5,Delhi,2023-08-08,potato
Potato,Vegetables,23.3,43.2,35.3,10.1,Delhi,2023-08-09,potato
Potato,Vegetables,26.4,29.2,26.0,10.3,Delhi,2023-08-10,potato
Potato,Vegetables,22.6,42.5,32.0,14.7,Delhi,2023-08-11,potato
Potato,Vegetables,23.3,41.2,33.9,12.8,Delhi,2023-08-12,potato
Potato,Vegetables,24.2,35.3,29.8,9.2,Delhi,2023-08-13,potato
Potato,Vegetables,23.9,44.9,41.2,10.3,Delhi,2023-08-14,potato
Potato,Vegetables,25.3,32.3,28.3,8.8,Delhi,2023-08-15,potato
Potato,Vegetables,26.6,49.6,39.5,14.8,Delhi,2023-08-16,potato
Potato,Vegetables,23.0,44.3,33.5,17.2,Delhi,2023-08-17,potato
Potato,Vegetables,24.8,40.7,31.4,11.4,Delhi,2023-08-18,potato
Potato,Vegetables,26.2,24.8,23.3,7.2,Delhi,2023-08-19,potato
Potato,Vegetables,23.7,43.0,35.3,14.8,Delhi,2023-08-20,potato
Potato,Vegetables,24.5,35.2,32.7,4.7,Delhi,2023-08-21,potato
Potato,Vegetables,25.1,29.1,26.2,7.8,Delhi,2023-08-22,potato
Potato,Vegetables,23.4,34.5,30.9,8.7,Delhi,2023-08-23,potato
Potato,Vegetables,23.5,40.7,33.2,10.8,Delhi,2023-08-24,potato
Potato,Vegetables,24.9,39.4,29.5,17.6,Delhi,2023-08-25,potato
Potato,Vegetables,24.6,39.1,37.0,6.6,Delhi,2023-08-26,potato
Potato,Vegetables,26.4,38.4,32.3,11.4,Delhi,2023-08-27,potato
Potato,Vegetables,22.8,34.0,27.8,12.7,Delhi,2023-08-28,potato
Potato,Vegetables,23.3,34.8,28.8,10.0,Delhi,2023-08-29,potato
Potato,Vegetables,24.4,33.9,31.9,9.0,Delhi,2023-08-30,potato
Potato,Vegetables,25.1,35.6,26.7,14.5,Delhi,2023-08-31,potato
Potato,Vegetables,23.0,47.3,40.7,11.9,Delhi,2023-09-01,potato
Potato,Vegetables,22.9,48.1,37.5,18.1,Delhi,2023-09-02,potato
Potato,Vegetables,23.6,43.0,36.9,11.8,Delhi,2023-09-03,potato
Potato,Vegetables,24.8,27.4,25.5,4.7,Delhi,2023-09-04,potato
Potato,Vegetables,22.3,43.8,33.5,15.5,Delhi,2023-09-05,potato
Potato,Vegetables,23.0,42.3,34.2,13.1,Delhi,2023-09-06,potato
Potato,Vegetables,24.0,46.4,37.6,11.7,Delhi,2023-09-07,potato
Potato,Vegetables,26.0,32.6,26.3,11.5,Delhi,2023-09-08,potato
Potato,Vegetables,25.7,42.3,32.7,13.6,Delhi,2023-09-09,potato
Potato,Vegetables,26.1,37.4,32.6,10.1,Delhi,2023-09-10,potato
Potato,Vegetables,23.2,38.9,29.5,13.6,Delhi,2023-09-11,potato
Potato,Vegetables,24.3,35.7,33.8,9.8,Delhi,2023-09-12,potato
Potato,Vegetables,26.0,45.2,34.0,16.4,Delhi,2023-09-13,potato
Potato,Vegetables,23.2,38.3,32.0,10.2,Delhi,2023-09-14,potato
Potato,Vegetables,24.2,40.2,30.9,16.9,Delhi,2023-09-15,potato
Potato,Vegetables,25.9,46.8,38.7,13.5,Delhi,2023-09-16,potato
Potato,Vegetables,26.0,33.4,26.1,10.9,Delhi,2023-09-17,potato
Potato,Vegetables,26.4,41.8,33.3,14.2,Delhi,2023-09-18,potato
Potato,Vegetables,24.6,42.7,33.7,11.1,Delhi,2023-09-19,potato
Potato,Vegetables,23.8,35.4,27.2,14.0,Delhi,2023-09-20,potato
Potato,Vegetables,25.0,43.5,33.8,14.1,Delhi,2023-09-21,potato
Potato,Vegetables,23.0,29.6,27.6,7.0,Delhi,2023-09-22,potato
Potato,Vegetables,25.4,43.6,35.7,10.8,Delhi,2023-09-23,potato
Potato,Vegetables,23.4,40.3,32.7,14.0,Delhi,2023-09-24,potato
Potato,Vegetables,25.1,44.0,33.8,17.2,Delhi,2023-09-25,potato
Potato,Vegetables,25.9,45.5,37.2,16.3,Delhi,2023-09-26,potato
Potato,Vegetables,22.3,45.6,35.1,17.4,Delhi,2023-09-27,potato
Potato,Vegetables,26.3,34.0,28.9,12.7,Delhi,2023-09-28,potato
Potato,Vegetables,23.1,36.1,32.8,9.7,Delhi,2023-09-29,potato
Potato,Vegetables,23.5,46.1,41.3,7.8,Delhi,2023-09-30,potato
Potato,Vegetables,22.2,51.9,38.6,17.9,Delhi,2023-10-01,potato
Potato,Vegetables,26.1,49.5,36.9,14.7,Delhi,2023-10-02,potato
Potato,Vegetables,22.6,47.1,36.2,15.1,Delhi,2023-10-03,potato
Potato,Vegetables,23.0,40.1,31.1,14.6,Delhi,2023-10-04,potato
Potato,Vegetables,22.2,46.2,34.3,19.4,Delhi,2023-10-05,potato
Potato,Vegetables,22.9,47.0,37.5,15.4,Delhi,2023-10-06,potato
Potato,Vegetables,22.6,46.0,39.3,12.0,Delhi,2023-10-07,potato
Potato,Vegetables,23.2,41.9,34.4,11.8,Delhi,2023-10-08,potato
Potato,Vegetables,26.3,39.2,33.6,11.1,Delhi,2023-10-09,potato
Potato,Vegetables,23.5,39.8,30.8,16.1,Delhi,2023-10-10,potato
Potato,Vegetables,26.0,32.0,25.8,14.0,Delhi,2023-10-11,potato
Potato,Vegetables,25.2,46.9,35.1,15.6,Delhi,2023-10-12,potato
Potato,Vegetables,26.1,42.9,34.0,13.8,Delhi,2023-10-13,potato
Potato,Vegetables,25.4,52.4,39.4,17.5,Delhi,2023-10-14,potato
Potato,Vegetables,26.6,46.7,41.5,11.4,Delhi,2023-10-15,potato
Potato,Vegetables,24.7,35.9,31.6,8.0,Delhi,2023-10-16,potato
Potato,Vegetables,22.4,26.9,23.7,11.0,Delhi,2023-10-17,potato
Potato,Vegetables,26.0,45.0,37.3,12.8,Delhi,2023-10-18,potato
Potato,Vegetables,23.0,45.0,34.1,13.4,Delhi,2023-10-19,potato
Potato,Vegetables,22.3,44.8,33.5,14.5,Delhi,2023-10-20,potato
Potato,Vegetables,24.7,41.3,38.7,5.5,Delhi,2023-10-21,potato
Potato,Vegetables,24.5,35.8,33.7,5.3,Delhi,2023-10-22,potato
Potato,Vegetables,22.7,42.9,37.1,8.1,Delhi,2023-10-23,potato
Potato,Vegetables,25.4,32.6,30.7,7.2,Delhi,2023-10-24,potato
Potato,Vegetables,22.7,47.6,35.6,17.2,Delhi,2023-10-25,potato
Potato,Vegetables,24.6,34.9,32.9,8.6,Delhi,2023-10-26,potato
Potato,Vegetables,26.7,46.2,35.8,17.1,Delhi,2023-10-27,potato
Potato,Vegetables,25.7,39.5,35.4,10.6,Delhi,2023-10-28,potato
Potato,Vegetables,22.8,46.3,35.7,17.9,Delhi,2023-10-29,potato
Potato,Vegetables,25.4,43.4,32.3,13.7,Delhi,2023-10-30,potato
Potato,Vegetables,25.5,33.6,26.9,13.5,Delhi,2023-10-31,potato
Potato,Vegetables,22.9,42.4,32.9,12.1,Delhi,2023-11-01,potato
Potato,Vegetables,24.9,36.5,29.9,11.1,Delhi,2023-11-02,potato
Potato,Vegetables,25.0,38.6,32.8,9.3,Delhi,2023-11-03,potato
Potato,Vegetables,23.3,41.2,36.4,7.5,Delhi,2023-11-04,potato
Potato,Vegetables,22.5,44.5,36.7,14.1,Delhi,2023-11-05,potato
Potato,Vegetables,25.1,29.9,24.1,13.2,Delhi,2023-11-06,potato
Potato,Vegetables,25.1,41.0,38.4,8.0,Delhi,2023-11-07,potato
Potato,Vegetables,24.6,50.1,40.0,12.3,Delhi,2023-11-08,potato
Potato,Vegetables,24.4,33.7,26.0,12.9,Delhi,2023-11-09,potato
Potato,Vegetables,22.4,38.0,31.4,12.1,Delhi,2023-11-10,potato
Potato,Vegetables,25.5,51.5,41.2,13.5,Delhi,2023-11-11,potato
Potato,Vegetables,26.1,38.3,35.2,8.8,Delhi,2023-11-12,potato
Potato,Vegetables,23.8,46.2,36.3,13.8,Delhi,2023-11-13,potato
Potato,Vegetables,23.3,36.1,33.6,8.6,Delhi,2023-11-14,potato
Potato,Vegetables,25.7,39.0,34.8,12.0,Delhi,2023-11-15,potato
Potato,Vegetables,23.9,38.8,31.5,12.4,Delhi,2023-11-16,potato
Potato,Vegetables,26.8,37.2,31.7,8.6,Delhi,2023-11-17,potato
Potato,Vegetables,26.1,47.1,37.3,13.8,Delhi,2023-11-18,potato
Potato,Vegetables,26.1,39.8,32.4,11.8,Delhi,2023-11-19,potato
Potato,Vegetables,23.6,38.7,33.4,9.2,Delhi,2023-11-20,potato
Potato,Vegetables,26.6,31.4,27.7,11.0,Delhi,2023-11-21,potato
Potato,Vegetables,26.8,34.0,29.4,12.5,Delhi,2023-11-22,potato
Potato,Vegetables,24.0,41.9,33.6,12.2,Delhi,2023-11-23,potato
Potato,Vegetables,23.9,38.9,34.3,8.1,Delhi,2023-11-24,potato
Potato,Vegetables,22.2,43.9,39.5,8.0,Delhi,2023-11-25,potato
Potato,Vegetables,22.4,40.9,34.0,10.0,Delhi,2023-11-26,potato
Potato,Vegetables,26.6,35.9,31.4,7.1,Delhi,2023-11-27,potato
Potato,Vegetables,26.1,40.5,35.4,10.1,Delhi,2023-11-28,potato
Potato,Vegetables,24.2,37.1,30.5,11.0,Delhi,2023-11-29,potato
Potato,Vegetables,24.5,35.9,28.6,13.6,Delhi,2023-11-30,potato
Potato,Vegetables,25.7,44.8,37.6,9.2,Delhi,2023-12-01,potato
Potato,Vegetables,25.7,45.8,37.9,13.3,Delhi,2023-12-02,potato
Potato,Vegetables,25.2,54.1,40.1,16.4,Delhi,2023-12-03,potato
Potato,Vegetables,22.2,40.5,32.8,14.2,Delhi,2023-12-04,potato
Potato,Vegetables,25.6,41.2,33.1,12.9,Delhi,2023-12-05,potato
Potato,Vegetables,24.8,37.2,34.2,6.7,Delhi,2023-12-06,potato
Potato,Vegetables,24.0,42.2,33.8,12.8,Delhi,2023-12-07,potato
Potato,Vegetables,23.2,30.8,25.5,8.0,Delhi,2023-12-08,potato
Potato,Vegetables,24.0,43.2,33.9,15.7,Delhi,2023-12-09,potato
Potato,Vegetables,25.8,35.0,26.9,11.1,Delhi,2023-12-10,potato
Potato,Vegetables,25.6,38.3,29.1,12.9,Delhi,2023-12-11,potato
Potato,Vegetables,23.0,35.0,26.7,11.8,Delhi,2023-12-12,potato
Potato,Vegetables,23.6,42.8,32.5,13.5,Delhi,2023-12-13,potato
Potato,Vegetables,26.3,31.9,26.7,9.4,Delhi,2023-12-14,potato
Potato,Vegetables,23.0,33.9,29.4,10.8,Delhi,2023-12-15,potato
Potato,Vegetables,26.1,40.9,38.9,6.6,Delhi,2023-12-16,potato
Potato,Vegetables,22.9,44.7,41.7,9.4,Delhi,2023-12-17,potato
Potato,Vegetables,25.9,37.8,34.9,5.8,Delhi,2023-12-18,potato
Potato,Vegetables,24.9,34.1,31.4,5.2,Delhi,2023-12-19,potato
Potato,Vegetables,23.0,37.1,30.3,14.7,Delhi,2023-12-20,potato
Potato,Vegetables,26.2,38.6,33.3,9.1,Delhi,2023-12-21,potato
Potato,Vegetables,26.0,30.3,26.4,9.9,Delhi,2023-12-22,potato
Potato,Vegetables,22.8,49.6,39.4,16.5,Delhi,2023-12-23,potato
Potato,Vegetables,23.4,52.4,41.1,18.0,Delhi,2023-12-24,potato
Potato,Vegetables,24.6,34.6,31.1,9.0,Delhi,2023-12-25,potato
Potato,Vegetables,25.8,28.6,21.3,9.9,Delhi,2023-12-26,potato
Potato,Vegetables,23.6,36.4,28.1,14.0,Delhi,2023-12-27,potato
Potato,Vegetables,24.8,38.7,30.7,11.4,Delhi,2023-12-28,potato
Potato,Vegetables,22.3,32.6,30.5,5.6,Delhi,2023-12-29,potato
Potato,Vegetables,22.7,38.6,33.5,9.8,Delhi,2023-12-30,potato
Potato,Vegetables,25.6,39.0,34.9,9.0,Delhi,2023-12-31,potato
Potato,Vegetables,25.5,31.1,27.3,7.0,Mumbai,2022-01-01,potato
Potato,Vegetables,22.2,55.6,41.4,20.7,Mumbai,2022-01-02,potato
Potato,Vegetables,26.5,38.9,34.5,9.5,Mumbai,2022-01-03,potato
Potato,Vegetables,23.1,40.5,31.6,13.9,Mumbai,2022-01-04,potato
Potato,Vegetables,24.7,44.5,33.2,15.7,Mumbai,2022-01-05,potato
Potato,Vegetables,24.3,42.3,34.3,12.7,Mumbai,2022-01-06,potato
Potato,Vegetables,24.1,43.3,35.8,13.1,Mumbai,2022-01-07,potato
Potato,Vegetables,23.1,40.6,36.1,8.5,Mumbai,2022-01-08,potato
Potato,Vegetables,24.3,44.4,38.8,9.9,Mumbai,2022-01-09,potato
Potato,Vegetables,25.6,38.4,33.8,10.3,Mumbai,2022-01-10,potato
Potato,Vegetables,26.4,49.0,36.9,16.1,Mumbai,2022-01-11,potato
Potato,Vegetables,25.7,31.7,24.8,14.5,Mumbai,2022-01-12,potato
Potato,Vegetables,26.2,37.7,33.6,10.1,Mumbai,2022-01-13,potato
Potato,Vegetables,23.4,44.2,37.4,13.1,Mumbai,2022-01-14,potato
Potato,Vegetables,25.3,37.8,31.6,9.8,Mumbai,2022-01-15,potato
Potato,Vegetables,23.3,41.9,36.5,11.6,Mumbai,2022-01-16,potato
Potato,Vegetables,24.5,43.9,34.8,14.1,Mumbai,2022-01-17,potato
Potato,Vegetables,24.1,40.2,31.0,12.2,Mumbai,2022-01-18,potato
Potato,Vegetables,25.3,35.9,31.4,11.3,Mumbai,2022-01-19,potato
Potato,Vegetables,26.8,35.4,33.4,4.2,Mumbai,2022-01-20,potato
Potato,Vegetables,26.2,43.5,34.6,13.7,Mumbai,2022-01-21,potato
Potato,Vegetables,22.9,45.7,39.2,13.2,Mumbai,2022-01-22,potato
Potato,Vegetables,23.2,40.1,33.7,8.9,Mumbai,2022-01-23,potato
Potato,Vegetables,24.3,43.2,35.0,13.6,Mumbai,2022-01-24,potato
Potato,Vegetables,24.0,34.1,26.6,14.2,Mumbai,2022-01-25,potato
Potato,Vegetables,24.4,33.4,28.7,10.5,Mumbai,2022-01-26,potato
Potato,Vegetables,24.8,34.6,26.9,11.6,Mumbai,2022-01-27,potato
Potato,Vegetables,24.1,39.2,36.0,10.3,Mumbai,2022-01-28,potato
Potato,Vegetables,25.2,50.0,39.6,15.1,Mumbai,2022-01-29,potato
Potato,Vegetables,26.8,39.5,34.3,7.8,Mumbai,2022-01-30,potato
Potato,Vegetables,25.6,44.1,33.2,13.6,Mumbai,2022-01-31,potato
Potato,Vegetables,25.0,37.7,33.8,8.3,Mumbai,2022-02-01,potato
Potato,Vegetables,23.4,32.5,28.5,6.4,Mumbai,2022-02-02,potato
Potato,Vegetables,24.4,35.7,31.3,9.9,Mumbai,2022-02-03,potato
Potato,Vegetables,24.3,38.7,30.3,14.2,Mumbai,2022-02-04,potato
Potato,Vegetables,22.2,50.9,37.8,19.0,Mumbai,2022-02-05,potato
Potato,Vegetables,23.1,45.3,42.8,10.2,Mumbai,2022-02-06,potato
Potato,Vegetables,22.4,41.8,33.6,12.3,Mumbai,2022-02-07,potato
Potato,Vegetables,22.3,39.8,31.3,12.0,Mumbai,2022-02-08,potato
Potato,Vegetables,24.9,45.0,34.9,15.5,Mumbai,2022-02-09,potato
Potato,Vegetables,23.6,38.7,29.7,14.7,Mumbai,2022-02-10,potato
Potato,Vegetables,24.5,33.4,29.7,8.3,Mumbai,2022-02-11,potato
Potato,Vegetables,25.1,40.6,36.2,10.3,Mumbai,2022-02-12,potato
Potato,Vegetables,25.0,39.2,34.4,7.0,Mumbai,2022-02-13,potato
Potato,Vegetables,23.0,36.9,33.5,8.3,Mumbai,2022-02-14,potato
Potato,Vegetables,25.0,35.5,27.0,12.0,Mumbai,2022-02-15,potato
Potato,Vegetables,23.0,38.3,30.8,13.5,Mumbai,2022-02-16,potato
Potato,Vegetables,23.1,30.8,28.3,7.2,Mumbai,2022-02-17,potato
Potato,Vegetables,22.8,39.7,34.6,9.5,Mumbai,2022-02-18,potato
Potato,Vegetables,25.3,46.7,42.2,11.8,Mumbai,2022-02-19,potato
Potato,Vegetables,24.4,44.7,37.7,11.8,Mumbai,2022-02-20,potato
Potato,Vegetables,23.8,48.6,38.3,17.4,Mumbai,2022-02-21,potato
Potato,Vegetables,26.2,35.6,32.1,5.6,Mumbai,2022-02-22,potato
Potato,Vegetables,23.4,34.7,30.5,11.1,Mumbai,2022-02-23,potato
Potato,Vegetables,25.6,34.0,30.2,9.4,Mumbai,2022-02-24,potato
Potato,Vegetables,24.7,36.9,29.4,15.0,Mumbai,2022-02-25,potato
Potato,Vegetables,24.1,49.2,40.6,12.4,Mumbai,2022-02-26,potato
Potato,Vegetables,24.0,49.5,38.8,17.0,Mumbai,2022-02-27,potato
Potato,Vegetables,25.7,41.2,32.2,16.1,Mumbai,2022-02-28,potato
Potato,Vegetables,24.8,40.0,32.2,15.6,Mumbai,2022-03-01,potato
Potato,Vegetables,26.3,38.8,33.5,10.6,Mumbai,2022-03-02,potato
Potato,Vegetables,22.3,43.6,37.1,9.2,Mumbai,2022-03-03,potato
Potato,Vegetables,25.6,40.9,33.4,13.0,Mumbai,2022-03-04,potato
Potato,Vegetables,24.8,39.5,35.4,7.6,Mumbai,2022-03-05,potato
Potato,Vegetables,26.6,38.2,34.2,9.8,Mumbai,2022-03-06,potato
Potato,Vegetables,23.4,37.5,33.3,7.4,Mumbai,2022-03-07,potato
Potato,Vegetables,23.0,41.4,35.7,8.4,Mumbai,2022-03-08,potato
Potato,Vegetables,22.7,44.7,33.6,16.3,Mumbai,2022-03-09,potato
Potato,Vegetables,24.3,38.1,31.9,13.8,Mumbai,2022-03-10,potato
Potato,Vegetables,24.4,41.6,35.6,11.5,Mumbai,2022-03-11,potato
Potato,Vegetables,26.8,47.7,40.6,12.9,Mumbai,2022-03-12,potato
Potato,Vegetables,22.9,48.1,38.5,13.3,Mumbai,2022-03-13,potato
Potato,Vegetables,25.8,31.2,24.5,11.3,Mumbai,2022-03-14,potato
Potato,Vegetables,25.5,33.6,25.7,10.7,Mumbai,2022-03-15,potato
Potato,Vegetables,24.4,31.4,28.2,6.5,Mumbai,2022-03-16,potato
Potato,Vegetables,22.4,40.6,30.7,14.9,Mumbai,2022-03-17,potato
Potato,Vegetables,22.6,31.9,29.8,5.2,Mumbai,2022-03-18,potato
Potato,Vegetables,25.2,54.2,42.1,15.6,Mumbai,2022-03-19,potato
Potato,Vegetables,24.8,50.5,47.5,5.8,Mumbai,2022-03-20,potato
Potato,Vegetables,26.6,33.2,29.7,10.1,Mumbai,2022-03-21,potato
Potato,Vegetables,25.7,30.6,27.2,8.8,Mumbai,2022-03-22,potato
Potato,Vegetables,23.9,35.5,29.6,12.8,Mumbai,2022-03-23,potato
Potato,Vegetables,24.5,41.0,31.7,12.6,Mumbai,2022-03-24,potato
Potato,Vegetables,25.6,27.2,25.7,9.2,Mumbai,2022-03-25,potato
Potato,Vegetables,25.3,46.0,36.2,17.4,Mumbai,2022-03-26,potato
Potato,Vegetables,23.8,44.7,34.4,13.5,Mumbai,2022-03-27,potato
Potato,Vegetables,22.2,36.4,33.2,5.5,Mumbai,2022-03-28,potato
Potato,Vegetables,26.8,33.8,30.1,8.5,Mumbai,2022-03-29,potato
Potato,Vegetables,25.0,37.3,30.0,13.1,Mumbai,2022-03-30,potato
Potato,Vegetables,26.1,32.4,27.4,12.3,Mumbai,2022-03-31,potato
Potato,Vegetables,25.4,33.6,27.5,11.7,Mumbai,2022-04-01,potato
Potato,Vegetables,25.7,47.5,37.5,15.2,Mumbai,2022-04-02,potato
Potato,Vegetables,24.9,37.4,34.3,10.3,Mumbai,2022-04-03,potato
Potato,Vegetables,26.7,41.4,35.1,14.2,Mumbai,2022-04-04,potato
Potato,Vegetables,23.6,42.9,32.7,15.9,Mumbai,2022-04-05,potato
Potato,Vegetables,22.1,31.9,30.3,7.9,Mumbai,2022-04-06,potato
Potato,Vegetables,26.1,40.4,30.2,15.0,Mumbai,2022-04-07,potato
Potato,Vegetables,22.7,34.7,26.2,13.5,Mumbai,2022-04-08,potato
Potato,Vegetables,23.7,48.0,37.5,16.8,Mumbai,2022-04-09,potato
Potato,Vegetables,24.5,42.2,33.3,13.0,Mumbai,2022-04-10,potato
Potato,Vegetables,25.6,33.1,29.8,5.8,Mumbai,2022-04-11,potato
Potato,Vegetables,24.0,37.0,34.6,7.4,Mumbai,2022-04-12,potato
Potato,Vegetables,26.5,29.3,27.4,4.6,Mumbai,2022-04-13,potato
Potato,Vegetables,26.4,32.7,28.6,8.5,Mumbai,2022-04-14,potato
Potato,Vegetables,24.4,46.6,34.8,15.1,Mumbai,2022-04-15,potato
Potato,Vegetables,23.5,46.9,41.0,10.6,Mumbai,2022-04-16,potato
Potato,Vegetables,26.0,44.3,39.9,10.7,Mumbai,2022-04-17,potato
Potato,Vegetables,25.9,37.2,28.5,13.8,Mumbai,2022-04-18,potato
Potato,Vegetables,23.7,32.2,29.4,9.8,Mumbai,2022-04-19,potato
Potato,Vegetables,24.1,44.1,36.1,15.5,Mumbai,2022-04-20,potato
Potato,Vegetables,22.7,52.7,40.3,16.4,Mumbai,2022-04-21,potato
Potato,Vegetables,24.0,47.3,39.2,11.1,Mumbai,2022-04-22,potato
Potato,Vegetables,24.3,40.9,31.5,14.0,Mumbai,2022-04-23,potato
Potato,Vegetables,23.5,40.1,36.8,5.8,Mumbai,2022-04-24,potato
Potato,Vegetables,26.7,46.4,35.7,14.5,Mumbai,2022-04-25,potato
Potato,Vegetables,24.9,41.2,30.8,14.1,Mumbai,2022-04-26,potato
Potato,Vegetables,25.3,34.8,29.1,10.4,Mumbai,2022-04-27,potato
Potato,Vegetables,24.6,43.0,39.3,10.5,Mumbai,2022-04-28,potato
Potato,Vegetables,25.3,35.8,29.8,9.2,Mumbai,2022-04-29,potato
Potato,Vegetables,24.3,41.5,33.4,10.4,Mumbai,2022-04-30,potato
Potato,Vegetables,25.7,46.7,36.4,14.8,Mumbai,2022-05-01,potato
Potato,Vegetables,25.3,40.5,31.8,12.5,Mumbai,2022-05-02,potato
Potato,Vegetables,25.9,29.3,26.8,9.4,Mumbai,2022-05-03,potato
Potato,Vegetables,24.9,38.7,29.0,15.6,Mumbai,2022-05-04,potato
Potato,Vegetables,23.7,34.3,30.2,6.3,Mumbai,2022-05-05,potato
Potato,Vegetables,23.3,39.9,35.4,8.3,Mumbai,2022-05-06,potato
Potato,Vegetables,23.8,39.1,31.5,10.4,Mumbai,2022-05-07,potato
Potato,Vegetables,26.5,40.2,38.0,9.6,Mumbai,2022-05-08,potato
Potato,Vegetables,24.7,30.6,27.8,10.5,Mumbai,2022-05-09,potato
Potato,Vegetables,24.2,43.0,36.0,14.9,Mumbai,2022-05-10,potato
Potato,Vegetables,23.7,40.0,32.9,13.7,Mumbai,2022-05-11,potato
Potato,Vegetables,26.7,31.3,27.4,10.2,Mumbai,2022-05-12,potato
Potato,Vegetables,24.2,35.8,29.8,8.5,Mumbai,2022-05-13,potato
Potato,Vegetables,24.8,43.3,39.3,11.8,Mumbai,2022-05-14,potato
Potato,Vegetables,24.7,47.3,39.4,14.0,Mumbai,2022-05-15,potato
Potato,Vegetables,22.3,41.8,33.1,11.3,Mumbai,2022-05-16,potato
Potato,Vegetables,25.8,39.0,29.7,14.2,Mumbai,2022-05-17,potato
Potato,Vegetables,24.8,40.4,34.4,10.9,Mumbai,2022-05-18,potato
Potato,Vegetables,26.4,36.7,30.5,8.9,Mumbai,2022-05-19,potato
Potato,Vegetables,23.6,41.8,34.7,10.3,Mumbai,2022-05-20,potato
Potato,Vegetables,24.8,49.8,42.1,14.3,Mumbai,2022-05-21,potato
Potato,Vegetables,23.6,52.5,44.1,12.0,Mumbai,2022-05-22,potato
Potato,Vegetables,25.0,29.7,26.0,7.4,Mumbai,2022-05-23,potato
Potato,Vegetables,26.5,35.7,29.6,12.0,Mumbai,2022-05-24,potato
Potato,Vegetables,26.6,38.4,34.9,7.1,Mumbai,2022-05-25,potato
Potato,Vegetables,23.0,41.1,33.0,10.9,Mumbai,2022-05-26,potato
Potato,Vegetables,25.9,31.6,27.9,10.2,Mumbai,2022-05-27,potato
Potato,Vegetables,26.5,43.1,32.6,13.1,Mumbai,2022-05-28,potato
Potato,Vegetables,23.3,49.8,43.1,13.9,Mumbai,2022-05-29,potato
Potato,Vegetables,22.7,48.2,38.8,13.0,Mumbai,2022-05-30,potato
Potato,Vegetables,24.6,39.0,32.6,14.3,Mumbai,2022-05-31,potato
Potato,Vegetables,23.3,41.2,32.2,15.3,Mumbai,2022-06-01,potato
Potato,Vegetables,26.1,43.7,35.0,16.6,Mumbai,2022-06-02,potato
Potato,Vegetables,23.2,39.1,36.9,8.3,Mumbai,2022-06-03,potato
Potato,Vegetables,22.9,35.2,33.1,8.7,Mumbai,2022-06-04,potato
Potato,Vegetables,22.3,49.5,44.3,9.2,Mumbai,2022-06-05,potato
Potato,Vegetables,22.7,44.1,33.6,16.6,Mumbai,2022-06-06,potato
Potato,Vegetables,26.8,40.2,33.3,9.2,Mumbai,2022-06-07,potato
Potato,Vegetables,22.9,27.9,25.7,5.6,Mumbai,2022-06-08,potato
Potato,Vegetables,24.4,43.0,35.7,14.9,Mumbai,2022-06-09,potato
Potato,Vegetables,22.5,36.0,33.2,8.9,Mumbai,2022-06-10,potato
Potato,Vegetables,24.6,32.4,27.3,11.0,Mumbai,2022-06-11,potato
Potato,Vegetables,23.5,40.6,33.6,11.2,Mumbai,2022-06-12,potato
Potato,Vegetables,23.3,33.3,30.6,4.8,Mumbai,2022-06-13,potato
Potato,Vegetables,23.0,36.1,32.2,10.8,Mumbai,2022-06-14,potato
Potato,Vegetables,24.4,31.5,25.5,9.2,Mumbai,2022-06-15,potato
Potato,Vegetables,24.1,29.7,25.8,10.7,Mumbai,2022-06-16,potato
Potato,Vegetables,26.1,41.4,34.2,14.6,Mumbai,2022-06-17,potato
Potato,Vegetables,25.6,46.8,37.2,14.8,Mumbai,2022-06-18,potato
Potato,Vegetables,26.1,38.4,33.7,7.1,Mumbai,2022-06-19,potato
Potato,Vegetables,25.1,36.7,34.8,7.9,Mumbai,2022-06-20,potato
Potato,Vegetables,22.2,46.3,36.1,16.4,Mumbai,2022-06-21,potato
Potato,Vegetables,24.8,41.1,38.5,9.6,Mumbai,2022-06-22,potato
Potato,Vegetables,23.0,39.1,32.8,11.2,Mumbai,2022-06-23,potato
Potato,Vegetables,25.8,36.0,28.8,11.7,Mumbai,2022-06-24,potato
Potato,Vegetables,23.5,41.8,33.8,10.5,Mumbai,2022-06-25,potato
Potato,Vegetables,25.9,35.5,30.3,8.0,Mumbai,2022-06-26,potato
Potato,Vegetables,25.0,39.9,31.9,12.4,Mumbai,2022-06-27,potato
Potato,Vegetables,23.7,41.4,33.1,11.1,Mumbai,2022-06-28,potato
Potato,Vegetables,25.5,42.0,35.5,10.7,Mumbai,2022-06-29,potato
Potato,Vegetables,26.5,30.3,25.2,9.5,Mumbai,2022-06-30,potato
Potato,Vegetables,25.9,34.7,27.1,14.2,Mumbai,2022-07-01,potato
Potato,Vegetables,23.9,48.9,45.0,11.0,Mumbai,2022-07-02,potato
Potato,Vegetables,24.7,44.7,34.3,17.2,Mumbai,2022-07-03,potato
Potato,Vegetables,23.9,36.2,27.4,16.3,Mumbai,2022-07-04,potato
Potato,Vegetables,23.3,28.6,26.6,4.0,Mumbai,2022-07-05,potato
Potato,Vegetables,24.2,28.9,25.6,7.4,Mumbai,2022-07-06,potato
Potato,Vegetables,23.3,44.8,34.3,16.4,Mumbai,2022-07-07,potato
Potato,Vegetables,26.1,36.0,30.2,13.7,Mumbai,2022-07-08,potato
Potato,Vegetables,26.0,53.4,41.4,17.5,Mumbai,2022-07-09,potato
Potato,Vegetables,24.3,45.7,37.9,11.4,Mumbai,2022-07-10,potato
Potato,Vegetables,22.8,40.1,33.0,10.9,Mumbai,2022-07-11,potato
Potato,Vegetables,23.3,41.1,31.2,13.2,Mumbai,2022-07-12,potato
Potato,Vegetables,25.7,41.4,31.9,16.3,Mumbai,2022-07-13,potato
Potato,Vegetables,26.3,37.7,31.9,8.1,Mumbai,2022-07-14,potato
Potato,Vegetables,25.8,39.2,30.5,11.9,Mumbai,2022-07-15,potato
Potato,Vegetables,26.0,46.0,35.6,14.1,Mumbai,2022-07-16,potato
Potato,Vegetables,22.4,50.5,37.8,18.0,Mumbai,2022-07-17,potato
Potato,Vegetables,24.2,52.1,39.8,18.3,Mumbai,2022-07-18,potato
Potato,Vegetables,25.6,34.7,31.4,7.6,Mumbai,2022-07-19,potato
Potato,Vegetables,24.9,35.0,26.1,11.6,Mumbai,2022-07-20,potato
Potato,Vegetables,22.6,39.9,35.7,10.7,Mumbai,2022-07-21,potato
Potato,Vegetables,22.3,35.2,31.7,7.9,Mumbai,2022-07-22,potato
Potato,Vegetables,24.6,41.9,32.3,11.8,Mumbai,2022-07-23,potato
Potato,Vegetables,26.8,43.7,36.6,12.4,Mumbai,2022-07-24,potato
Potato,Vegetables,22.2,45.4,35.7,14.7,Mumbai,2022-07-25,potato
Potato,Vegetables,23.5,31.8,25.2,12.3,Mumbai,2022-07-26,potato
Potato,Vegetables,23.9,35.2,30.8,11.7,Mumbai,2022-07-27,potato
Potato,Vegetables,25.4,36.8,34.3,4.9,Mumbai,2022-07-28,potato
Potato,Vegetables,24.1,50.0,37.6,17.5,Mumbai,2022-07-29,potato
Potato,Vegetables,26.3,42.2,37.6,9.7,Mumbai,2022-07-30,potato
Potato,Vegetables,23.5,45.2,35.8,13.8,Mumbai,2022-07-31,potato
Potato,Vegetables,24.3,31.7,28.7,8.3,Mumbai,2022-08-01,potato
Potato,Vegetables,22.8,32.7,28.9,9.0,Mumbai,2022-08-02,potato
Potato,Vegetables,23.4,42.3,31.5,17.2,Mumbai,2022-08-03,potato
Potato,Vegetables,24.5,42.3,31.9,17.6,Mumbai,2022-08-04,potato
Potato,Vegetables,23.8,34.4,30.9,10.0,Mumbai,2022-08-05,potato
Potato,Vegetables,24.7,45.8,35.1,15.6,Mumbai,2022-08-06,potato
Potato,Vegetables,25.8,50.8,40.9,16.5,Mumbai,2022-08-07,potato
Potato,Vegetables,25.9,28.2,24.9,7.6,Mumbai,2022-08-08,potato
Potato,Vegetables,23.1,34.1,29.2,11.7,Mumbai,2022-08-09,potato
Potato,Vegetables,23.7,40.6,35.7,10.8,Mumbai,2022-08-10,potato
Potato,Vegetables,26.8,34.5,29.4,11.4,Mumbai,2022-08-11,potato
Potato,Vegetables,26.5,29.9,27.7,8.7,Mumbai,2022-08-12,potato
Potato,Vegetables,23.6,46.2,36.7,12.5,Mumbai,2022-08-13,potato
Potato,Vegetables,26.7,40.4,38.4,5.4,Mumbai,2022-08-14,potato
Potato,Vegetables,25.3,38.6,29.3,11.5,Mumbai,2022-08-15,potato
Potato,Vegetables,25.6,32.7,27.8,11.0,Mumbai,2022-08-16,potato
Potato,Vegetables,24.6,46.2,37.3,14.9,Mumbai,2022-08-17,potato
Potato,Vegetables,24.8,45.4,35.9,16.2,Mumbai,2022-08-18,potato
Potato,Vegetables,25.9,37.4,29.4,15.7,Mumbai,2022-08-19,potato
Potato,Vegetables,23.8,53.5,41.7,15.5,Mumbai,2022-08-20,potato
Potato,Vegetables,22.9,51.1,44.7,10.2,Mumbai,2022-08-21,potato
Potato,Vegetables,23.4,35.0,31.4,9.3,Mumbai,2022-08-22,potato
Potato,Vegetables,23.2,38.4,31.7,11.2,Mumbai,2022-08-23,potato
Potato,Vegetables,26.7,38.4,32.6,11.2,Mumbai,2022-08-24,potato
Potato,Vegetables,25.7,44.3,39.0,10.1,Mumbai,2022-08-25,potato
Potato,Vegetables,25.0,32.7,24.4,13.9,Mumbai,2022-08-26,potato
Potato,Vegetables,24.2,46.2,36.0,16.9,Mumbai,2022-08-27,potato
Potato,Vegetables,26.1,30.5,26.8,7.8,Mumbai,2022-08-28,potato
Potato,Vegetables,22.8,36.7,34.2,6.3,Mumbai,2022-08-29,potato
Potato,Vegetables,22.8,48.7,36.3,16.3,Mumbai,2022-08-30,potato
Potato,Vegetables,24.5,41.4,30.7,14.4,Mumbai,2022-08-31,potato
Potato,Vegetables,23.4,28.6,24.6,7.0,Mumbai,2022-09-01,potato
Potato,Vegetables,25.6,44.7,35.8,11.1,Mumbai,2022-09-02,potato
Potato,Vegetables,25.2,34.8,28.8,8.5,Mumbai,2022-09-03,potato
Potato,Vegetables,22.7,34.8,29.5,11.1,Mumbai,2022-09-04,potato
Potato,Vegetables,22.8,37.1,29.7,14.3,Mumbai,2022-09-05,potato
Potato,Vegetables,22.1,32.4,27.5,10.6,Mumbai,2022-09-06,potato
Potato,Vegetables,23.0,32.1,29.4,9.1,Mumbai,2022-09-07,potato
Potato,Vegetables,25.4,35.9,31.7,8.2,Mumbai,2022-09-08,potato
Potato,Vegetables,23.6,25.2,19.9,10.6,Mumbai,2022-09-09,potato
Potato,Vegetables,25.6,47.9,41.8,10.5,Mumbai,2022-09-10,potato
Potato,Vegetables,26.3,56.6,46.3,15.4,Mumbai,2022-09-11,potato
Potato,Vegetables,22.3,47.5,37.8,12.2,Mumbai,2022-09-12,potato
Potato,Vegetables,23.5,42.5,36.6,12.9,Mumbai,2022-09-13,potato
Potato,Vegetables,26.8,37.5,35.6,4.0,Mumbai,2022-09-14,potato
Potato,Vegetables,22.4,31.0,24.5,9.6,Mumbai,2022-09-15,potato
Potato,Vegetables,25.7,46.4,35.4,18.3,Mumbai,2022-09-16,potato
Potato,Vegetables,24.7,46.7,36.3,16.4,Mumbai,2022-09-17,potato
Potato,Vegetables,23.0,51.7,40.3,15.0,Mumbai,2022-09-18,potato
Potato,Vegetables,23.4,35.9,31.9,8.0,Mumbai,2022-09-19,potato
Potato,Vegetables,26.5,26.4,23.5,10.3,Mumbai,2022-09-20,potato
Potato,Vegetables,26.7,31.1,27.1,9.7,Mumbai,2022-09-21,potato
Potato,Vegetables,26.7,22.2,18.4,6.0,Mumbai,2022-09-22,potato
Potato,Vegetables,23.5,40.4,32.1,16.1,Mumbai,2022-09-23,potato
Potato,Vegetables,24.8,43.0,35.9,10.0,Mumbai,2022-09-24,potato
Potato,Vegetables,23.7,37.9,32.0,9.5,Mumbai,2022-09-25,potato
Potato,Vegetables,23.8,42.8,35.0,13.1,Mumbai,2022-09-26,potato
Potato,Vegetables,22.5,29.8,27.0,5.5,Mumbai,2022-09-27,potato
Potato,Vegetables,22.4,38.0,30.0,14.2,Mumbai,2022-09-28,potato
Potato,Vegetables,23.0,33.2,30.2,5.9,Mumbai,2022-09-29,potato
Potato,Vegetables,23.6,43.3,35.7,10.0,Mumbai,2022-09-30,potato
Potato,Vegetables,25.0,45.2,37.8,14.8,Mumbai,2022-10-01,potato
Potato,Vegetables,23.8,50.3,39.9,18.0,Mumbai,2022-10-02,potato
Potato,Vegetables,24.5,38.4,31.2,12.3,Mumbai,2022-10-03,potato
Potato,Vegetables,24.4,33.0,29.8,6.5,Mumbai,2022-10-04,potato
Potato,Vegetables,23.9,38.2,32.4,12.2,Mumbai,2022-10-05,potato
Potato,Vegetables,22.9,31.6,26.2,11.2,Mumbai,2022-10-06,potato
Potato,Vegetables,24.9,37.2,33.4,10.1,Mumbai,2022-10-07,potato
Potato,Vegetables,25.2,48.0,37.9,17.0,Mumbai,2022-10-08,potato
Potato,Vegetables,22.6,52.2,41.5,14.6,Mumbai,2022-10-09,potato
Potato,Vegetables,26.0,45.9,40.7,11.1,Mumbai,2022-10-10,potato
Potato,Vegetables,22.3,38.7,30.4,11.3,Mumbai,2022-10-11,potato
Potato,Vegetables,23.2,30.3,27.1,10.6,Mumbai,2022-10-12,potato
Potato,Vegetables,23.6,38.0,30.0,11.4,Mumbai,2022-10-13,potato
Potato,Vegetables,26.0,41.6,35.2,13.7,Mumbai,2022-10-14,potato
Potato,Vegetables,23.9,50.9,41.4,15.3,Mumbai,2022-10-15,potato
Potato,Vegetables,26.7,42.0,39.8,5.9,Mumbai,2022-10-16,potato
Potato,Vegetables,23.4,36.5,32.0,6.6,Mumbai,2022-10-17,potato
Potato,Vegetables,26.0,33.0,30.9,8.9,Mumbai,2022-10-18,potato
Potato,Vegetables,25.7,38.2,30.2,14.4,Mumbai,2022-10-19,potato
Potato,Vegetables,26.6,38.2,34.6,8.3,Mumbai,2022-10-20,potato
Potato,Vegetables,22.1,36.4,32.1,9.0,Mumbai,2022-10-21,potato
Potato,Vegetables,26.4,53.7,41.3,16.4,Mumbai,2022-10-22,potato
Potato,Vegetables,22.9,40.4,32.9,11.2,Mumbai,2022-10-23,potato
Potato,Vegetables,25.2,41.7,34.5,14.3,Mumbai,2022-10-24,potato
Potato,Vegetables,23.9,38.0,28.3,12.2,Mumbai,2022-10-25,potato
Potato,Vegetables,26.8,40.0,30.9,16.5,Mumbai,2022-10-26,potato
Potato,Vegetables,24.3,42.9,32.2,15.0,Mumbai,2022-10-27,potato
Potato,Vegetables,25.6,43.7,34.4,11.5,Mumbai,2022-10-28,potato
Potato,Vegetables,25.6,41.5,39.3,7.4,Mumbai,2022-10-29,potato
Potato,Vegetables,26.1,46.8,38.0,11.9,Mumbai,2022-10-30,potato
Potato,Vegetables,24.5,39.6,32.9,10.6,Mumbai,2022-10-31,potato
Potato,Vegetables,24.1,40.5,32.1,13.4,Mumbai,2022-11-01,potato
Potato,Vegetables,25.0,38.4,35.6,10.4,Mumbai,2022-11-02,potato
Potato,Vegetables,24.2,45.1,35.0,12.3,Mumbai,2022-11-03,potato
Potato,Vegetables,26.6,45.6,35.1,17.5,Mumbai,2022-11-04,potato
Potato,Vegetables,24.3,47.0,39.1,14.6,Mumbai,2022-11-05,potato
Potato,Vegetables,25.1,46.3,43.1,7.1,Mumbai,2022-11-06,potato
Potato,Vegetables,25.1,35.3,29.6,10.3,Mumbai,2022-11-07,potato
Potato,Vegetables,24.2,36.7,34.5,5.2,Mumbai,2022-11-08,potato
Potato,Vegetables,22.8,31.4,27.4,8.7,Mumbai,2022-11-09,potato
Potato,Vegetables,23.6,49.9,39.1,13.8,Mumbai,2022-11-10,potato
Potato,Vegetables,22.3,35.1,28.2,9.3,Mumbai,2022-11-11,potato
Potato,Vegetables,23.3,45.3,41.3,7.7,Mumbai,2022-11-12,potato
Potato,Vegetables,23.7,66.7,53.8,16.9,Mumbai,2022-11-13,potato
Potato,Vegetables,24.6,38.4,28.5,13.2,Mumbai,2022-11-14,potato
Potato,Vegetables,22.8,41.1,31.5,14.1,Mumbai,2022-11-15,potato
Potato,Vegetables,22.2,43.6,37.5,11.8,Mumbai,2022-11-16,potato
Potato,Vegetables,24.2,38.8,32.0,13.0,Mumbai,2022-11-17,potato
Potato,Vegetables,25.5,32.8,31.2,6.9,Mumbai,2022-11-18,potato
Potato,Vegetables,26.7,38.0,32.8,9.0,Mumbai,2022-11-19,potato
Potato,Vegetables,25.1,45.9,42.5,7.1,Mumbai,2022-11-20,potato
Potato,Vegetables,24.5,52.3,40.6,14.7,Mumbai,2022-11-21,potato
Potato,Vegetables,23.2,46.4,35.4,18.0,Mumbai,2022-11-22,potato
Potato,Vegetables,26.0,39.4,35.1,11.7,Mumbai,2022-11-23,potato
Potato,Vegetables,22.8,37.5,32.9,8.4,Mumbai,2022-11-24,potato
Potato,Vegetables,22.8,35.1,31.7,6.3,Mumbai,2022-11-25,potato
Potato,Vegetables,24.1,44.5,42.2,5.0,Mumbai,2022-11-26,potato
Potato,Vegetables,22.1,59.7,47.0,20.0,Mumbai,2022-11-27,potato
Potato,Vegetables,22.6,37.8,31.3,10.4,Mumbai,2022-11-28,potato
Potato,Vegetables,24.7,34.8,27.8,9.2,Mumbai,2022-11-29,potato
Potato,Vegetables,26.4,31.5,28.8,8.4,Mumbai,2022-11-30,potato
Potato,Vegetables,25.7,34.9,31.8,7.5,Mumbai,2022-12-01,potato
Potato,Vegetables,24.2,35.9,30.6,9.3,Mumbai,2022-12-02,potato
Potato,Vegetables,25.8,41.1,34.4,11.2,Mumbai,2022-12-03,potato
Potato,Vegetables,24.9,45.8,41.8,10.8,Mumbai,2022-12-04,potato
Potato,Vegetables,25.9,49.4,36.7,20.2,Mumbai,2022-12-05,potato
Potato,Vegetables,25.0,40.4,33.6,12.0,Mumbai,2022-12-06,potato
Potato,Vegetables,24.3,51.9,38.5,15.7,Mumbai,2022-12-07,potato
Potato,Vegetables,23.2,35.5,31.9,10.6,Mumbai,2022-12-08,potato
Potato,Vegetables,24.1,29.4,22.5,11.9,Mumbai,2022-12-09,potato
Potato,Vegetables,25.3,48.5,45.9,8.5,Mumbai,2022-12-10,potato
Potato,Vegetables,23.2,43.4,40.1,5.9,Mumbai,2022-12-11,potato
Potato,Vegetables,23.5,37.5,34.5,9.4,Mumbai,2022-12-12,potato
Potato,Vegetables,26.8,31.8,26.1,12.5,Mumbai,2022-12-13,potato
Potato,Vegetables,26.7,35.2,33.5,6.8,Mumbai,2022-12-14,potato
Potato,Vegetables,24.3,37.8,32.3,9.6,Mumbai,2022-12-15,potato
Potato,Vegetables,22.6,26.8,22.3,11.4,Mumbai,2022-12-16,potato
Potato,Vegetables,22.6,40.2,34.5,13.6,Mumbai,2022-12-17,potato
Potato,Vegetables,25.3,51.9,41.0,16.5,Mumbai,2022-12-18,potato
Potato,Vegetables,23.6,39.5,30.4,14.5,Mumbai,2022-12-19,potato
Potato,Vegetables,25.8,50.1,38.4,18.6,Mumbai,2022-12-20,potato
Potato,Vegetables,24.0,38.9,35.6,7.0,Mumbai,2022-12-21,potato
Potato,Vegetables,22.7,33.4,31.4,7.7,Mumbai,2022-12-22,potato
Potato,Vegetables,26.4,37.1,31.9,10.9,Mumbai,2022-12-23,potato
Potato,Vegetables,25.7,44.5,35.2,12.1,Mumbai,2022-12-24,potato
Potato,Vegetables,22.6,48.2,37.2,16.6,Mumbai,2022-12-25,potato
Potato,Vegetables,24.8,32.8,26.1,13.5,Mumbai,2022-12-26,potato
Potato,Vegetables,23.2,43.5,34.4,12.2,Mumbai,2022-12-27,potato
Potato,Vegetables,25.0,39.4,32.7,13.6,Mumbai,2022-12-28,potato
Potato,Vegetables,26.6,37.3,31.0,13.1,Mumbai,2022-12-29,potato
Potato,Vegetables,22.7,43.2,39.4,7.9,Mumbai,2022-12-30,potato
Potato,Vegetables,25.7,41.1,35.9,10.1,Mumbai,2022-12-31,potato
Potato,Vegetables,24.3,44.5,35.2,15.1,Mumbai,2023-01-01,potato
Potato,Vegetables,26.4,34.9,29.8,7.8,Mumbai,2023-01-02,potato
Potato,Vegetables,22.9,31.8,27.6,10.6,Mumbai,2023-01-03,potato
Potato,Vegetables,22.8,44.4,36.1,10.9,Mumbai,2023-01-04,potato
Potato,Vegetables,26.6,28.9,26.4,4.9,Mumbai,2023-01-05,potato
Potato,Vegetables,23.5,41.9,35.8,9.9,Mumbai,2023-01-06,potato
Potato,Vegetables,26.5,39.6,37.1,7.3,Mumbai,2023-01-07,potato
Potato,Vegetables,23.3,39.0,32.1,11.6,Mumbai,2023-01-08,potato
Potato,Vegetables,26.8,25.5,24.1,7.9,Mumbai,2023-01-09,potato
Potato,Vegetables,22.3,36.8,27.6,15.5,Mumbai,2023-01-10,potato
Potato,Vegetables,24.3,40.9,30.6,16.6,Mumbai,2023-01-11,potato
Potato,Vegetables,26.6,35.8,29.0,14.7,Mumbai,2023-01-12,potato
Potato,Vegetables,23.1,42.9,33.3,12.7,Mumbai,2023-01-13,potato
Potato,Vegetables,24.3,46.8,36.5,12.6,Mumbai,2023-01-14,potato
Potato,Vegetables,23.6,43.5,35.1,16.1,Mumbai,2023-01-15,potato
Potato,Vegetables,23.3,34.2,30.5,9.5,Mumbai,2023-01-16,potato
Potato,Vegetables,26.9,34.5,28.6,9.5,Mumbai,2023-01-17,potato
Potato,Vegetables,25.7,30.8,26.3,7.9,Mumbai,2023-01-18,potato
Potato,Vegetables,26.5,37.4,32.5,9.6,Mumbai,2023-01-19,potato
Potato,Vegetables,23.2,42.6,32.5,14.2,Mumbai,2023-01-20,potato
Potato,Vegetables,25.8,34.9,32.9,5.4,Mumbai,2023-01-21,potato
Potato,Vegetables,22.7,49.6,42.7,12.5,Mumbai,2023-01-22,potato
Potato,Vegetables,26.4,34.7,30.0,8.9,Mumbai,2023-01-23,potato
Potato,Vegetables,22.5,49.3,37.8,17.8,Mumbai,2023-01-24,potato
Potato,Vegetables,22.1,32.6,30.0,9.0,Mumbai,2023-01-25,potato
Potato,Vegetables,26.6,29.1,26.9,9.5,Mumbai,2023-01-26,potato
Potato,Vegetables,22.6,39.1,35.7,9.0,Mumbai,2023-01-27,potato
Potato,Vegetables,23.0,48.0,36.0,14.7,Mumbai,2023-01-28,potato
Potato,Vegetables,26.6,39.6,34.5,12.0,Mumbai,2023-01-29,potato
Potato,Vegetables,26.6,41.2,36.5,9.0,Mumbai,2023-01-30,potato
Potato,Vegetables,24.7,41.9,32.1,15.5,Mumbai,2023-01-31,potato
Potato,Vegetables,22.2,40.5,36.1,8.6,Mumbai,2023-02-01,potato
Potato,Vegetables,24.0,33.3,30.4,7.0,Mumbai,2023-02-02,potato
Potato,Vegetables,26.0,40.1,32.0,13.3,Mumbai,2023-02-03,potato
Potato,Vegetables,22.3,55.5,44.1,19.4,Mumbai,2023-02-04,potato
Potato,Vegetables,23.2,42.1,36.5,11.4,Mumbai,2023-02-05,potato
Potato,Vegetables,26.1,40.6,38.3,7.5,Mumbai,2023-02-06,potato
Potato,Vegetables,25.2,34.6,31.9,10.3,Mumbai,2023-02-07,potato
Potato,Vegetables,25.9,34.9,33.0,7.4,Mumbai,2023-02-08,potato
Potato,Vegetables,22.6,36.9,31.6,12.6,Mumbai,2023-02-09,potato
Potato,Vegetables,22.2,39.7,31.6,15.9,Mumbai,2023-02-10,potato
Potato,Vegetables,25.2,43.5,41.2,7.4,Mumbai,2023-02-11,potato
Potato,Vegetables,24.3,52.3,43.3,13.6,Mumbai,2023-02-12,potato
Potato,Vegetables,26.4,40.5,32.9,14.4,Mumbai,2023-02-13,potato
Potato,Vegetables,23.9,37.5,32.2,9.3,Mumbai,2023-02-14,potato
Potato,Vegetables,22.2,37.4,32.2,11.8,Mumbai,2023-02-15,potato
Potato,Vegetables,24.6,39.4,34.0,12.7,Mumbai,2023-02-16,potato
Potato,Vegetables,26.0,39.1,31.1,11.9,Mumbai,2023-02-17,potato
Potato,Vegetables,22.6,42.5,39.3,9.1,Mumbai,2023-02-18,potato
Potato,Vegetables,22.6,44.7,40.0,8.4,Mumbai,2023-02-19,potato
Potato,Vegetables,25.5,43.2,33.3,16.9,Mumbai,2023-02-20,potato
Potato,Vegetables,25.0,42.2,32.8,16.4,Mumbai,2023-02-21,potato
Potato,Vegetables,22.8,39.2,31.2,15.8,Mumbai,2023-02-22,potato
Potato,Vegetables,23.3,32.7,28.6,9.0,Mumbai,2023-02-23,potato
Potato,Vegetables,26.4,36.2,34.1,10.0,Mumbai,2023-02-24,potato
Potato,Vegetables,25.8,36.6,30.6,13.3,Mumbai,2023-02-25,potato
Potato,Vegetables,22.2,39.8,32.8,9.3,Mumbai,2023-02-26,potato
Potato,Vegetables,22.6,30.4,28.6,4.8,Mumbai,2023-02-27,potato
Potato,Vegetables,23.1,45.5,35.5,15.7,Mumbai,2023-02-28,potato
Potato,Vegetables,25.6,36.2,28.0,11.0,Mumbai,2023-03-01,potato
Potato,Vegetables,23.9,34.9,30.9,7.8,Mumbai,2023-03-02,potato
Potato,Vegetables,25.0,38.1,30.7,14.6,Mumbai,2023-03-03,potato
Potato,Vegetables,23.9,37.0,32.3,8.9,Mumbai,2023-03-04,potato
Potato,Vegetables,24.5,37.8,32.5,12.0,Mumbai,2023-03-05,potato
Potato,Vegetables,23.3,38.1,29.2,12.6,Mumbai,2023-03-06,potato
Potato,Vegetables,25.0,37.9,28.7,12.0,Mumbai,2023-03-07,potato
Potato,Vegetables,26.5,38.6,30.4,15.8,Mumbai,2023-03-08,potato
Potato,Vegetables,25.3,36.0,31.3,9.1,Mumbai,2023-03-09,potato
Potato,Vegetables,23.8,38.4,32.8,12.9,Mumbai,2023-03-10,potato
Potato,Vegetables,24.9,44.4,33.0,15.1,Mumbai,2023-03-11,potato
Potato,Vegetables,22.8,55.4,43.2,19.2,Mumbai,2023-03-12,potato
Potato,Vegetables,24.0,26.3,23.1,10.1,Mumbai,2023-03-13,potato
Potato,Vegetables,25.7,42.2,35.3,11.6,Mumbai,2023-03-14,potato
Potato,Vegetables,22.9,44.4,35.1,14.3,Mumbai,2023-03-15,potato
Potato,Vegetables,22.3,44.9,33.8,14.9,Mumbai,2023-03-16,potato
Potato,Vegetables,23.5,30.1,22.5,10.6,Mumbai,2023-03-17,potato
Potato,Vegetables,25.4,34.7,32.1,6.3,Mumbai,2023-03-18,potato
Potato,Vegetables,25.5,46.6,36.2,18.0,Mumbai,2023-03-19,potato
Potato,Vegetables,26.6,41.4,35.9,9.4,Mumbai,2023-03-20,potato
Potato,Vegetables,25.6,30.1,26.9,8.9,Mumbai,2023-03-21,potato
Potato,Vegetables,24.1,41.6,38.2,9.2,Mumbai,2023-03-22,potato
Potato,Vegetables,25.4,37.8,35.3,7.5,Mumbai,2023-03-23,potato
Potato,Vegetables,26.7,32.2,29.1,6.1,Mumbai,2023-03-24,potato
Potato,Vegetables,23.9,45.3,33.9,15.5,Mumbai,2023-03-25,potato
Potato,Vegetables,22.4,46.7,35.4,16.0,Mumbai,2023-03-26,potato
Potato,Vegetables,25.6,38.0,33.4,10.6,Mumbai,2023-03-27,potato
Potato,Vegetables,26.0,34.0,30.3,10.5,Mumbai,2023-03-28,potato
Potato,Vegetables,25.9,48.2,36.3,13.9,Mumbai,2023-03-29,potato
Potato,Vegetables,25.1,27.8,24.9,9.3,Mumbai,2023-03-30,potato
Potato,Vegetables,25.9,48.2,41.1,14.9,Mumbai,2023-03-31,potato
Potato,Vegetables,26.5,43.5,32.3,19.1,Mumbai,2023-04-01,potato
Potato,Vegetables,26.4,50.1,39.1,13.8,Mumbai,2023-04-02,potato
Potato,Vegetables,26.5,41.1,32.1,14.4,Mumbai,2023-04-03,potato
Potato,Vegetables,24.6,31.5,24.4,14.6,Mumbai,2023-04-04,potato
Potato,Vegetables,23.3,39.7,37.4,5.5,Mumbai,2023-04-05,potato
Potato,Vegetables,25.7,32.7,29.8,10.1,Mumbai,2023-04-06,potato
Potato,Vegetables,23.1,40.3,35.9,7.0,Mumbai,2023-04-07,potato
Potato,Vegetables,26.4,42.9,32.1,14.8,Mumbai,2023-04-08,potato
Potato,Vegetables,25.7,38.6,34.5,10.5,Mumbai,2023-04-09,potato
Potato,Vegetables,23.2,37.5,29.1,14.8,Mumbai,2023-04-10,potato
Potato,Vegetables,26.6,44.3,38.1,12.7,Mumbai,2023-04-11,potato
Potato,Vegetables,26.7,33.4,26.1,12.0,Mumbai,2023-04-12,potato
Potato,Vegetables,24.0,34.3,28.3,13.6,Mumbai,2023-04-13,potato
Potato,Vegetables,22.5,38.1,29.0,11.9,Mumbai,2023-04-14,potato
Potato,Vegetables,22.5,51.3,38.3,18.4,Mumbai,2023-04-15,potato
Potato,Vegetables,26.0,33.6,25.4,16.1,Mumbai,2023-04-16,potato
Potato,Vegetables,25.0,35.9,27.1,16.0,Mumbai,2023-04-17,potato
Potato,Vegetables,24.7,32.1,30.3,8.5,Mumbai,2023-04-18,potato
Potato,Vegetables,26.5,37.1,33.3,9.0,Mumbai,2023-04-19,potato
Potato,Vegetables,25.7,32.5,27.8,9.4,Mumbai,2023-04-20,potato
Potato,Vegetables,25.6,32.8,29.6,10.1,Mumbai,2023-04-21,potato
Potato,Vegetables,24.5,45.1,38.1,10.7,Mumbai,2023-04-22,potato
Potato,Vegetables,22.6,49.7,42.8,11.4,Mumbai,2023-04-23,potato
Potato,Vegetables,24.8,35.7,31.2,11.7,Mumbai,2023-04-24,potato
Potato,Vegetables,25.6,40.4,35.4,8.0,Mumbai,2023-04-25,potato
Potato,Vegetables,23.5,46.8,36.1,13.6,Mumbai,2023-04-26,potato
Potato,Vegetables,24.2,44.4,33.1,14.7,Mumbai,2023-04-27,potato
Potato,Vegetables,22.3,35.8,33.6,6.8,Mumbai,2023-04-28,potato
Potato,Vegetables,23.3,31.5,28.3,6.8,Mumbai,2023-04-29,potato
Potato,Vegetables,22.6,52.6,39.4,20.0,Mumbai,2023-04-30,potato
Potato,Vegetables,26.1,35.8,28.2,15.3,Mumbai,2023-05-01,potato
Potato,Vegetables,26.6,38.1,33.4,7.2,Mumbai,2023-05-02,potato
Potato,Vegetables,22.5,46.4,36.5,12.1,Mumbai,2023-05-03,potato
Potato,Vegetables,26.0,31.3,26.7,10.8,Mumbai,2023-05-04,potato
Potato,Vegetables,23.4,33.5,30.4,9.5,Mumbai,2023-05-05,potato
Potato,Vegetables,26.3,50.4,39.5,17.3,Mumbai,2023-05-06,potato
Potato,Vegetables,22.1,57.7,50.9,14.4,Mumbai,2023-05-07,potato
Potato,Vegetables,26.7,43.3,41.2,8.1,Mumbai,2023-05-08,potato
Potato,Vegetables,23.1,37.4,34.4,6.8,Mumbai,2023-05-09,potato
Potato,Vegetables,25.3,30.4,24.0,13.3,Mumbai,2023-05-10,potato
Potato,Vegetables,26.3,32.9,27.8,11.4,Mumbai,2023-05-11,potato
Potato,Vegetables,26.3,35.6,30.8,12.2,Mumbai,2023-05-12,potato
Potato,Vegetables,23.3,54.5,42.3,19.7,Mumbai,2023-05-13,potato
Potato,Vegetables,25.6,39.2,35.3,9.9,Mumbai,2023-05-14,potato
Potato,Vegetables,25.8,33.8,31.6,4.3,Mumbai,2023-05-15,potato
Potato,Vegetables,23.6,34.6,32.9,4.6,Mumbai,2023-05-16,potato
Potato,Vegetables,25.7,44.9,39.4,8.2,Mumbai,2023-05-17,potato
Potato,Vegetables,22.3,39.2,32.6,9.0,Mumbai,2023-05-18,potato
Potato,Vegetables,24.4,45.1,36.3,11.5,Mumbai,2023-05-19,potato
Potato,Vegetables,26.4,47.3,39.1,12.2,Mumbai,2023-05-20,potato
Potato,Vegetables,25.2,44.4,39.7,7.5,Mumbai,2023-05-21,potato
Potato,Vegetables,24.7,32.8,27.1,11.0,Mumbai,2023-05-22,potato
Potato,Vegetables,26.3,39.1,30.6,11.8,Mumbai,2023-05-23,potato
Potato,Vegetables,26.0,38.3,28.4,13.0,Mumbai,2023-05-24,potato
Potato,Vegetables,25.7,40.1,34.3,9.9,Mumbai,2023-05-25,potato
Potato,Vegetables,23.4,50.4,37.8,17.1,Mumbai,2023-05-26,potato
Potato,Vegetables,25.2,46.1,35.8,12.9,Mumbai,2023-05-27,potato
Potato,Vegetables,26.7,48.4,37.4,13.7,Mumbai,2023-05-28,potato
Potato,Vegetables,26.1,42.0,33.9,13.2,Mumbai,2023-05-29,potato
Potato,Vegetables,24.8,37.7,28.3,13.2,Mumbai,2023-05-30,potato
Potato,Vegetables,26.3,36.6,34.7,9.4,Mumbai,2023-05-31,potato
Potato,Vegetables,26.2,37.5,32.3,10.1,Mumbai,2023-06-01,potato
Potato,Vegetables,22.4,34.1,30.6,11.2,Mumbai,2023-06-02,potato
Potato,Vegetables,24.1,51.0,37.8,17.2,Mumbai,2023-06-03,potato
Potato,Vegetables,22.8,45.2,36.4,16.3,Mumbai,2023-06-04,potato
Potato,Vegetables,26.2,34.7,27.0,14.6,Mumbai,2023-06-05,potato
Potato,Vegetables,26.2,38.4,32.8,10.1,Mumbai,2023-06-06,potato
Potato,Vegetables,22.8,38.4,35.6,4.9,Mumbai,2023-06-07,potato
Potato,Vegetables,26.6,35.8,33.9,7.7,Mumbai,2023-06-08,potato
Potato,Vegetables,24.3,39.3,31.3,13.7,Mumbai,2023-06-09,potato
Potato,Vegetables,26.2,44.4,36.8,14.0,Mumbai,2023-06-10,potato
Potato,Vegetables,24.2,48.2,37.8,13.0,Mumbai,2023-06-11,potato
Potato,Vegetables,24.3,35.3,33.0,5.0,Mumbai,2023-06-12,potato
Potato,Vegetables,24.5,35.5,29.6,8.9,Mumbai,2023-06-13,potato
Potato,Vegetables,23.8,31.4,24.0,14.5,Mumbai,2023-06-14,potato
Potato,Vegetables,24.4,37.2,35.0,7.9,Mumbai,2023-06-15,potato
Potato,Vegetables,25.9,41.9,34.1,13.0,Mumbai,2023-06-16,potato
Potato,Vegetables,24.6,55.1,44.3,14.1,Mumbai,2023-06-17,potato
Potato,Vegetables,24.2,45.7,37.8,12.4,Mumbai,2023-06-18,potato
Potato,Vegetables,23.2,36.9,29.4,15.4,Mumbai,2023-06-19,potato
Potato,Vegetables,26.4,32.2,24.9,14.2,Mumbai,2023-06-20,potato
Potato,Vegetables,24.9,33.7,30.8,8.3,Mumbai,2023-06-21,potato
Potato,Vegetables,22.2,29.2,26.4,9.1,Mumbai,2023-06-22,potato
Potato,Vegetables,23.4,39.3,37.0,4.4,Mumbai,2023-06-23,potato
Potato,Vegetables,23.2,46.3,36.9,12.8,Mumbai,2023-06-24,potato
Potato,Vegetables,26.2,34.4,30.7,9.1,Mumbai,2023-06-25,potato
Potato,Vegetables,26.2,32.2,27.5,8.2,Mumbai,2023-06-26,potato
Potato,Vegetables,24.1,38.5,30.9,11.6,Mumbai,2023-06-27,potato
Potato,Vegetables,25.3,44.6,33.9,16.3,Mumbai,2023-06-28,potato
Potato,Vegetables,26.6,40.4,31.9,14.4,Mumbai,2023-06-29,potato
Potato,Vegetables,26.1,32.9,31.2,5.2,Mumbai,2023-06-30,potato
Potato,Vegetables,23.1,42.0,36.5,11.2,Mumbai,2023-07-01,potato
Potato,Vegetables,25.8,41.9,34.0,14.4,Mumbai,2023-07-02,potato
Potato,Vegetables,24.0,40.9,36.4,11.0,Mumbai,2023-07-03,potato
Potato,Vegetables,23.8,34.0,30.8,7.6,Mumbai,2023-07-04,potato
Potato,Vegetables,25.8,39.7,31.2,15.0,Mumbai,2023-07-05,potato
Potato,Vegetables,24.0,33.4,28.1,12.4,Mumbai,2023-07-06,potato
Potato,Vegetables,23.1,36.7,32.4,6.3,Mumbai,2023-07-07,potato
Potato,Vegetables,22.7,49.8,39.0,16.7,Mumbai,2023-07-08,potato
Potato,Vegetables,23.3,37.8,34.2,9.5,Mumbai,2023-07-09,potato
Potato,Vegetables,25.4,31.3,26.8,10.9,Mumbai,2023-07-10,potato
Potato,Vegetables,26.8,42.4,36.5,8.0,Mumbai,2023-07-11,potato
Potato,Vegetables,26.7,44.9,35.0,16.1,Mumbai,2023-07-12,potato
Potato,Vegetables,22.2,43.9,36.0,13.6,Mumbai,2023-07-13,potato
Potato,Vegetables,26.5,36.8,35.0,4.7,Mumbai,2023-07-14,potato
Potato,Vegetables,26.4,46.5,37.4,11.4,Mumbai,2023-07-15,potato
Potato,Vegetables,23.1,56.0,42.4,20.5,Mumbai,2023-07-16,potato
Potato,Vegetables,22.4,38.6,31.7,9.6,Mumbai,2023-07-17,potato
Potato,Vegetables,24.0,43.6,36.9,12.7,Mumbai,2023-07-18,potato
Potato,Vegetables,25.2,32.5,29.6,5.9,Mumbai,2023-07-19,potato
Potato,Vegetables,26.3,40.9,31.0,16.7,Mumbai,2023-07-20,potato
Potato,Vegetables,22.9,37.8,31.1,13.1,Mumbai,2023-07-21,potato
Potato,Vegetables,22.3,50.2,40.8,12.9,Mumbai,2023-07-22,potato
Potato,Vegetables,24.5,53.1,44.4,12.5,Mumbai,2023-07-23,potato
Potato,Vegetables,26.4,36.5,27.3,16.0,Mumbai,2023-07-24,potato
Potato,Vegetables,24.9,35.6,32.5,5.2,Mumbai,2023-07-25,potato
Potato,Vegetables,25.6,44.1,34.6,17.1,Mumbai,2023-07-26,potato
Potato,Vegetables,26.0,32.9,26.8,10.7,Mumbai,2023-07-27,potato
Potato,Vegetables,23.2,44.4,34.4,12.9,Mumbai,2023-07-28,potato
Potato,Vegetables,25.1,35.6,30.2,8.1,Mumbai,2023-07-29,potato
Potato,Vegetables,22.2,45.4,43.1,5.3,Mumbai,2023-07-30,potato
Potato,Vegetables,26.2,35.8,27.1,14.1,Mumbai,2023-07-31,potato
Potato,Vegetables,22.2,42.6,33.3,14.1,Mumbai,2023-08-01,potato
Potato,Vegetables,24.6,38.2,28.6,13.1,Mumbai,2023-08-02,potato
Potato,Vegetables,25.1,42.2,32.3,13.9,Mumbai,2023-08-03,potato
Potato,Vegetables,25.1,35.8,30.2,10.5,Mumbai,2023-08-04,potato
Potato,Vegetables,25.4,47.4,43.4,11.2,Mumbai,2023-08-05,potato
Potato,Vegetables,22.2,43.4,38.6,9.0,Mumbai,2023-08-06,potato
Potato,Vegetables,23.7,30.8,27.2,7.9,Mumbai,2023-08-07,potato
Potato,Vegetables,24.5,42.2,36.9,9.0,Mumbai,2023-08-08,potato
Potato,Vegetables,24.5,33.3,31.3,4.7,Mumbai,2023-08-09,potato
Potato,Vegetables,25.9,33.3,28.2,9.5,Mumbai,2023-08-10,potato
Potato,Vegetables,23.3,37.5,32.3,8.3,Mumbai,2023-08-11,potato
Potato,Vegetables,24.2,60.5,45.4,18.2,Mumbai,2023-08-12,potato
Potato,Vegetables,24.1,37.9,31.1,12.1,Mumbai,2023-08-13,potato
Potato,Vegetables,25.3,38.1,34.3,6.6,Mumbai,2023-08-14,potato
Potato,Vegetables,26.1,30.9,25.9,9.4,Mumbai,2023-08-15,potato
Potato,Vegetables,26.5,38.1,34.4,7.0,Mumbai,2023-08-16,potato
Potato,Vegetables,24.4,45.2,36.3,13.3,Mumbai,2023-08-17,potato
Potato,Vegetables,22.4,49.5,37.1,16.9,Mumbai,2023-08-18,potato
Potato,Vegetables,23.3,55.1,41.5,19.9,Mumbai,2023-08-19,potato
Potato,Vegetables,22.4,41.3,36.9,6.8,Mumbai,2023-08-20,potato
Potato,Vegetables,23.1,39.3,32.8,10.3,Mumbai,2023-08-21,potato
Potato,Vegetables,22.5,42.9,40.2,10.0,Mumbai,2023-08-22,potato
Potato,Vegetables,25.2,37.1,30.8,10.7,Mumbai,2023-08-23,potato
Potato,Vegetables,24.0,31.1,29.0,6.0,Mumbai,2023-08-24,potato
Potato,Vegetables,25.3,34.2,30.1,11.0,Mumbai,2023-08-25,potato
Potato,Vegetables,23.9,39.8,33.2,10.1,Mumbai,2023-08-26,potato
Potato,Vegetables,24.5,50.2,46.3,8.2,Mumbai,2023-08-27,potato
Potato,Vegetables,24.2,36.1,28.9,10.2,Mumbai,2023-08-28,potato
Potato,Vegetables,22.2,47.2,39.3,12.7,Mumbai,2023-08-29,potato
Potato,Vegetables,25.3,37.4,32.0,11.1,Mumbai,2023-08-30,potato
Potato,Vegetables,24.7,39.0,32.0,14.2,Mumbai,2023-08-31,potato
Potato,Vegetables,25.6,33.1,30.3,8.8,Mumbai,2023-09-01,potato
Potato,Vegetables,24.7,48.7,38.0,13.3,Mumbai,2023-09-02,potato
Potato,Vegetables,24.8,47.0,42.5,8.6,Mumbai,2023-09-03,potato
Potato,Vegetables,22.8,38.5,32.5,13.3,Mumbai,2023-09-04,potato
Potato,Vegetables,25.3,35.4,29.9,12.5,Mumbai,2023-09-05,potato
Potato,Vegetables,26.1,42.8,31.8,16.2,Mumbai,2023-09-06,potato
Potato,Vegetables,22.1,39.4,31.3,10.9,Mumbai,2023-09-07,potato
Potato,Vegetables,26.7,34.8,29.4,7.6,Mumbai,2023-09-08,potato
Potato,Vegetables,22.8,55.0,43.3,15.0,Mumbai,2023-09-09,potato
Potato,Vegetables,25.2,34.3,32.4,4.5,Mumbai,2023-09-10,potato
Potato,Vegetables,24.6,39.7,33.6,8.8,Mumbai,2023-09-11,potato
Potato,Vegetables,26.5,37.4,31.7,10.7,Mumbai,2023-09-12,potato
Potato,Vegetables,26.2,29.9,24.7,10.9,Mumbai,2023-09-13,potato
Potato,Vegetables,26.4,37.5,33.5,9.4,Mumbai,2023-09-14,potato
Potato,Vegetables,26.5,46.4,35.6,14.0,Mumbai,2023-09-15,potato
Potato,Vegetables,23.3,42.8,33.0,12.7,Mumbai,2023-09-16,potato
Potato,Vegetables,23.3,45.2,34.8,15.3,Mumbai,2023-09-17,potato
Potato,Vegetables,24.2,37.0,33.9,9.2,Mumbai,2023-09-18,potato
Potato,Vegetables,26.3,33.8,26.8,12.1,Mumbai,2023-09-19,potato
Potato,Vegetables,26.2,41.8,35.2,10.0,Mumbai,2023-09-20,potato
Potato,Vegetables,22.6,38.2,34.7,5.7,Mumbai,2023-09-21,potato
Potato,Vegetables,24.2,29.3,25.4,8.4,Mumbai,2023-09-22,potato
Potato,Vegetables,24.3,51.3,40.9,12.7,Mumbai,2023-09-23,potato
Potato,Vegetables,25.6,44.0,33.3,18.3,Mumbai,2023-09-24,potato
Potato,Vegetables,25.4,35.6,29.4,10.5,Mumbai,2023-09-25,potato
Potato,Vegetables,25.2,34.0,28.7,12.0,Mumbai,2023-09-26,potato
Potato,Vegetables,25.5,44.1,33.9,16.9,Mumbai,2023-09-27,potato
Potato,Vegetables,22.4,43.3,35.0,10.4,Mumbai,2023-09-28,potato
Potato,Vegetables,25.7,31.8,26.7,12.1,Mumbai,2023-09-29,potato
Potato,Vegetables,22.9,48.9,40.4,10.5,Mumbai,2023-09-30,potato
Potato,Vegetables,25.9,41.8,34.6,10.1,Mumbai,2023-10-01,potato
Potato,Vegetables,26.5,31.2,26.2,8.4,Mumbai,2023-10-02,potato
Potato,Vegetables,25.6,31.8,23.9,10.2,Mumbai,2023-10-03,potato
Potato,Vegetables,25.7,30.4,27.6,7.6,Mumbai,2023-10-04,potato
Potato,Vegetables,26.7,35.7,33.4,6.0,Mumbai,2023-10-05,potato
Potato,Vegetables,22.1,56.7,43.2,19.4,Mumbai,2023-10-06,potato
Potato,Vegetables,22.6,48.1,44.0,7.5,Mumbai,2023-10-07,potato
Potato,Vegetables,24.7,38.4,35.1,7.6,Mumbai,2023-10-08,potato
Potato,Vegetables,26.8,46.7,37.4,12.6,Mumbai,2023-10-09,potato
Potato,Vegetables,26.1,35.2,32.4,10.3,Mumbai,2023-10-10,potato
Potato,Vegetables,23.1,33.6,31.2,5.9,Mumbai,2023-10-11,potato
Potato,Vegetables,25.2,36.3,30.1,11.9,Mumbai,2023-10-12,potato
Potato,Vegetables,22.2,44.2,33.9,14.5,Mumbai,2023-10-13,potato
Potato,Vegetables,22.9,41.2,36.1,9.6,Mumbai,2023-10-14,potato
Potato,Vegetables,25.1,48.0,41.0,10.1,Mumbai,2023-10-15,potato
Potato,Vegetables,23.3,37.6,31.6,12.7,Mumbai,2023-10-16,potato
Potato,Vegetables,26.3,38.4,29.6,14.1,Mumbai,2023-10-17,potato
Potato,Vegetables,24.0,37.0,33.8,9.2,Mumbai,2023-10-18,potato
Potato,Vegetables,26.0,28.6,22.4,11.2,Mumbai,2023-10-19,potato
Potato,Vegetables,25.9,26.4,24.8,8.7,Mumbai,2023-10-20,potato
Potato,Vegetables,23.3,48.6,38.6,16.4,Mumbai,2023-10-21,potato
Potato,Vegetables,23.5,52.6,40.7,19.6,Mumbai,2023-10-22,potato
Potato,Vegetables,23.9,41.6,33.9,11.9,Mumbai,2023-10-23,potato
Potato,Vegetables,24.1,39.1,34.2,9.5,Mumbai,2023-10-24,potato
Potato,Vegetables,26.8,41.0,35.8,10.0,Mumbai,2023-10-25,potato
Potato,Vegetables,22.5,36.1,28.2,13.9,Mumbai,2023-10-26,potato
Potato,Vegetables,23.7,38.6,36.3,9.9,Mumbai,2023-10-27,potato
Potato,Vegetables,24.3,49.6,37.9,18.9,Mumbai,2023-10-28,potato
Potato,Vegetables,22.4,44.8,42.1,10.3,Mumbai,2023-10-29,potato
Potato,Vegetables,25.1,38.2,34.7,6.2,Mumbai,2023-10-30,potato
Potato,Vegetables,24.8,29.8,26.7,7.8,Mumbai,2023-10-31,potato
Potato,Vegetables,25.7,34.7,33.0,4.0,Mumbai,2023-11-01,potato
Potato,Vegetables,26.3,39.6,33.0,9.5,Mumbai,2023-11-02,potato
Potato,Vegetables,22.6,48.2,36.5,16.0,Mumbai,2023-11-03,potato
Potato,Vegetables,25.4,49.3,44.5,9.7,Mumbai,2023-11-04,potato
Potato,Vegetables,23.9,40.9,36.4,10.1,Mumbai,2023-11-05,potato
Potato,Vegetables,24.7,45.3,41.5,8.0,Mumbai,2023-11-06,potato
Potato,Vegetables,23.6,40.6,31.7,11.1,Mumbai,2023-11-07,potato
Potato,Vegetables,23.4,34.4,31.4,9.5,Mumbai,2023-11-08,potato
Potato,Vegetables,22.3,41.1,34.9,13.3,Mumbai,2023-11-09,potato
Potato,Vegetables,26.7,33.7,27.6,9.5,Mumbai,2023-11-10,potato
Potato,Vegetables,22.8,39.8,33.8,8.4,Mumbai,2023-11-11,potato
Potato,Vegetables,26.4,39.9,31.0,12.9,Mumbai,2023-11-12,potato
Potato,Vegetables,25.7,29.3,26.5,8.0,Mumbai,2023-11-13,potato
Potato,Vegetables,25.8,35.8,28.2,12.6,Mumbai,2023-11-14,potato
Potato,Vegetables,23.6,43.0,31.9,18.4,Mumbai,2023-11-15,potato
Potato,Vegetables,22.3,27.7,26.1,3.7,Mumbai,2023-11-16,potato
Potato,Vegetables,24.9,41.0,35.8,11.4,Mumbai,2023-11-17,potato
Potato,Vegetables,24.3,50.6,40.6,14.5,Mumbai,2023-11-18,potato
Potato,Vegetables,26.8,44.1,38.6,10.6,Mumbai,2023-11-19,potato
Potato,Vegetables,24.6,32.3,27.9,7.7,Mumbai,2023-11-20,potato
Potato,Vegetables,26.4,37.5,30.1,11.1,Mumbai,2023-11-21,potato
Potato,Vegetables,24.8,42.3,31.4,18.6,Mumbai,2023-11-22,potato
Potato,Vegetables,25.2,43.4,33.3,13.9,Mumbai,2023-11-23,potato
Potato,Vegetables,26.5,41.4,31.8,16.9,Mumbai,2023-11-24,potato
Potato,Vegetables,25.4,51.2,48.4,8.4,Mumbai,2023-11-25,potato
Potato,Vegetables,26.0,52.5,39.8,17.9,Mumbai,2023-11-26,potato
Potato,Vegetables,24.0,34.4,32.3,7.9,Mumbai,2023-11-27,potato
Potato,Vegetables,23.4,42.8,36.5,8.4,Mumbai,2023-11-28,potato
Potato,Vegetables,26.2,40.2,33.1,11.0,Mumbai,2023-11-29,potato
Potato,Vegetables,25.1,35.0,28.1,10.6,Mumbai,2023-11-30,potato
Potato,Vegetables,25.9,43.6,32.7,13.5,Mumbai,2023-12-01,potato
Potato,Vegetables,26.5,37.2,35.1,8.1,Mumbai,2023-12-02,potato
Potato,Vegetables,23.7,45.6,41.2,7.1,Mumbai,2023-12-03,potato
Potato,Vegetables,23.0,45.5,35.4,15.1,Mumbai,2023-12-04,potato
Potato,Vegetables,24.7,38.7,29.2,16.9,Mumbai,2023-12-05,potato
Potato,Vegetables,26.1,33.6,25.5,15.7,Mumbai,2023-12-06,potato
Potato,Vegetables,25.9,33.1,25.9,12.5,Mumbai,2023-12-07,potato
Potato,Vegetables,23.7,38.1,30.0,14.8,Mumbai,2023-12-08,potato
Potato,Vegetables,23.8,37.9,36.0,9.5,Mumbai,2023-12-09,potato
Potato,Vegetables,24.2,44.9,36.0,14.8,Mumbai,2023-12-10,potato
Potato,Vegetables,23.2,32.4,29.4,6.7,Mumbai,2023-12-11,potato
Potato,Vegetables,25.9,44.6,34.0,14.9,Mumbai,2023-12-12,potato
Potato,Vegetables,22.1,31.7,29.0,6.6,Mumbai,2023-12-13,potato
Potato,Vegetables,23.0,35.9,34.0,4.3,Mumbai,2023-12-14,potato
Potato,Vegetables,26.2,29.2,24.2,12.6,Mumbai,2023-12-15,potato
Potato,Vegetables,22.1,55.4,43.1,17.3,Mumbai,2023-12-16,potato
Potato,Vegetables,24.4,48.2,37.3,17.7,Mumbai,2023-12-17,potato
Potato,Vegetables,23.4,48.0,36.7,18.5,Mumbai,2023-12-18,potato
Potato,Vegetables,23.4,49.5,37.7,19.3,Mumbai,2023-12-19,potato
Potato,Vegetables,22.6,30.7,26.2,10.7,Mumbai,2023-12-20,potato
Potato,Vegetables,22.7,52.2,40.3,14.1,Mumbai,2023-12-21,potato
Potato,Vegetables,24.9,41.2,34.1,15.1,Mumbai,2023-12-22,potato
Potato,Vegetables,26.2,36.3,31.5,10.0,Mumbai,2023-12-23,potato
Potato,Vegetables,23.6,38.5,35.5,9.0,Mumbai,2023-12-24,potato
Potato,Vegetables,22.1,45.0,39.5,12.9,Mumbai,2023-12-25,potato
Potato,Vegetables,22.5,51.0,38.6,17.8,Mumbai,2023-12-26,potato
Potato,Vegetables,22.8,43.6,32.7,17.4,Mumbai,2023-12-27,potato
Potato,Vegetables,24.0,37.0,34.2,5.6,Mumbai,2023-12-28,potato
Potato,Vegetables,23.0,35.1,30.0,8.2,Mumbai,2023-12-29,potato
Potato,Vegetables,26.4,50.7,37.7,19.5,Mumbai,2023-12-30,potato
Potato,Vegetables,22.1,42.9,38.2,8.3,Mumbai,2023-12-31,potato
Potato,Vegetables,22.2,56.3,47.9,11.8,Nashik,2022-01-01,potato
Potato,Vegetables,26.3,40.4,34.6,12.8,Nashik,2022-01-02,potato
Potato,Vegetables,22.9,39.0,36.8,9.7,Nashik,2022-01-03,potato
Potato,Vegetables,24.0,40.0,29.8,16.4,Nashik,2022-01-04,potato
Potato,Vegetables,26.6,41.0,31.2,17.7,Nashik,2022-01-05,potato
Potato,Vegetables,22.2,34.3,31.9,8.8,Nashik,2022-01-06,potato
Potato,Vegetables,22.3,40.0,33.1,12.6,Nashik,2022-01-07,potato
Potato,Vegetables,22.1,45.3,37.7,11.3,Nashik,2022-01-08,potato
Potato,Vegetables,25.7,38.8,31.1,13.7,Nashik,2022-01-09,potato
Potato,Vegetables,22.4,34.0,27.5,12.4,Nashik,2022-01-10,potato
Potato,Vegetables,24.3,38.7,31.5,9.4,Nashik,2022-01-11,potato
Potato,Vegetables,25.5,39.4,32.5,14.7,Nashik,2022-01-12,potato
Potato,Vegetables,24.1,32.7,30.6,9.8,Nashik,2022-01-13,potato
Potato,Vegetables,23.3,43.8,33.1,13.2,Nashik,2022-01-14,potato
Potato,Vegetables,25.1,46.0,39.3,9.0,Nashik,2022-01-15,potato
Potato,Vegetables,24.4,49.0,37.8,13.5,Nashik,2022-01-16,potato
Potato,Vegetables,22.3,38.4,34.6,9.7,Nashik,2022-01-17,potato
Potato,Vegetables,22.4,44.3,34.6,13.5,Nashik,2022-01-18,potato
Potato,Vegetables,23.2,37.0,34.8,5.1,Nashik,2022-01-19,potato
Potato,Vegetables,23.3,44.4,33.4,18.3,Nashik,2022-01-20,potato
Potato,Vegetables,26.4,28.7,25.9,10.1,Nashik,2022-01-21,potato
Potato,Vegetables,23.2,42.9,35.5,11.4,Nashik,2022-01-22,potato
Potato,Vegetables,24.5,37.2,31.6,9.6,Nashik,2022-01-23,potato
Potato,Vegetables,26.1,33.4,27.3,9.2,Nashik,2022-01-24,potato
Potato,Vegetables,23.2,40.0,32.0,11.1,Nashik,2022-01-25,potato
Potato,Vegetables,22.6,36.3,31.7,10.3,Nashik,2022-01-26,potato
Potato,Vegetables,24.3,41.4,34.8,11.3,Nashik,2022-01-27,potato
Potato,Vegetables,22.2,39.4,31.7,12.5,Nashik,2022-01-28,potato
Potato,Vegetables,22.8,38.1,35.1,7.6,Nashik,2022-01-29,potato
Potato,Vegetables,23.8,40.5,35.0,9.0,Nashik,2022-01-30,potato
Potato,Vegetables,24.2,45.0,40.3,11.1,Nashik,2022-01-31,potato
Potato,Vegetables,22.2,46.8,36.7,13.8,Nashik,2022-02-01,potato
Potato,Vegetables,23.9,46.0,39.1,14.5,Nashik,2022-02-02,potato
Potato,Vegetables,26.2,40.1,35.9,9.7,Nashik,2022-02-03,potato
Potato,Vegetables,25.5,29.7,27.1,8.7,Nashik,2022-02-04,potato
Potato,Vegetables,25.7,39.3,33.4,9.4,Nashik,2022-02-05,potato
Potato,Vegetables,24.2,60.0,50.7,11.3,Nashik,2022-02-06,potato
Potato,Vegetables,24.3,41.6,36.0,10.9,Nashik,2022-02-07,potato
Potato,Vegetables,22.4,46.4,39.3,12.6,Nashik,2022-02-08,potato
Potato,Vegetables,25.0,38.3,33.1,13.0,Nashik,2022-02-09,potato
Potato,Vegetables,25.0,33.3,31.4,5.7,Nashik,2022-02-10,potato
Potato,Vegetables,25.2,42.5,32.1,16.1,Nashik,2022-02-11,potato
Potato,Vegetables,24.3,49.4,38.0,14.4,Nashik,2022-02-12,potato
Potato,Vegetables,23.6,44.3,37.1,10.1,Nashik,2022-02-13,potato
Potato,Vegetables,24.1,42.5,33.0,13.3,Nashik,2022-02-14,potato
Potato,Vegetables,22.2,38.6,32.9,8.7,Nashik,2022-02-15,potato
Potato,Vegetables,22.9,36.7,34.6,7.5,Nashik,2022-02-16,potato
Potato,Vegetables,25.7,30.9,28.2,10.1,Nashik,2022-02-17,potato
Potato,Vegetables,22.5,37.7,29.2,13.9,Nashik,2022-02-18,potato
Potato,Vegetables,24.9,45.6,39.5,9.8,Nashik,2022-02-19,potato
Potato,Vegetables,24.3,44.8,34.6,15.1,Nashik,2022-02-20,potato
Potato,Vegetables,24.3,35.7,33.8,4.6,Nashik,2022-02-21,potato
Potato,Vegetables,24.2,33.5,31.8,5.7,Nashik,2022-02-22,potato
Potato,Vegetables,23.8,32.9,31.3,8.3,Nashik,2022-02-23,potato
Potato,Vegetables,26.5,35.2,30.8,10.7,Nashik,2022-02-24,potato
Potato,Vegetables,25.6,36.7,31.5,10.6,Nashik,2022-02-25,potato
Potato,Vegetables,26.0,55.6,45.5,15.7,Nashik,2022-02-26,potato
Potato,Vegetables,24.0,49.8,40.0,12.1,Nashik,2022-02-27,potato
Potato,Vegetables,22.8,43.9,35.3,12.7,Nashik,2022-02-28,potato
Potato,Vegetables,24.3,41.1,31.5,14.9,Nashik,2022-03-01,potato
Potato,Vegetables,22.3,34.1,25.8,12.1,Nashik,2022-03-02,potato
Potato,Vegetables,22.4,31.9,27.6,6.6,Nashik,2022-03-03,potato
Potato,Vegetables,26.1,32.3,27.9,8.9,Nashik,2022-03-04,potato
Potato,Vegetables,25.9,52.2,47.3,7.3,Nashik,2022-03-05,potato
Potato,Vegetables,24.8,49.1,38.1,18.4,Nashik,2022-03-06,potato
Potato,Vegetables,22.4,45.8,37.3,15.5,Nashik,2022-03-07,potato
Potato,Vegetables,25.2,46.1,36.5,14.6,Nashik,2022-03-08,potato
Potato,Vegetables,22.3,42.8,34.7,11.4,Nashik,2022-03-09,potato
Potato,Vegetables,23.3,38.5,30.4,12.5,Nashik,2022-03-10,potato
Potato,Vegetables,26.3,44.8,38.0,11.8,Nashik,2022-03-11,potato
Potato,Vegetables,22.7,39.8,31.1,15.0,Nashik,2022-03-12,potato
Potato,Vegetables,22.2,46.8,39.1,10.0,Nashik,2022-03-13,potato
Potato,Vegetables,24.8,37.8,29.4,13.7,Nashik,2022-03-14,potato
Potato,Vegetables,24.1,39.3,30.4,12.4,Nashik,2022-03-15,potato
Potato,Vegetables,23.2,31.5,26.7,9.5,Nashik,2022-03-16,potato
Potato,Vegetables,23.1,37.7,35.3,9.0,Nashik,2022-03-17,potato
Potato,Vegetables,25.8,32.3,27.1,8.3,Nashik,2022-03-18,potato
Potato,Vegetables,26.3,47.5,37.7,12.0,Nashik,2022-03-19,potato
Potato,Vegetables,22.1,50.9,40.9,15.1,Nashik,2022-03-20,potato
Potato,Vegetables,23.1,30.7,25.1,9.2,Nashik,2022-03-21,potato
Potato,Vegetables,22.9,24.9,23.5,9.1,Nashik,2022-03-22,potato
Potato,Vegetables,22.3,44.1,33.4,13.8,Nashik,2022-03-23,potato
Potato,Vegetables,22.8,39.5,32.2,14.7,Nashik,2022-03-24,potato
Potato,Vegetables,25.8,31.2,28.4,5.8,Nashik,2022-03-25,potato
Potato,Vegetables,22.1,44.6,40.7,6.8,Nashik,2022-03-26,potato
Potato,Vegetables,23.2,39.5,33.9,7.6,Nashik,2022-03-27,potato
Potato,Vegetables,25.7,37.1,28.8,12.0,Nashik,2022-03-28,potato
Potato,Vegetables,26.8,41.3,35.3,12.0,Nashik,2022-03-29,potato
Potato,Vegetables,23.6,46.4,40.2,12.1,Nashik,2022-03-30,potato
Potato,Vegetables,22.8,35.7,29.9,9.4,Nashik,2022-03-31,potato
Potato,Vegetables,26.5,36.3,30.6,12.7,Nashik,2022-04-01,potato
Potato,Vegetables,25.4,53.6,42.7,16.2,Nashik,2022-04-02,potato
Potato,Vegetables,26.2,45.7,37.9,13.5,Nashik,2022-04-03,potato
Potato,Vegetables,26.7,34.8,29.6,11.2,Nashik,2022-04-04,potato
Potato,Vegetables,24.6,35.6,31.6,8.9,Nashik,2022-04-05,potato
Potato,Vegetables,26.5,40.3,33.6,9.6,Nashik,2022-04-06,potato
Potato,Vegetables,24.7,42.3,37.7,8.5,Nashik,2022-04-07,potato
Potato,Vegetables,24.6,29.5,27.2,5.6,Nashik,2022-04-08,potato
Potato,Vegetables,25.9,43.8,39.1,9.4,Nashik,2022-04-09,potato
Potato,Vegetables,24.0,52.3,41.2,16.0,Nashik,2022-04-10,potato
Potato,Vegetables,23.8,39.9,34.4,10.0,Nashik,2022-04-11,potato
Potato,Vegetables,26.4,42.5,33.5,15.1,Nashik,2022-04-12,potato
Potato,Vegetables,25.5,36.2,31.8,6.9,Nashik,2022-04-13,potato
Potato,Vegetables,25.6,31.6,27.7,7.8,Nashik,2022-04-14,potato
Potato,Vegetables,25.2,36.8,30.2,13.7,Nashik,2022-04-15,potato
Potato,Vegetables,22.6,51.7,48.3,9.3,Nashik,2022-04-16,potato
Potato,Vegetables,25.0,47.9,37.6,16.7,Nashik,2022-04-17,potato
Potato,Vegetables,24.9,28.8,26.4,6.2,Nashik,2022-04-18,potato
Potato,Vegetables,24.0,41.7,32.8,16.4,Nashik,2022-04-19,potato
Potato,Vegetables,25.1,41.4,36.9,7.3,Nashik,2022-04-20,potato
Potato,Vegetables,22.1,34.9,30.9,10.0,Nashik,2022-04-21,potato
Potato,Vegetables,22.8,34.9,29.6,7.3,Nashik,2022-04-22,potato
Potato,Vegetables,23.3,47.0,36.8,17.4,Nashik,2022-04-23,potato
Potato,Vegetables,24.6,34.4,27.6,13.2,Nashik,2022-04-24,potato
Potato,Vegetables,23.4,42.7,36.1,10.6,Nashik,2022-04-25,potato
Potato,Vegetables,26.8,47.6,35.4,18.4,Nashik,2022-04-26,potato
Potato,Vegetables,23.9,42.7,35.2,10.3,Nashik,2022-04-27,potato
Potato,Vegetables,26.6,39.1,34.9,8.6,Nashik,2022-04-28,potato
Potato,Vegetables,23.7,34.4,32.6,7.9,Nashik,2022-04-29,potato
Potato,Vegetables,22.7,50.2,39.6,15.6,Nashik,2022-04-30,potato
Potato,Vegetables,26.8,45.6,42.9,10.3,Nashik,2022-05-01,potato
Potato,Vegetables,24.8,34.3,30.0,7.1,Nashik,2022-05-02,potato
Potato,Vegetables,25.2,33.2,30.2,7.3,Nashik,2022-05-03,potato
Potato,Vegetables,26.2,42.5,31.6,17.4,Nashik,2022-05-04,potato
Potato,Vegetables,22.1,41.1,32.3,11.3,Nashik,2022-05-05,potato
Potato,Vegetables,22.9,42.8,36.1,8.9,Nashik,2022-05-06,potato
Potato,Vegetables,24.0,47.6,41.2,8.5,Nashik,2022-05-07,potato
Potato,Vegetables,23.4,56.2,43.8,16.4,Nashik,2022-05-08,potato
Potato,Vegetables,23.9,40.4,32.7,12.3,Nashik,2022-05-09,potato
Potato,Vegetables,25.7,37.4,28.5,15.4,Nashik,2022-05-10,potato
Potato,Vegetables,24.7,38.6,31.0,13.1,Nashik,2022-05-11,potato
Potato,Vegetables,26.1,39.8,33.2,11.9,Nashik,2022-05-12,potato
Potato,Vegetables,24.3,38.7,33.5,9.3,Nashik,2022-05-13,potato
Potato,Vegetables,22.3,45.5,42.4,8.2,Nashik,2022-05-14,potato
Potato,Vegetables,22.3,43.8,37.7,11.0,Nashik,2022-05-15,potato
Potato,Vegetables,23.6,40.8,30.6,17.9,Nashik,2022-05-16,potato
Potato,Vegetables,22.3,46.1,36.7,11.7,Nashik,2022-05-17,potato
Potato,Vegetables,25.8,36.6,29.3,15.0,Nashik,2022-05-18,potato
Potato,Vegetables,26.4,38.7,30.7,15.8,Nashik,2022-05-19,potato
Potato,Vegetables,22.1,44.8,34.8,12.3,Nashik,2022-05-20,potato
Potato,Vegetables,26.9,43.7,36.2,11.3,Nashik,2022-05-21,potato
Potato,Vegetables,25.6,40.0,35.5,8.2,Nashik,2022-05-22,potato
Potato,Vegetables,22.9,38.8,29.4,13.1,Nashik,2022-05-23,potato
Potato,Vegetables,24.6,40.2,33.7,12.7,Nashik,2022-05-24,potato
Potato,Vegetables,23.2,39.7,34.4,8.0,Nashik,2022-05-25,potato
Potato,Vegetables,24.5,46.2,34.4,13.9,Nashik,2022-05-26,potato
Potato,Vegetables,26.1,32.9,27.6,11.1,Nashik,2022-05-27,potato
Potato,Vegetables,25.4,52.4,39.5,20.1,Nashik,2022-05-28,potato
Potato,Vegetables,23.7,49.9,41.6,15.1,Nashik,2022-05-29,potato
Potato,Vegetables,25.0,38.3,29.4,13.3,Nashik,2022-05-30,potato
Potato,Vegetables,26.8,42.7,33.1,15.1,Nashik,2022-05-31,potato
Potato,Vegetables,23.5,34.1,28.0,11.1,Nashik,2022-06-01,potato
Potato,Vegetables,23.0,38.3,29.5,12.1,Nashik,2022-06-02,potato
Potato,Vegetables,24.5,44.2,35.1,17.1,Nashik,2022-06-03,potato
Potato,Vegetables,23.4,43.4,33.5,17.1,Nashik,2022-06-04,potato
Potato,Vegetables,26.3,50.8,38.1,16.8,Nashik,2022-06-05,potato
Potato,Vegetables,25.3,41.2,35.1,11.4,Nashik,2022-06-06,potato
Potato,Vegetables,22.7,39.5,30.3,14.1,Nashik,2022-06-07,potato
Potato,Vegetables,25.2,34.5,26.8,14.7,Nashik,2022-06-08,potato
Potato,Vegetables,24.6,46.4,35.1,14.3,Nashik,2022-06-09,potato
Potato,Vegetables,24.1,42.5,31.5,15.8,Nashik,2022-06-10,potato
Potato,Vegetables,24.1,44.5,35.4,11.4,Nashik,2022-06-11,potato
Potato,Vegetables,23.8,39.1,31.5,10.4,Nashik,2022-06-12,potato
Potato,Vegetables,24.0,53.6,43.2,14.2,Nashik,2022-06-13,potato
Potato,Vegetables,25.0,36.6,28.5,12.8,Nashik,2022-06-14,potato
Potato,Vegetables,26.6,40.5,32.8,11.0,Nashik,2022-06-15,potato
Potato,Vegetables,23.6,35.5,27.7,11.8,Nashik,2022-06-16,potato
Potato,Vegetables,23.0,35.5,28.9,11.4,Nashik,2022-06-17,potato
Potato,Vegetables,22.2,68.7,52.7,18.1,Nashik,2022-06-18,potato
Potato,Vegetables,22.9,48.0,38.5,16.0,Nashik,2022-06-19,potato
Potato,Vegetables,25.1,37.6,30.9,14.4,Nashik,2022-06-20,potato
Potato,Vegetables,26.4,35.1,33.1,6.1,Nashik,2022-06-21,potato
Potato,Vegetables,25.6,33.0,27.9,10.1,Nashik,2022-06-22,potato
Potato,Vegetables,23.8,38.1,32.1,13.3,Nashik,2022-06-23,potato
Potato,Vegetables,23.6,42.7,32.4,13.6,Nashik,2022-06-24,potato
Potato,Vegetables,24.4,46.5,38.1,10.9,Nashik,2022-06-25,potato
Potato,Vegetables,24.4,35.4,28.9,11.7,Nashik,2022-06-26,potato
Potato,Vegetables,22.6,37.7,33.8,9.9,Nashik,2022-06-27,potato
Potato,Vegetables,24.9,32.0,26.9,11.4,Nashik,2022-06-28,potato
Potato,Vegetables,25.3,38.0,33.8,10.1,Nashik,2022-06-29,potato
Potato,Vegetables,23.7,48.7,39.8,15.2,Nashik,2022-06-30,potato
Potato,Vegetables,23.9,38.4,30.1,10.4,Nashik,2022-07-01,potato
Potato,Vegetables,23.0,54.0,41.3,20.2,Nashik,2022-07-02,potato
Potato,Vegetables,26.8,43.0,37.2,9.8,Nashik,2022-07-03,potato
Potato,Vegetables,22.7,40.2,35.0,9.2,Nashik,2022-07-04,potato
Potato,Vegetables,25.2,29.3,27.1,4.5,Nashik,2022-07-05,potato
Potato,Vegetables,25.9,35.9,29.2,10.1,Nashik,2022-07-06,potato
Potato,Vegetables,23.8,39.3,37.0,5.9,Nashik,2022-07-07,potato
Potato,Vegetables,22.2,42.8,35.7,11.1,Nashik,2022-07-08,potato
Potato,Vegetables,23.1,31.1,26.2,12.1,Nashik,2022-07-09,potato
Potato,Vegetables,26.8,57.8,44.8,17.2,Nashik,2022-07-10,potato
Potato,Vegetables,23.1,31.7,28.0,10.7,Nashik,2022-07-11,potato
Potato,Vegetables,26.6,34.0,32.1,9.1,Nashik,2022-07-12,potato
Potato,Vegetables,26.2,36.0,28.1,14.8,Nashik,2022-07-13,potato
Potato,Vegetables,25.0,35.4,30.0,10.4,Nashik,2022-07-14,potato
Potato,Vegetables,22.5,39.5,30.9,11.4,Nashik,2022-07-15,potato
Potato,Vegetables,25.2,49.0,43.0,13.0,Nashik,2022-07-16,potato
Potato,Vegetables,23.3,45.6,37.3,13.2,Nashik,2022-07-17,potato
Potato,Vegetables,23.8,34.7,32.0,6.1,Nashik,2022-07-18,potato
Potato,Vegetables,25.4,37.7,30.9,12.0,Nashik,2022-07-19,potato
Potato,Vegetables,24.8,27.2,22.9,11.6,Nashik,2022-07-20,potato
Potato,Vegetables,23.0,48.6,36.7,19.0,Nashik,2022-07-21,potato
Potato,Vegetables,26.4,46.1,34.2,16.7,Nashik,2022-07-22,potato
Potato,Vegetables,26.2,50.2,38.0,16.1,Nashik,2022-07-23,potato
Potato,Vegetables,24.2,33.5,29.2,8.6,Nashik,2022-07-24,potato
Potato,Vegetables,24.1,40.0,35.5,9.3,Nashik,2022-07-25,potato
Potato,Vegetables,25.8,28.2,25.7,9.4,Nashik,2022-07-26,potato
Potato,Vegetables,24.5,50.2,37.4,16.3,Nashik,2022-07-27,potato
Potato,Vegetables,22.9,29.5,27.8,5.1,Nashik,2022-07-28,potato
Potato,Vegetables,25.6,37.4,29.4,10.9,Nashik,2022-07-29,potato
Potato,Vegetables,26.6,44.0,35.5,11.4,Nashik,2022-07-30,potato
Potato,Vegetables,25.1,41.2,36.4,8.3,Nashik,2022-07-31,potato
Potato,Vegetables,26.4,37.0,32.4,12.5,Nashik,2022-08-01,potato
Potato,Vegetables,26.8,38.2,29.4,16.0,Nashik,2022-08-02,potato
Potato,Vegetables,26.0,43.7,35.3,15.5,Nashik,2022-08-03,potato
Potato,Vegetables,26.6,41.5,32.5,16.8,Nashik,2022-08-04,potato
Potato,Vegetables,24.2,38.9,33.2,9.1,Nashik,2022-08-05,potato
Potato,Vegetables,26.0,38.9,35.0,6.4,Nashik,2022-08-06,potato
Potato,Vegetables,24.3,46.4,36.8,13.8,Nashik,2022-08-07,potato
Potato,Vegetables,22.5,37.0,31.6,10.5,Nashik,2022-08-08,potato
Potato,Vegetables,23.3,36.8,34.4,10.1,Nashik,2022-08-09,potato
Potato,Vegetables,22.1,38.0,30.5,10.3,Nashik,2022-08-10,potato
Potato,Vegetables,24.7,34.9,30.8,11.8,Nashik,2022-08-11,potato
Potato,Vegetables,22.5,42.8,37.1,8.8,Nashik,2022-08-12,potato
Potato,Vegetables,26.8,46.1,41.9,8.0,Nashik,2022-08-13,potato
Potato,Vegetables,25.1,41.9,38.0,8.9,Nashik,2022-08-14,potato
Potato,Vegetables,26.6,36.1,30.0,9.3,Nashik,2022-08-15,potato
Potato,Vegetables,26.8,39.6,32.8,10.0,Nashik,2022-08-16,potato
Potato,Vegetables,26.1,49.3,37.8,15.4,Nashik,2022-08-17,potato
Potato,Vegetables,24.9,29.2,27.4,5.2,Nashik,2022-08-18,potato
Potato,Vegetables,22.7,35.3,27.6,14.3,Nashik,2022-08-19,potato
Potato,Vegetables,25.8,43.6,40.0,8.8,Nashik,2022-08-20,potato
Potato,Vegetables,25.3,40.2,31.8,12.5,Nashik,2022-08-21,potato
Potato,Vegetables,23.3,35.5,29.1,12.1,Nashik,2022-08-22,potato
Potato,Vegetables,25.8,41.0,31.7,14.0,Nashik,2022-08-23,potato
Potato,Vegetables,24.3,43.7,37.6,12.2,Nashik,2022-08-24,potato
Potato,Vegetables,24.9,28.3,26.9,3.9,Nashik,2022-08-25,potato
Potato,Vegetables,22.6,38.0,31.1,13.5,Nashik,2022-08-26,potato
Potato,Vegetables,24.3,43.4,32.9,16.9,Nashik,2022-08-27,potato
Potato,Vegetables,24.1,39.5,36.6,10.0,Nashik,2022-08-28,potato
Potato,Vegetables,22.9,36.6,28.0,14.1,Nashik,2022-08-29,potato
Potato,Vegetables,23.2,39.4,37.4,5.3,Nashik,2022-08-30,potato
Potato,Vegetables,23.8,32.0,28.4,8.2,Nashik,2022-08-31,potato
Potato,Vegetables,22.3,45.7,35.7,12.5,Nashik,2022-09-01,potato
Potato,Vegetables,25.6,35.3,30.1,8.7,Nashik,2022-09-02,potato
Potato,Vegetables,23.3,40.6,30.4,14.0,Nashik,2022-09-03,potato
Potato,Vegetables,23.0,48.2,42.2,9.0,Nashik,2022-09-04,potato
Potato,Vegetables,24.1,30.3,27.9,6.8,Nashik,2022-09-05,potato
Potato,Vegetables,26.2,41.0,31.9,14.2,Nashik,2022-09-06,potato
Potato,Vegetables,22.3,26.5,23.8,10.1,Nashik,2022-09-07,potato
Potato,Vegetables,25.9,37.1,32.1,11.2,Nashik,2022-09-08,potato
Potato,Vegetables,25.3,46.2,37.2,14.0,Nashik,2022-09-09,potato
Potato,Vegetables,23.3,45.3,40.6,8.1,Nashik,2022-09-10,potato
Potato,Vegetables,25.9,27.8,24.3,11.3,Nashik,2022-09-11,potato
Potato,Vegetables,24.2,38.6,32.2,13.7,Nashik,2022-09-12,potato
Potato,Vegetables,22.5,49.1,42.6,10.2,Nashik,2022-09-13,potato
Potato,Vegetables,23.6,40.4,36.0,11.4,Nashik,2022-09-14,potato
Potato,Vegetables,23.7,31.1,28.7,7.5,Nashik,2022-09-15,potato
Potato,Vegetables,24.5,36.9,30.3,13.9,Nashik,2022-09-16,potato
Potato,Vegetables,22.2,47.7,36.8,17.4,Nashik,2022-09-17,potato
Potato,Vegetables,22.9,45.9,42.0,6.6,Nashik,2022-09-18,potato
Potato,Vegetables,25.6,36.1,30.3,9.5,Nashik,2022-09-19,potato
Potato,Vegetables,22.9,34.6,30.8,11.5,Nashik,2022-09-20,potato
Potato,Vegetables,24.8,43.9,38.0,12.2,Nashik,2022-09-21,potato
Potato,Vegetables,24.5,44.7,33.1,15.2,Nashik,2022-09-22,potato
Potato,Vegetables,24.3,30.1,23.6,11.3,Nashik,2022-09-23,potato
Potato,Vegetables,23.7,46.3,38.1,11.6,Nashik,2022-09-24,potato
Potato,Vegetables,23.7,37.8,33.2,9.2,Nashik,2022-09-25,potato
Potato,Vegetables,25.9,34.5,26.5,14.9,Nashik,2022-09-26,potato
Potato,Vegetables,25.9,35.3,27.7,14.9,Nashik,2022-09-27,potato
Potato,Vegetables,25.5,31.4,29.5,8.4,Nashik,2022-09-28,potato
Potato,Vegetables,25.2,34.4,27.2,9.8,Nashik,2022-09-29,potato
Potato,Vegetables,23.7,52.9,41.0,19.8,Nashik,2022-09-30,potato
Potato,Vegetables,22.5,42.9,34.5,11.2,Nashik,2022-10-01,potato
Potato,Vegetables,23.5,31.4,28.2,9.9,Nashik,2022-10-02,potato
Potato,Vegetables,26.4,42.0,32.2,14.9,Nashik,2022-10-03,potato
Potato,Vegetables,24.9,35.7,32.2,7.4,Nashik,2022-10-04,potato
Potato,Vegetables,23.4,37.2,33.8,6.9,Nashik,2022-10-05,potato
Potato,Vegetables,26.3,36.8,33.1,7.1,Nashik,2022-10-06,potato
Potato,Vegetables,24.5,32.2,26.9,11.2,Nashik,2022-10-07,potato
Potato,Vegetables,22.9,45.2,41.9,10.8,Nashik,2022-10-08,potato
Potato,Vegetables,22.9,37.8,32.0,8.5,Nashik,2022-10-09,potato
Potato,Vegetables,25.4,36.0,29.3,14.6,Nashik,2022-10-10,potato
Potato,Vegetables,26.3,37.8,30.0,9.9,Nashik,2022-10-11,potato
Potato,Vegetables,26.2,35.6,30.4,9.0,Nashik,2022-10-12,potato
Potato,Vegetables,23.0,34.6,28.5,12.7,Nashik,2022-10-13,potato
Potato,Vegetables,26.6,44.6,34.7,14.8,Nashik,2022-10-14,potato
Potato,Vegetables,26.5,33.5,31.7,9.2,Nashik,2022-10-15,potato
Potato,Vegetables,26.4,42.9,35.6,11.7,Nashik,2022-10-16,potato
Potato,Vegetables,26.4,33.9,26.8,9.8,Nashik,2022-10-17,potato
Potato,Vegetables,26.5,37.7,31.2,8.9,Nashik,2022-10-18,potato
Potato,Vegetables,25.4,39.2,29.3,14.7,Nashik,2022-10-19,potato
Potato,Vegetables,24.5,46.9,35.3,16.0,Nashik,2022-10-20,potato
Potato,Vegetables,26.4,33.0,29.7,8.0,Nashik,2022-10-21,potato
Potato,Vegetables,23.3,51.2,40.5,13.1,Nashik,2022-10-22,potato
Potato,Vegetables,25.7,42.8,35.0,14.5,Nashik,2022-10-23,potato
Potato,Vegetables,24.9,34.1,31.2,6.8,Nashik,2022-10-24,potato
Potato,Vegetables,22.2,27.7,23.6,6.6,Nashik,2022-10-25,potato
Potato,Vegetables,25.3,35.7,32.1,8.6,Nashik,2022-10-26,potato
Potato,Vegetables,25.5,42.1,32.6,13.2,Nashik,2022-10-27,potato
Potato,Vegetables,24.4,38.8,32.9,8.2,Nashik,2022-10-28,potato
Potato,Vegetables,24.6,45.1,35.0,12.4,Nashik,2022-10-29,potato
Potato,Vegetables,24.0,42.3,37.9,11.3,Nashik,2022-10-30,potato
Potato,Vegetables,22.8,43.8,32.7,14.9,Nashik,2022-10-31,potato
Potato,Vegetables,22.8,35.0,32.3,7.7,Nashik,2022-11-01,potato
Potato,Vegetables,26.6,36.2,30.6,11.6,Nashik,2022-11-02,potato
Potato,Vegetables,25.5,41.8,31.0,12.8,Nashik,2022-11-03,potato
Potato,Vegetables,24.3,40.6,31.2,13.1,Nashik,2022-11-04,potato
Potato,Vegetables,26.9,48.1,39.8,12.7,Nashik,2022-11-05,potato
Potato,Vegetables,25.5,49.1,36.7,16.7,Nashik,2022-11-06,potato
Potato,Vegetables,26.2,28.4,26.6,5.7,Nashik,2022-11-07,potato
Potato,Vegetables,26.1,39.5,36.6,8.3,Nashik,2022-11-08,potato
Potato,Vegetables,24.5,42.9,33.6,14.4,Nashik,2022-11-09,potato
Potato,Vegetables,26.1,39.8,31.6,15.6,Nashik,2022-11-10,potato
Potato,Vegetables,25.6,31.6,30.1,9.2,Nashik,2022-11-11,potato
Potato,Vegetables,23.3,42.9,39.0,6.9,Nashik,2022-11-12,potato
Potato,Vegetables,25.6,45.7,37.4,11.2,Nashik,2022-11-13,potato
Potato,Vegetables,22.7,34.1,31.3,6.4,Nashik,2022-11-14,potato
Potato,Vegetables,25.2,45.2,33.7,18.7,Nashik,2022-11-15,potato
Potato,Vegetables,25.9,35.9,26.9,14.7,Nashik,2022-11-16,potato
Potato,Vegetables,25.8,29.0,26.2,6.6,Nashik,2022-11-17,potato
Potato,Vegetables,25.7,42.8,34.3,11.8,Nashik,2022-11-18,potato
Potato,Vegetables,26.2,49.5,37.2,16.2,Nashik,2022-11-19,potato
Potato,Vegetables,24.9,38.7,34.6,11.4,Nashik,2022-11-20,potato
Potato,Vegetables,26.3,26.9,25.6,5.2,Nashik,2022-11-21,potato
Potato,Vegetables,25.8,27.8,26.3,4.7,Nashik,2022-11-22,potato
Potato,Vegetables,25.6,34.4,27.5,9.4,Nashik,2022-11-23,potato
Potato,Vegetables,22.6,38.6,31.6,11.8,Nashik,2022-11-24,potato
Potato,Vegetables,23.3,46.5,36.7,14.5,Nashik,2022-11-25,potato
Potato,Vegetables,23.6,46.2,37.7,10.5,Nashik,2022-11-26,potato
Potato,Vegetables,25.6,41.7,35.6,9.0,Nashik,2022-11-27,potato
Potato,Vegetables,26.6,40.9,31.5,11.5,Nashik,2022-11-28,potato
Potato,Vegetables,26.7,38.3,30.7,11.8,Nashik,2022-11-29,potato
Potato,Vegetables,22.6,39.4,31.9,9.8,Nashik,2022-11-30,potato
Potato,Vegetables,26.5,44.2,34.0,12.2,Nashik,2022-12-01,potato
Potato,Vegetables,24.3,41.5,31.5,14.2,Nashik,2022-12-02,potato
Potato,Vegetables,23.6,53.7,43.2,14.7,Nashik,2022-12-03,potato
Potato,Vegetables,22.4,57.9,43.6,18.2,Nashik,2022-12-04,potato
Potato,Vegetables,25.9,35.7,30.7,7.5,Nashik,2022-12-05,potato
Potato,Vegetables,23.7,31.7,23.7,10.7,Nashik,2022-12-06,potato
Potato,Vegetables,24.7,39.8,32.9,14.7,Nashik,2022-12-07,potato
Potato,Vegetables,22.2,44.9,39.7,9.1,Nashik,2022-12-08,potato
Potato,Vegetables,22.7,36.9,27.6,14.0,Nashik,2022-12-09,potato
Potato,Vegetables,26.6,38.8,30.0,15.2,Nashik,2022-12-10,potato
Potato,Vegetables,23.7,41.2,35.4,13.0,Nashik,2022-12-11,potato
Potato,Vegetables,25.8,39.8,30.8,12.3,Nashik,2022-12-12,potato
Potato,Vegetables,23.1,41.4,37.3,10.4,Nashik,2022-12-13,potato
Potato,Vegetables,23.9,48.8,37.1,15.9,Nashik,2022-12-14,potato
Potato,Vegetables,23.2,35.5,31.6,7.6,Nashik,2022-12-15,potato
Potato,Vegetables,23.9,38.5,36.2,4.7,Nashik,2022-12-16,potato
Potato,Vegetables,26.5,46.8,39.2,11.8,Nashik,2022-12-17,potato
Potato,Vegetables,22.5,50.4,41.4,15.5,Nashik,2022-12-18,potato
Potato,Vegetables,23.0,45.9,35.2,17.5,Nashik,2022-12-19,potato
Potato,Vegetables,22.3,35.5,32.3,7.0,Nashik,2022-12-20,potato
Potato,Vegetables,23.5,36.2,30.7,7.8,Nashik,2022-12-21,potato
Potato,Vegetables,24.0,35.1,29.3,8.0,Nashik,2022-12-22,potato
Potato,Vegetables,25.3,43.4,32.2,13.6,Nashik,2022-12-23,potato
Potato,Vegetables,23.4,38.3,35.2,7.3,Nashik,2022-12-24,potato
Potato,Vegetables,26.1,45.0,41.4,7.1,Nashik,2022-12-25,potato
Potato,Vegetables,23.8,38.2,35.9,9.2,Nashik,2022-12-26,potato
Potato,Vegetables,23.3,34.3,29.9,8.8,Nashik,2022-12-27,potato
Potato,Vegetables,25.8,45.6,34.3,15.9,Nashik,2022-12-28,potato
Potato,Vegetables,23.5,30.6,29.1,4.9,Nashik,2022-12-29,potato
Potato,Vegetables,23.5,37.2,29.0,13.5,Nashik,2022-12-30,potato
Potato,Vegetables,23.7,54.3,44.0,12.7,Nashik,2022-12-31,potato
Potato,Vegetables,23.2,45.8,40.3,9.7,Nashik,2023-01-01,potato
Potato,Vegetables,22.2,42.5,32.2,15.4,Nashik,2023-01-02,potato
Potato,Vegetables,26.8,46.4,36.8,16.9,Nashik,2023-01-03,potato
Potato,Vegetables,26.8,51.4,38.8,18.1,Nashik,2023-01-04,potato
Potato,Vegetables,22.3,39.2,31.1,15.7,Nashik,2023-01-05,potato
Potato,Vegetables,25.8,48.4,39.8,13.1,Nashik,2023-01-06,potato
Potato,Vegetables,26.8,54.4,41.3,18.8,Nashik,2023-01-07,potato
Potato,Vegetables,25.2,51.0,40.4,17.5,Nashik,2023-01-08,potato
Potato,Vegetables,26.8,47.4,36.3,13.9,Nashik,2023-01-09,potato
Potato,Vegetables,24.7,31.5,26.4,12.7,Nashik,2023-01-10,potato
Potato,Vegetables,23.3,40.5,35.4,12.5,Nashik,2023-01-11,potato
Potato,Vegetables,22.5,37.7,31.4,12.2,Nashik,2023-01-12,potato
Potato,Vegetables,25.2,45.7,34.0,13.9,Nashik,2023-01-13,potato
Potato,Vegetables,25.5,51.2,38.1,17.6,Nashik,2023-01-14,potato
Potato,Vegetables,25.7,52.4,41.7,12.9,Nashik,2023-01-15,potato
Potato,Vegetables,24.7,42.6,32.4,16.0,Nashik,2023-01-16,potato
Potato,Vegetables,24.9,31.4,25.1,11.5,Nashik,2023-01-17,potato
Potato,Vegetables,24.2,48.1,37.5,15.1,Nashik,2023-01-18,potato
Potato,Vegetables,22.3,35.5,29.3,11.6,Nashik,2023-01-19,potato
Potato,Vegetables,24.4,41.6,34.8,13.6,Nashik,2023-01-20,potato
Potato,Vegetables,25.1,46.0,35.8,17.5,Nashik,2023-01-21,potato
Potato,Vegetables,23.2,49.6,40.7,14.2,Nashik,2023-01-22,potato
Potato,Vegetables,23.6,42.8,35.3,11.8,Nashik,2023-01-23,potato
Potato,Vegetables,26.3,26.9,24.6,8.5,Nashik,2023-01-24,potato
Potato,Vegetables,25.3,39.3,33.9,8.4,Nashik,2023-01-25,potato
Potato,Vegetables,25.5,42.7,33.7,16.4,Nashik,2023-01-26,potato
Potato,Vegetables,26.8,33.5,29.1,9.4,Nashik,2023-01-27,potato
Potato,Vegetables,24.0,43.8,37.0,9.8,Nashik,2023-01-28,potato
Potato,Vegetables,26.3,37.8,33.2,11.2,Nashik,2023-01-29,potato
Potato,Vegetables,22.4,42.1,34.2,12.6,Nashik,2023-01-30,potato
Potato,Vegetables,22.3,35.7,31.1,12.0,Nashik,2023-01-31,potato
Potato,Vegetables,26.4,42.4,36.0,13.1,Nashik,2023-02-01,potato
Potato,Vegetables,26.3,47.9,37.8,15.3,Nashik,2023-02-02,potato
Potato,Vegetables,25.1,41.4,33.2,12.3,Nashik,2023-02-03,potato
Potato,Vegetables,26.2,41.1,32.0,15.4,Nashik,2023-02-04,potato
Potato,Vegetables,22.2,47.1,44.0,5.5,Nashik,2023-02-05,potato
Potato,Vegetables,25.7,44.2,34.3,17.4,Nashik,2023-02-06,potato
Potato,Vegetables,25.8,41.7,34.5,9.9,Nashik,2023-02-07,potato
Potato,Vegetables,26.5,33.5,27.3,8.8,Nashik,2023-02-08,potato
Potato,Vegetables,23.9,38.4,34.4,9.4,Nashik,2023-02-09,potato
Potato,Vegetables,23.6,45.2,37.4,11.7,Nashik,2023-02-10,potato
Potato,Vegetables,24.5,37.3,35.5,4.7,Nashik,2023-02-11,potato
Potato,Vegetables,26.1,45.6,38.8,13.2,Nashik,2023-02-12,potato
Potato,Vegetables,22.2,42.9,33.9,15.7,Nashik,2023-02-13,potato
Potato,Vegetables,25.2,34.7,27.2,10.5,Nashik,2023-02-14,potato
Potato,Vegetables,25.2,42.5,34.4,13.4,Nashik,2023-02-15,potato
Potato,Vegetables,24.9,40.3,31.0,11.4,Nashik,2023-02-16,potato
Potato,Vegetables,26.2,37.5,31.2,10.5,Nashik,2023-02-17,potato
Potato,Vegetables,22.7,39.9,36.7,9.7,Nashik,2023-02-18,potato
Potato,Vegetables,22.6,44.0,36.3,14.7,Nashik,2023-02-19,potato
Potato,Vegetables,26.7,40.0,31.5,12.4,Nashik,2023-02-20,potato
Potato,Vegetables,23.3,42.0,35.1,9.4,Nashik,2023-02-21,potato
Potato,Vegetables,25.3,42.0,34.2,9.9,Nashik,2023-02-22,potato
Potato,Vegetables,25.2,40.1,32.0,10.4,Nashik,2023-02-23,potato
Potato,Vegetables,24.6,39.9,30.9,16.0,Nashik,2023-02-24,potato
Potato,Vegetables,22.5,50.7,41.1,15.4,Nashik,2023-02-25,potato
Potato,Vegetables,23.7,33.5,31.5,7.2,Nashik,2023-02-26,potato
Potato,Vegetables,24.6,33.0,25.3,11.9,Nashik,2023-02-27,potato
Potato,Vegetables,22.7,39.2,30.7,14.3,Nashik,2023-02-28,potato
Potato,Vegetables,23.6,33.6,31.4,5.5,Nashik,2023-03-01,potato
Potato,Vegetables,26.7,28.9,26.4,6.1,Nashik,2023-03-02,potato
Potato,Vegetables,22.7,38.6,31.5,11.9,Nashik,2023-03-03,potato
Potato,Vegetables,22.7,43.5,33.8,15.8,Nashik,2023-03-04,potato
Potato,Vegetables,26.6,37.3,32.3,7.4,Nashik,2023-03-05,potato
Potato,Vegetables,22.3,32.5,25.4,10.8,Nashik,2023-03-06,potato
Potato,Vegetables,24.4,55.6,41.2,21.4,Nashik,2023-03-07,potato
Potato,Vegetables,22.4,46.5,42.4,6.3,Nashik,2023-03-08,potato
Potato,Vegetables,23.0,44.3,34.3,13.2,Nashik,2023-03-09,potato
Potato,Vegetables,25.8,42.0,31.2,17.8,Nashik,2023-03-10,potato
Potato,Vegetables,24.3,53.6,41.7,15.7,Nashik,2023-03-11,potato
Potato,Vegetables,23.2,43.1,34.4,16.0,Nashik,2023-03-12,potato
Potato,Vegetables,22.2,33.3,31.2,5.7,Nashik,2023-03-13,potato
Potato,Vegetables,24.8,40.9,31.0,12.3,Nashik,2023-03-14,potato
Potato,Vegetables,24.7,35.7,32.3,7.6,Nashik,2023-03-15,potato
Potato,Vegetables,22.2,43.6,32.9,16.4,Nashik,2023-03-16,potato
Potato,Vegetables,24.9,36.1,32.5,8.9,Nashik,2023-03-17,potato
Potato,Vegetables,26.7,45.8,42.4,11.2,Nashik,2023-03-18,potato
Potato,Vegetables,25.8,48.4,38.0,15.8,Nashik,2023-03-19,potato
Potato,Vegetables,25.8,32.6,29.8,9.1,Nashik,2023-03-20,potato
Potato,Vegetables,25.2,44.0,35.1,12.3,Nashik,2023-03-21,potato
Potato,Vegetables,22.8,32.8,28.3,8.9,Nashik,2023-03-22,potato
Potato,Vegetables,26.0,44.1,37.1,9.4,Nashik,2023-03-23,potato
Potato,Vegetables,25.2,39.2,29.7,14.6,Nashik,2023-03-24,potato
Potato,Vegetables,25.4,40.6,36.1,11.7,Nashik,2023-03-25,potato
Potato,Vegetables,26.1,56.4,43.1,20.3,Nashik,2023-03-26,potato
Potato,Vegetables,22.7,30.4,27.7,9.4,Nashik,2023-03-27,potato
Potato,Vegetables,24.4,32.7,30.4,6.7,Nashik,2023-03-28,potato
Potato,Vegetables,26.8,35.5,28.9,9.8,Nashik,2023-03-29,potato
Potato,Vegetables,26.7,32.0,25.8,9.6,Nashik,2023-03-30,potato
Potato,Vegetables,24.2,32.4,28.5,9.2,Nashik,2023-03-31,potato
Potato,Vegetables,22.5,39.7,37.3,7.6,Nashik,2023-04-01,potato
Potato,Vegetables,24.2,43.4,40.3,6.7,Nashik,2023-04-02,potato
Potato,Vegetables,22.6,37.2,29.3,13.7,Nashik,2023-04-03,potato
Potato,Vegetables,23.0,42.0,39.6,8.4,Nashik,2023-04-04,potato
Potato,Vegetables,23.6,37.4,34.3,10.0,Nashik,2023-04-05,potato
Potato,Vegetables,25.0,40.8,36.1,6.8,Nashik,2023-04-06,potato
Potato,Vegetables,26.6,35.3,31.3,9.8,Nashik,2023-04-07,potato
Potato,Vegetables,26.8,41.5,38.6,8.1,Nashik,2023-04-08,potato
Potato,Vegetables,26.6,39.9,36.4,7.2,Nashik,2023-04-09,potato
Potato,Vegetables,23.1,40.2,33.4,12.3,Nashik,2023-04-10,potato
Potato,Vegetables,25.0,37.4,30.3,11.8,Nashik,2023-04-11,potato
Potato,Vegetables,26.8,33.8,27.3,13.9,Nashik,2023-04-12,potato
Potato,Vegetables,23.8,32.0,29.8,7.4,Nashik,2023-04-13,potato
Potato,Vegetables,26.8,35.6,29.7,10.2,Nashik,2023-04-14,potato
Potato,Vegetables,22.4,50.7,38.6,17.8,Nashik,2023-04-15,potato
Potato,Vegetables,22.8,49.3,39.2,15.6,Nashik,2023-04-16,potato
Potato,Vegetables,26.8,44.0,33.4,12.7,Nashik,2023-04-17,potato
Potato,Vegetables,22.2,30.5,25.2,9.3,Nashik,2023-04-18,potato
Potato,Vegetables,26.3,33.5,30.4,5.4,Nashik,2023-04-19,potato
Potato,Vegetables,23.7,39.6,33.2,12.6,Nashik,2023-04-20,potato
Potato,Vegetables,22.4,36.6,28.7,11.6,Nashik,2023-04-21,potato
Potato,Vegetables,25.3,52.8,40.6,16.0,Nashik,2023-04-22,potato
Potato,Vegetables,26.4,39.1,34.1,12.4,Nashik,2023-04-23,potato
Potato,Vegetables,23.0,37.6,35.0,8.8,Nashik,2023-04-24,potato
Potato,Vegetables,25.4,40.2,30.0,18.0,Nashik,2023-04-25,potato
Potato,Vegetables,24.4,31.4,28.1,8.7,Nashik,2023-04-26,potato
Potato,Vegetables,23.2,38.1,34.2,6.0,Nashik,2023-04-27,potato
Potato,Vegetables,22.4,39.4,31.1,14.5,Nashik,2023-04-28,potato
Potato,Vegetables,23.3,38.8,33.8,11.9,Nashik,2023-04-29,potato
Potato,Vegetables,24.5,55.9,47.1,13.4,Nashik,2023-04-30,potato
Potato,Vegetables,25.9,37.9,28.5,14.7,Nashik,2023-05-01,potato
Potato,Vegetables,23.5,40.6,32.6,13.6,Nashik,2023-05-02,potato
Potato,Vegetables,25.6,41.0,32.0,15.7,Nashik,2023-05-03,potato
Potato,Vegetables,26.8,29.4,25.2,10.8,Nashik,2023-05-04,potato
Potato,Vegetables,24.7,38.9,29.7,12.6,Nashik,2023-05-05,potato
Potato,Vegetables,25.6,47.5,40.2,15.2,Nashik,2023-05-06,potato
Potato,Vegetables,25.3,43.4,34.1,11.6,Nashik,2023-05-07,potato
Potato,Vegetables,25.5,31.7,24.6,10.5,Nashik,2023-05-08,potato
Potato,Vegetables,23.0,34.0,29.4,10.4,Nashik,2023-05-09,potato
Potato,Vegetables,23.3,28.4,24.3,7.3,Nashik,2023-05-10,potato
Potato,Vegetables,23.6,41.1,36.3,8.3,Nashik,2023-05-11,potato
Potato,Vegetables,22.5,35.7,26.7,14.6,Nashik,2023-05-12,potato
Potato,Vegetables,24.3,41.1,35.7,10.2,Nashik,2023-05-13,potato
Potato,Vegetables,23.7,40.8,36.0,11.1,Nashik,2023-05-14,potato
Potato,Vegetables,26.4,41.5,33.1,10.9,Nashik,2023-05-15,potato
Potato,Vegetables,26.4,29.9,28.0,8.2,Nashik,2023-05-16,potato
Potato,Vegetables,23.2,42.7,35.4,9.8,Nashik,2023-05-17,potato
Potato,Vegetables,24.8,41.2,31.7,15.0,Nashik,2023-05-18,potato
Potato,Vegetables,26.3,35.6,29.3,12.4,Nashik,2023-05-19,potato
Potato,Vegetables,23.8,36.0,33.3,6.2,Nashik,2023-05-20,potato
Potato,Vegetables,23.9,37.0,32.1,9.9,Nashik,2023-05-21,potato
Potato,Vegetables,24.4,36.7,29.3,14.7,Nashik,2023-05-22,potato
Potato,Vegetables,24.3,45.6,37.5,14.2,Nashik,2023-05-23,potato
Potato,Vegetables,24.5,31.5,29.8,7.8,Nashik,2023-05-24,potato
Potato,Vegetables,23.4,37.7,29.1,14.5,Nashik,2023-05-25,potato
Potato,Vegetables,25.6,33.8,30.5,10.9,Nashik,2023-05-26,potato
Potato,Vegetables,26.9,45.0,40.3,11.1,Nashik,2023-05-27,potato
Potato,Vegetables,22.4,50.0,41.5,15.2,Nashik,2023-05-28,potato
Potato,Vegetables,22.6,40.9,31.2,12.8,Nashik,2023-05-29,potato
Potato,Vegetables,24.8,39.1,29.1,13.8,Nashik,2023-05-30,potato
Potato,Vegetables,25.5,39.4,31.8,9.8,Nashik,2023-05-31,potato
Potato,Vegetables,26.2,28.8,27.0,5.3,Nashik,2023-06-01,potato
Potato,Vegetables,25.1,31.4,28.3,7.9,Nashik,2023-06-02,potato
Potato,Vegetables,25.9,40.9,36.9,8.3,Nashik,2023-06-03,potato
Potato,Vegetables,24.7,49.7,37.9,17.1,Nashik,2023-06-04,potato
Potato,Vegetables,24.4,36.4,31.8,10.0,Nashik,2023-06-05,potato
Potato,Vegetables,26.0,32.8,24.6,15.1,Nashik,2023-06-06,potato
Potato,Vegetables,26.1,42.1,36.1,8.1,Nashik,2023-06-07,potato
Potato,Vegetables,26.3,28.9,27.1,4.5,Nashik,2023-06-08,potato
Potato,Vegetables,22.2,46.9,36.4,16.3,Nashik,2023-06-09,potato
Potato,Vegetables,25.9,45.7,38.5,14.6,Nashik,2023-06-10,potato
Potato,Vegetables,24.3,40.4,35.3,11.3,Nashik,2023-06-11,potato
Potato,Vegetables,24.8,44.5,33.8,15.6,Nashik,2023-06-12,potato
Potato,Vegetables,25.3,37.6,32.4,10.4,Nashik,2023-06-13,potato
Potato,Vegetables,25.0,34.8,30.9,7.8,Nashik,2023-06-14,potato
Potato,Vegetables,24.5,38.1,29.3,12.7,Nashik,2023-06-15,potato
Potato,Vegetables,24.1,36.9,30.4,13.6,Nashik,2023-06-16,potato
Potato,Vegetables,22.8,41.6,31.7,15.9,Nashik,2023-06-17,potato
Potato,Vegetables,22.8,50.5,44.3,8.4,Nashik,2023-06-18,potato
Potato,Vegetables,25.8,30.6,29.0,9.3,Nashik,2023-06-19,potato
Potato,Vegetables,26.2,35.1,30.5,9.7,Nashik,2023-06-20,potato
Potato,Vegetables,24.8,28.2,24.2,7.1,Nashik,2023-06-21,potato
Potato,Vegetables,22.2,36.8,33.6,5.3,Nashik,2023-06-22,potato
Potato,Vegetables,24.2,33.8,27.9,9.8,Nashik,2023-06-23,potato
Potato,Vegetables,22.7,44.6,41.0,9.3,Nashik,2023-06-24,potato
Potato,Vegetables,22.6,42.4,32.4,12.3,Nashik,2023-06-25,potato
Potato,Vegetables,23.9,42.1,32.9,15.7,Nashik,2023-06-26,potato
Potato,Vegetables,22.8,42.1,33.5,15.1,Nashik,2023-06-27,potato
Potato,Vegetables,25.1,33.7,26.2,12.1,Nashik,2023-06-28,potato
Potato,Vegetables,24.8,41.2,37.4,7.3,Nashik,2023-06-29,potato
Potato,Vegetables,26.1,37.3,29.5,14.2,Nashik,2023-06-30,potato
Potato,Vegetables,22.6,66.1,51.5,19.1,Nashik,2023-07-01,potato
Potato,Vegetables,24.7,38.5,34.3,11.2,Nashik,2023-07-02,potato
Potato,Vegetables,26.5,25.0,21.8,6.8,Nashik,2023-07-03,potato
Potato,Vegetables,24.7,29.1,26.4,8.2,Nashik,2023-07-04,potato
Potato,Vegetables,24.8,34.9,27.7,9.3,Nashik,2023-07-05,potato
Potato,Vegetables,24.6,45.0,34.5,16.9,Nashik,2023-07-06,potato
Potato,Vegetables,26.2,38.8,32.6,10.1,Nashik,2023-07-07,potato
Potato,Vegetables,23.8,37.3,34.5,9.0,Nashik,2023-07-08,potato
Potato,Vegetables,25.1,41.2,37.8,7.3,Nashik,2023-07-09,potato
Potato,Vegetables,22.3,35.0,28.3,8.8,Nashik,2023-07-10,potato
Potato,Vegetables,23.3,42.5,35.9,12.0,Nashik,2023-07-11,potato
Potato,Vegetables,23.3,35.3,29.1,9.1,Nashik,2023-07-12,potato
Potato,Vegetables,26.8,37.3,34.5,8.3,Nashik,2023-07-13,potato
Potato,Vegetables,25.3,40.5,31.5,13.9,Nashik,2023-07-14,potato
Potato,Vegetables,22.3,39.7,34.7,7.6,Nashik,2023-07-15,potato
Potato,Vegetables,22.1,41.6,34.5,13.5,Nashik,2023-07-16,potato
Potato,Vegetables,23.2,43.1,36.7,11.6,Nashik,2023-07-17,potato
Potato,Vegetables,23.6,41.5,35.7,11.3,Nashik,2023-07-18,potato
Potato,Vegetables,23.8,51.7,38.6,20.4,Nashik,2023-07-19,potato
Potato,Vegetables,26.5,40.8,30.8,13.4,Nashik,2023-07-20,potato
Potato,Vegetables,26.6,39.7,32.4,14.3,Nashik,2023-07-21,potato
Potato,Vegetables,26.8,45.4,34.6,17.7,Nashik,2023-07-22,potato
Potato,Vegetables,23.1,45.1,37.5,12.6,Nashik,2023-07-23,potato
Potato,Vegetables,24.6,41.0,32.4,13.0,Nashik,2023-07-24,potato
Potato,Vegetables,24.3,43.4,36.7,9.0,Nashik,2023-07-25,potato
Potato,Vegetables,23.3,48.9,36.7,19.8,Nashik,2023-07-26,potato
Potato,Vegetables,25.2,49.8,37.6,15.0,Nashik,2023-07-27,potato
Potato,Vegetables,25.1,35.1,26.5,15.6,Nashik,2023-07-28,potato
Potato,Vegetables,23.5,40.8,37.6,9.8,Nashik,2023-07-29,potato
Potato,Vegetables,23.4,49.5,37.8,18.8,Nashik,2023-07-30,potato
Potato,Vegetables,22.6,49.4,39.4,12.6,Nashik,2023-07-31,potato
Potato,Vegetables,23.6,40.8,33.1,13.2,Nashik,2023-08-01,potato
Potato,Vegetables,26.0,40.3,30.9,17.4,Nashik,2023-08-02,potato
Potato,Vegetables,22.7,37.3,30.0,9.3,Nashik,2023-08-03,potato
Potato,Vegetables,23.8,30.2,24.4,7.9,Nashik,2023-08-04,potato
Potato,Vegetables,26.4,38.0,33.2,7.7,Nashik,2023-08-05,potato
Potato,Vegetables,24.2,44.6,34.6,16.4,Nashik,2023-08-06,potato
Potato,Vegetables,24.5,35.2,31.8,11.0,Nashik,2023-08-07,potato
Potato,Vegetables,25.9,36.6,33.9,5.4,Nashik,2023-08-08,potato
Potato,Vegetables,24.2,36.1,28.6,15.0,Nashik,2023-08-09,potato
Potato,Vegetables,26.7,41.4,34.4,9.3,Nashik,2023-08-10,potato
Potato,Vegetables,22.7,47.5,35.4,16.5,Nashik,2023-08-11,potato
Potato,Vegetables,25.8,41.1,37.5,10.5,Nashik,2023-08-12,potato
Potato,Vegetables,22.9,39.7,31.5,11.1,Nashik,2023-08-13,potato
Potato,Vegetables,26.0,24.4,21.2,9.3,Nashik,2023-08-14,potato
Potato,Vegetables,22.5,43.4,33.2,16.8,Nashik,2023-08-15,potato
Potato,Vegetables,23.9,36.9,34.2,8.8,Nashik,2023-08-16,potato
Potato,Vegetables,22.7,42.2,31.4,13.1,Nashik,2023-08-17,potato
Potato,Vegetables,23.2,50.7,42.1,15.0,Nashik,2023-08-18,potato
Potato,Vegetables,22.1,52.7,43.2,15.2,Nashik,2023-08-19,potato
Potato,Vegetables,23.1,53.3,44.1,12.8,Nashik,2023-08-20,potato
Potato,Vegetables,24.1,41.8,36.9,11.5,Nashik,2023-08-21,potato
Potato,Vegetables,25.0,42.7,32.3,17.4,Nashik,2023-08-22,potato
Potato,Vegetables,26.4,35.2,26.6,11.7,Nashik,2023-08-23,potato
Potato,Vegetables,25.5,38.6,30.1,11.7,Nashik,2023-08-24,potato
Potato,Vegetables,26.5,40.4,31.1,15.9,Nashik,2023-08-25,potato
Potato,Vegetables,25.4,56.0,43.2,15.4,Nashik,2023-08-26,potato
Potato,Vegetables,23.7,42.7,37.3,8.1,Nashik,2023-08-27,potato
Potato,Vegetables,26.8,43.1,37.0,12.7,Nashik,2023-08-28,potato
Potato,Vegetables,24.4,48.4,38.0,17.7,Nashik,2023-08-29,potato
Potato,Vegetables,25.2,43.4,36.1,14.2,Nashik,2023-08-30,potato
Potato,Vegetables,22.5,39.3,35.0,11.8,Nashik,2023-08-31,potato
Potato,Vegetables,22.9,33.0,28.1,12.1,Nashik,2023-09-01,potato
Potato,Vegetables,25.7,31.6,24.4,15.1,Nashik,2023-09-02,potato
Potato,Vegetables,26.8,42.0,36.8,11.5,Nashik,2023-09-03,potato
Potato,Vegetables,26.6,46.1,34.2,17.6,Nashik,2023-09-04,potato
Potato,Vegetables,25.4,34.8,28.0,10.2,Nashik,2023-09-05,potato
Potato,Vegetables,24.0,35.3,29.5,13.4,Nashik,2023-09-06,potato
Potato,Vegetables,26.8,32.0,28.6,8.5,Nashik,2023-09-07,potato
Potato,Vegetables,25.8,35.8,29.7,13.7,Nashik,2023-09-08,potato
Potato,Vegetables,25.1,58.8,44.0,18.8,Nashik,2023-09-09,potato
Potato,Vegetables,23.4,42.0,37.7,9.5,Nashik,2023-09-10,potato
Potato,Vegetables,24.3,39.9,35.0,11.4,Nashik,2023-09-11,potato
Potato,Vegetables,26.1,35.9,27.4,11.4,Nashik,2023-09-12,potato
Potato,Vegetables,23.5,43.3,37.0,12.3,Nashik,2023-09-13,potato
Potato,Vegetables,24.3,34.1,32.2,5.8,Nashik,2023-09-14,potato
Potato,Vegetables,25.7,40.9,33.3,14.2,Nashik,2023-09-15,potato
Potato,Vegetables,24.1,45.3,39.2,10.1,Nashik,2023-09-16,potato
Potato,Vegetables,22.8,47.1,44.7,7.8,Nashik,2023-09-17,potato
Potato,Vegetables,22.9,40.2,31.6,11.4,Nashik,2023-09-18,potato
Potato,Vegetables,22.9,40.2,32.3,11.6,Nashik,2023-09-19,potato
Potato,Vegetables,22.3,40.8,30.7,17.3,Nashik,2023-09-20,potato
Potato,Vegetables,24.3,41.1,33.7,12.6,Nashik,2023-09-21,potato
Potato,Vegetables,25.2,42.2,33.3,15.8,Nashik,2023-09-22,potato
Potato,Vegetables,24.8,43.2,33.9,11.6,Nashik,2023-09-23,potato
Potato,Vegetables,25.2,50.0,39.6,18.2,Nashik,2023-09-24,potato
Potato,Vegetables,24.1,36.1,30.7,12.0,Nashik,2023-09-25,potato
Potato,Vegetables,23.0,32.5,29.5,6.3,Nashik,2023-09-26,potato
Potato,Vegetables,23.2,28.0,25.7,5.0,Nashik,2023-09-27,potato
Potato,Vegetables,26.4,32.7,25.1,15.2,Nashik,2023-09-28,potato
Potato,Vegetables,23.6,30.0,25.7,11.1,Nashik,2023-09-29,potato
Potato,Vegetables,24.4,41.5,38.3,5.2,Nashik,2023-09-30,potato
Potato,Vegetables,23.2,50.9,40.7,17.2,Nashik,2023-10-01,potato
Potato,Vegetables,24.1,36.5,29.8,11.2,Nashik,2023-10-02,potato
Potato,Vegetables,23.1,30.7,27.3,11.0,Nashik,2023-10-03,potato
Potato,Vegetables,22.6,50.0,39.0,16.3,Nashik,2023-10-04,potato
Potato,Vegetables,25.7,39.2,30.4,15.7,Nashik,2023-10-05,potato
Potato,Vegetables,25.9,35.8,28.1,12.0,Nashik,2023-10-06,potato
Potato,Vegetables,25.5,55.6,46.7,15.3,Nashik,2023-10-07,potato
Potato,Vegetables,24.8,48.5,45.3,10.5,Nashik,2023-10-08,potato
Potato,Vegetables,25.1,32.4,30.8,8.2,Nashik,2023-10-09,potato
Potato,Vegetables,24.8,37.1,35.1,7.4,Nashik,2023-10-10,potato
Potato,Vegetables,26.5,35.2,28.3,13.8,Nashik,2023-10-11,potato
Potato,Vegetables,25.2,35.0,28.0,11.0,Nashik,2023-10-12,potato
Potato,Vegetables,22.1,37.0,32.0,12.8,Nashik,2023-10-13,potato
Potato,Vegetables,26.8,50.0,40.5,14.6,Nashik,2023-10-14,potato
Potato,Vegetables,24.6,44.4,40.3,7.4,Nashik,2023-10-15,potato
Potato,Vegetables,25.3,36.8,28.1,14.7,Nashik,2023-10-16,potato
Potato,Vegetables,24.4,37.5,30.1,14.1,Nashik,2023-10-17,potato
Potato,Vegetables,22.2,45.1,40.4,10.9,Nashik,2023-10-18,potato
Potato,Vegetables,24.0,47.8,39.6,15.2,Nashik,2023-10-19,potato
Potato,Vegetables,23.9,41.5,33.0,13.1,Nashik,2023-10-20,potato
Potato,Vegetables,24.6,34.6,32.1,7.5,Nashik,2023-10-21,potato
Potato,Vegetables,24.1,35.5,32.9,9.1,Nashik,2023-10-22,potato
Potato,Vegetables,22.4,37.5,32.4,8.8,Nashik,2023-10-23,potato
Potato,Vegetables,24.8,32.8,27.2,10.2,Nashik,2023-10-24,potato
Potato,Vegetables,25.8,42.1,32.6,12.1,Nashik,2023-10-25,potato
Potato,Vegetables,23.4,39.1,32.3,11.6,Nashik,2023-10-26,potato
Potato,Vegetables,22.3,50.4,42.4,15.2,Nashik,2023-10-27,potato
Potato,Vegetables,24.8,51.6,40.1,17.0,Nashik,2023-10-28,potato
Potato,Vegetables,26.4,46.0,38.8,13.4,Nashik,2023-10-29,potato
Potato,Vegetables,24.8,32.3,29.8,7.1,Nashik,2023-10-30,potato
Potato,Vegetables,25.3,35.5,30.7,9.0,Nashik,2023-10-31,potato
Potato,Vegetables,24.6,42.8,32.7,14.5,Nashik,2023-11-01,potato
Potato,Vegetables,22.8,35.2,30.5,9.8,Nashik,2023-11-02,potato
Potato,Vegetables,24.6,41.1,31.7,16.2,Nashik,2023-11-03,potato
Potato,Vegetables,23.4,41.7,33.4,11.8,Nashik,2023-11-04,potato
Potato,Vegetables,25.0,46.3,35.7,13.6,Nashik,2023-11-05,potato
Potato,Vegetables,24.2,33.7,30.1,6.5,Nashik,2023-11-06,potato
Potato,Vegetables,22.2,38.8,33.9,8.8,Nashik,2023-11-07,potato
Potato,Vegetables,23.2,35.6,26.7,15.3,Nashik,2023-11-08,potato
Potato,Vegetables,22.7,38.2,33.8,12.3,Nashik,2023-11-09,potato
Potato,Vegetables,23.0,39.7,31.4,13.4,Nashik,2023-11-10,potato
Potato,Vegetables,22.4,42.6,36.8,8.3,Nashik,2023-11-11,potato
Potato,Vegetables,23.5,45.9,35.8,16.8,Nashik,2023-11-12,potato
Potato,Vegetables,25.6,36.4,29.0,10.9,Nashik,2023-11-13,potato
Potato,Vegetables,24.2,51.5,39.4,19.4,Nashik,2023-11-14,potato
Potato,Vegetables,23.1,28.0,23.7,7.2,Nashik,2023-11-15,potato
Potato,Vegetables,25.2,42.9,35.6,14.0,Nashik,2023-11-16,potato
Potato,Vegetables,23.6,41.6,33.1,10.7,Nashik,2023-11-17,potato
Potato,Vegetables,22.8,56.7,43.1,19.2,Nashik,2023-11-18,potato
Potato,Vegetables,22.7,47.7,38.0,12.8,Nashik,2023-11-19,potato
Potato,Vegetables,23.8,43.9,34.9,11.4,Nashik,2023-11-20,potato
Potato,Vegetables,26.1,35.0,29.7,11.8,Nashik,2023-11-21,potato
Potato,Vegetables,25.8,39.8,29.5,14.8,Nashik,2023-11-22,potato
Potato,Vegetables,25.2,46.0,34.1,15.1,Nashik,2023-11-23,potato
Potato,Vegetables,25.1,35.9,30.5,12.0,Nashik,2023-11-24,potato
Potato,Vegetables,25.9,44.2,35.9,14.0,Nashik,2023-11-25,potato
Potato,Vegetables,22.7,60.2,48.0,14.8,Nashik,2023-11-26,potato
Potato,Vegetables,25.4,33.8,25.4,15.1,Nashik,2023-11-27,potato
Potato,Vegetables,25.1,39.5,31.6,13.2,Nashik,2023-11-28,potato
Potato,Vegetables,25.9,38.6,30.8,12.6,Nashik,2023-11-29,potato
Potato,Vegetables,23.2,29.6,27.7,5.3,Nashik,2023-11-30,potato
Potato,Vegetables,23.8,40.1,32.2,12.9,Nashik,2023-12-01,potato
Potato,Vegetables,25.6,49.4,40.7,14.7,Nashik,2023-12-02,potato
Potato,Vegetables,26.8,51.2,40.6,17.1,Nashik,2023-12-03,potato
Potato,Vegetables,23.5,25.3,21.9,8.2,Nashik,2023-12-04,potato
Potato,Vegetables,25.0,34.8,28.1,13.7,Nashik,2023-12-05,potato
Potato,Vegetables,25.2,37.9,32.8,10.9,Nashik,2023-12-06,potato
Potato,Vegetables,25.6,43.2,34.4,15.9,Nashik,2023-12-07,potato
Potato,Vegetables,26.4,35.7,28.6,9.8,Nashik,2023-12-08,potato
Potato,Vegetables,26.3,45.9,35.4,16.8,Nashik,2023-12-09,potato
Potato,Vegetables,26.5,35.1,33.0,4.5,Nashik,2023-12-10,potato
Potato,Vegetables,25.9,40.0,36.1,7.8,Nashik,2023-12-11,potato
Potato,Vegetables,24.9,43.4,32.8,15.6,Nashik,2023-12-12,potato
Potato,Vegetables,26.4,45.9,35.4,12.6,Nashik,2023-12-13,potato
Potato,Vegetables,25.9,34.1,28.5,8.4,Nashik,2023-12-14,potato
Potato,Vegetables,25.3,44.2,35.3,16.8,Nashik,2023-12-15,potato
Potato,Vegetables,25.5,40.0,31.1,13.0,Nashik,2023-12-16,potato
Potato,Vegetables,26.6,40.0,35.3,7.9,Nashik,2023-12-17,potato
Potato,Vegetables,25.1,36.2,32.6,6.6,Nashik,2023-12-18,potato
Potato,Vegetables,22.8,36.2,28.7,14.1,Nashik,2023-12-19,potato
Potato,Vegetables,22.7,41.0,38.2,5.1,Nashik,2023-12-20,potato
Potato,Vegetables,24.0,41.0,33.7,11.5,Nashik,2023-12-21,potato
Potato,Vegetables,25.5,31.1,29.0,7.7,Nashik,2023-12-22,potato
Potato,Vegetables,23.2,55.0,47.2,9.9,Nashik,2023-12-23,potato
Potato,Vegetables,24.6,51.5,40.4,19.1,Nashik,2023-12-24,potato
Potato,Vegetables,25.1,42.3,37.9,9.8,Nashik,2023-12-25,potato
Potato,Vegetables,23.3,33.5,27.8,10.8,Nashik,2023-12-26,potato
Potato,Vegetables,25.3,31.1,26.3,7.9,Nashik,2023-12-27,potato
Potato,Vegetables,24.4,37.2,34.3,10.6,Nashik,2023-12-28,potato
Potato,Vegetables,23.5,44.0,35.9,10.3,Nashik,2023-12-29,potato
Potato,Vegetables,26.4,39.4,31.4,11.8,Nashik,2023-12-30,potato
Potato,Vegetables,23.3,50.3,42.5,13.4,Nashik,2023-12-31,potato
Tomato,Vegetables,30.8,29.4,27.9,6.8,Agra,2022-01-01,tomato
Tomato,Vegetables,32.1,38.5,30.8,15.1,Agra,2022-01-02,tomato
Tomato,Vegetables,31.1,21.4,19.9,9.1,Agra,2022-01-03,tomato
Tomato,Vegetables,35.0,26.9,22.4,7.3,Agra,2022-01-04,tomato
Tomato,Vegetables,31.1,34.4,27.4,13.5,Agra,2022-01-05,tomato
Tomato,Vegetables,30.8,28.0,24.6,5.5,Agra,2022-01-06,tomato
Tomato,Vegetables,29.9,24.0,20.0,11.1,Agra,2022-01-07,tomato
Tomato,Vegetables,34.1,30.1,23.6,12.1,Agra,2022-01-08,tomato
Tomato,Vegetables,33.9,31.8,26.0,11.6,Agra,2022-01-09,tomato
Tomato,Vegetables,34.4,24.0,18.0,12.3,Agra,2022-01-10,tomato
Tomato,Vegetables,35.3,20.7,16.6,12.0,Agra,2022-01-11,tomato
Tomato,Vegetables,34.0,30.3,22.6,9.8,Agra,2022-01-12,tomato
Tomato,Vegetables,31.1,22.0,20.8,8.7,Agra,2022-01-13,tomato
Tomato,Vegetables,34.0,18.5,17.2,4.3,Agra,2022-01-14,tomato
Tomato,Vegetables,33.3,23.6,21.4,8.6,Agra,2022-01-15,tomato
Tomato,Vegetables,34.7,32.1,24.2,14.0,Agra,2022-01-16,tomato
Tomato,Vegetables,29.9,23.1,20.4,7.9,Agra,2022-01-17,tomato
Tomato,Vegetables,30.9,22.3,16.9,8.3,Agra,2022-01-18,tomato
Tomato,Vegetables,32.2,25.2,21.1,9.4,Agra,2022-01-19,tomato
Tomato,Vegetables,31.6,25.6,19.8,10.9,Agra,2022-01-20,tomato
Tomato,Vegetables,35.8,26.6,20.6,11.3,Agra,2022-01-21,tomato
Tomato,Vegetables,31.7,29.8,25.4,9.8,Agra,2022-01-22,tomato
Tomato,Vegetables,30.0,30.2,25.7,11.1,Agra,2022-01-23,tomato
Tomato,Vegetables,33.1,32.8,25.7,14.7,Agra,2022-01-24,tomato
Tomato,Vegetables,35.5,20.3,19.3,7.2,Agra,2022-01-25,tomato
Tomato,Vegetables,30.0,26.0,22.3,9.7,Agra,2022-01-26,tomato
Tomato,Vegetables,35.8,21.6,19.4,4.7,Agra,2022-01-27,tomato
Tomato,Vegetables,30.9,25.5,23.5,4.1,Agra,2022-01-28,tomato
Tomato,Vegetables,34.6,27.7,24.5,9.7,Agra,2022-01-29,tomato
Tomato,Vegetables,30.9,31.3,25.8,8.8,Agra,2022-01-30,tomato
Tomato,Vegetables,31.9,29.8,26.3,8.2,Agra,2022-01-31,tomato
Tomato,Vegetables,33.6,24.8,21.9,6.2,Agra,2022-02-01,tomato
Tomato,Vegetables,33.1,22.0,18.0,10.8,Agra,2022-02-02,tomato
Tomato,Vegetables,30.0,35.4,27.6,13.7,Agra,2022-02-03,tomato
Tomato,Vegetables,31.2,28.1,21.7,9.3,Agra,2022-02-04,tomato
Tomato,Vegetables,33.1,29.6,27.9,5.4,Agra,2022-02-05,tomato
Tomato,Vegetables,34.7,40.3,31.2,14.3,Agra,2022-02-06,tomato
Tomato,Vegetables,33.2,25.9,20.2,8.4,Agra,2022-02-07,tomato
Tomato,Vegetables,29.9,29.0,23.3,11.9,Agra,2022-02-08,tomato
Tomato,Vegetables,33.7,26.7,21.7,8.2,Agra,2022-02-09,tomato
Tomato,Vegetables,34.8,23.8,22.2,5.4,Agra,2022-02-10,tomato
Tomato,Vegetables,30.1,29.7,22.7,13.9,Agra,2022-02-11,tomato
Tomato,Vegetables,34.4,27.1,23.1,10.2,Agra,2022-02-12,tomato
Tomato,Vegetables,31.7,34.2,27.0,10.9,Agra,2022-02-13,tomato
Tomato,Vegetables,32.9,27.7,23.4,8.0,Agra,2022-02-14,tomato
Tomato,Vegetables,29.8,24.1,22.0,7.5,Agra,2022-02-15,tomato
Tomato,Vegetables,33.9,27.3,21.8,11.2,Agra,2022-02-16,tomato
Tomato,Vegetables,35.2,25.7,22.5,8.8,Agra,2022-02-17,tomato
Tomato,Vegetables,35.6,22.7,20.6,7.5,Agra,2022-02-18,tomato
Tomato,Vegetables,32.7,36.4,30.7,9.8,Agra,2022-02-19,tomato
Tomato,Vegetables,29.8,34.3,28.0,8.3,Agra,2022-02-20,tomato
Tomato,Vegetables,30.0,32.1,29.2,7.6,Agra,2022-02-21,tomato
Tomato,Vegetables,34.6,26.0,23.2,9.3,Agra,2022-02-22,tomato
Tomato,Vegetables,35.0,25.5,19.7,12.2,Agra,2022-02-23,tomato
Tomato,Vegetables,29.7,23.6,19.8,7.9,Agra,2022-02-24,tomato
Tomato,Vegetables,33.4,24.5,20.1,9.0,Agra,2022-02-25,tomato
Tomato,Vegetables,34.4,33.1,25.2,12.4,Agra,2022-02-26,tomato
Tomato,Vegetables,34.3,29.3,25.0,11.4,Agra,2022-02-27,tomato
Tomato,Vegetables,35.8,28.6,21.4,11.6,Agra,2022-02-28,tomato
Tomato,Vegetables,31.2,25.6,19.1,12.8,Agra,2022-03-01,tomato
Tomato,Vegetables,34.4,24.7,20.6,10.5,Agra,2022-03-02,tomato
Tomato,Vegetables,31.7,23.0,20.7,6.9,Agra,2022-03-03,tomato
Tomato,Vegetables,32.2,26.5,20.6,9.4,Agra,2022-03-04,tomato
Tomato,Vegetables,31.1,29.8,23.8,11.1,Agra,2022-03-05,tomato
Tomato,Vegetables,33.9,31.8,25.4,11.2,Agra,2022-03-06,tomato
Tomato,Vegetables,30.3,22.1,20.3,7.3,Agra,2022-03-07,tomato
Tomato,Vegetables,30.4,25.8,21.0,8.4,Agra,2022-03-08,tomato
Tomato,Vegetables,32.0,20.0,17.2,5.4,Agra,2022-03-09,tomato
Tomato,Vegetables,34.6,25.6,23.4,7.3,Agra,2022-03-10,tomato
Tomato,Vegetables,31.6,27.7,24.0,6.1,Agra,2022-03-11,tomato
Tomato,Vegetables,35.5,32.0,24.5,11.5,Agra,2022-03-12,tomato
Tomato,Vegetables,33.0,35.1,27.6,12.6,Agra,2022-03-13,tomato
Tomato,Vegetables,30.5,33.5,26.1,11.4,Agra,2022-03-14,tomato
Tomato,Vegetables,32.9,22.4,20.1,5.8,Agra,2022-03-15,tomato
Tomato,Vegetables,30.4,35.5,27.0,13.8,Agra,2022-03-16,tomato
Tomato,Vegetables,33.6,22.9,20.3,5.8,Agra,2022-03-17,tomato
Tomato,Vegetables,32.0,22.3,20.7,7.4,Agra,2022-03-18,tomato
Tomato,Vegetables,30.7,31.5,26.6,12.5,Agra,2022-03-19,tomato
Tomato,Vegetables,35.0,24.6,22.9,6.5,Agra,2022-03-20,tomato
Tomato,Vegetables,32.8,22.7,18.2,8.9,Agra,2022-03-21,tomato
Tomato,Vegetables,31.3,28.2,24.1,7.9,Agra,2022-03-22,tomato
Tomato,Vegetables,34.0,29.0,22.1,14.7,Agra,2022-03-23,tomato
Tomato,Vegetables,30.8,27.0,23.9,7.2,Agra,2022-03-24,tomato
Tomato,Vegetables,33.5,25.5,20.9,11.9,Agra,2022-03-25,tomato
Tomato,Vegetables,33.4,31.0,23.1,12.4,Agra,2022-03-26,tomato
Tomato,Vegetables,33.1,30.6,25.5,11.5,Agra,2022-03-27,tomato
Tomato,Vegetables,33.6,28.9,22.3,12.4,Agra,2022-03-28,tomato
Tomato,Vegetables,35.5,20.0,15.7,9.2,Agra,2022-03-29,tomato
Tomato,Vegetables,34.6,21.9,17.7,8.3,Agra,2022-03-30,tomato
Tomato,Vegetables,29.6,24.4,21.9,5.5,Agra,2022-03-31,tomato
Tomato,Vegetables,34.5,30.9,23.2,10.8,Agra,2022-04-01,tomato
Tomato,Vegetables,30.5,41.1,31.1,15.9,Agra,2022-04-02,tomato
Tomato,Vegetables,33.0,28.1,22.9,9.8,Agra,2022-04-03,tomato
Tomato,Vegetables,31.4,32.6,24.8,10.8,Agra,2022-04-04,tomato
Tomato,Vegetables,29.6,25.2,19.5,8.5,Agra,2022-04-05,tomato
Tomato,Vegetables,35.4,21.8,19.8,9.3,Agra,2022-04-06,tomato
Tomato,Vegetables,30.5,25.9,22.4,9.1,Agra,2022-04-07,tomato
Tomato,Vegetables,33.5,26.6,20.0,14.3,Agra,2022-04-08,tomato
Tomato,Vegetables,32.6,25.6,23.7,5.6,Agra,2022-04-09,tomato
Tomato,Vegetables,35.3,26.3,22.7,9.4,Agra,2022-04-10,tomato
Tomato,Vegetables,35.7,27.2,21.6,12.5,Agra,2022-04-11,tomato
Tomato,Vegetables,30.3,25.9,21.6,10.1,Agra,2022-04-12,tomato
Tomato,Vegetables,34.3,27.3,22.9,12.1,Agra,2022-04-13,tomato
Tomato,Vegetables,30.6,30.0,27.0,5.7,Agra,2022-04-14,tomato
Tomato,Vegetables,30.2,31.0,23.3,15.0,Agra,2022-04-15,tomato
Tomato,Vegetables,31.4,36.3,29.2,11.4,Agra,2022-04-16,tomato
Tomato,Vegetables,35.0,26.2,23.3,8.8,Agra,2022-04-17,tomato
Tomato,Vegetables,31.0,28.2,23.3,8.4,Agra,2022-04-18,tomato
Tomato,Vegetables,33.8,25.3,22.0,8.0,Agra,2022-04-19,tomato
Tomato,Vegetables,32.5,23.2,20.9,10.0,Agra,2022-04-20,tomato
Tomato,Vegetables,29.4,23.4,20.2,5.8,Agra,2022-04-21,tomato
Tomato,Vegetables,31.9,23.5,21.2,7.6,Agra,2022-04-22,tomato
Tomato,Vegetables,29.5,24.0,20.9,7.2,Agra,2022-04-23,tomato
Tomato,Vegetables,33.6,32.7,25.6,11.1,Agra,2022-04-24,tomato
Tomato,Vegetables,35.4,21.3,19.7,7.0,Agra,2022-04-25,tomato
Tomato,Vegetables,33.4,27.8,25.5,9.4,Agra,2022-04-26,tomato
Tomato,Vegetables,31.9,26.1,22.2,9.8,Agra,2022-04-27,tomato
Tomato,Vegetables,30.5,20.3,19.2,6.0,Agra,2022-04-28,tomato
Tomato,Vegetables,30.4,26.7,23.7,10.0,Agra,2022-04-29,tomato
Tomato,Vegetables,32.7,28.3,23.0,9.2,Agra,2022-04-30,tomato
Tomato,Vegetables,30.9,35.1,27.9,12.2,Agra,2022-05-01,tomato
Tomato,Vegetables,34.4,24.9,19.3,10.3,Agra,2022-05-02,tomato
Tomato,Vegetables,33.6,24.7,21.5,5.7,Agra,2022-05-03,tomato
Tomato,Vegetables,30.4,24.3,21.6,5.3,Agra,2022-05-04,tomato
Tomato,Vegetables,31.5,29.0,23.0,12.7,Agra,2022-05-05,tomato
Tomato,Vegetables,35.0,19.8,18.8,4.1,Agra,2022-05-06,tomato
Tomato,Vegetables,34.7,27.9,25.3,7.6,Agra,2022-05-07,tomato
Tomato,Vegetables,35.6,30.5,24.5,10.2,Agra,2022-05-08,tomato
Tomato,Vegetables,33.8,22.8,18.5,8.6,Agra,2022-05-09,tomato
Tomato,Vegetables,33.6,31.0,24.1,11.7,Agra,2022-05-10,tomato
Tomato,Vegetables,30.9,24.5,22.2,8.7,Agra,2022-05-11,tomato
Tomato,Vegetables,33.6,28.9,22.3,8.6,Agra,2022-05-12,tomato
Tomato,Vegetables,31.7,27.0,23.4,8.8,Agra,2022-05-13,tomato
Tomato,Vegetables,29.5,33.7,26.1,10.3,Agra,2022-05-14,tomato
Tomato,Vegetables,35.1,33.4,26.2,14.0,Agra,2022-05-15,tomato
Tomato,Vegetables,34.3,32.1,25.7,13.7,Agra,2022-05-16,tomato
Tomato,Vegetables,32.1,27.0,23.2,10.3,Agra,2022-05-17,tomato
Tomato,Vegetables,31.9,26.4,22.2,8.2,Agra,2022-05-18,tomato
Tomato,Vegetables,30.4,25.3,22.3,8.9,Agra,2022-05-19,tomato
Tomato,Vegetables,30.1,28.9,23.8,10.5,Agra,2022-05-20,tomato
Tomato,Vegetables,30.7,29.8,26.7,10.1,Agra,2022-05-21,tomato
Tomato,Vegetables,31.4,35.2,27.7,13.3,Agra,2022-05-22,tomato
Tomato,Vegetables,30.5,28.8,23.0,8.6,Agra,2022-05-23,tomato
Tomato,Vegetables,30.5,21.5,20.2,4.1,Agra,2022-05-24,tomato
Tomato,Vegetables,33.2,24.3,20.0,8.8,Agra,2022-05-25,tomato
Tomato,Vegetables,34.8,23.1,18.9,7.0,Agra,2022-05-26,tomato
Tomato,Vegetables,31.9,22.2,19.7,7.0,Agra,2022-05-27,tomato
Tomato,Vegetables,30.3,26.7,23.7,9.2,Agra,2022-05-28,tomato
Tomato,Vegetables,34.7,27.4,24.0,7.4,Agra,2022-05-29,tomato
Tomato,Vegetables,35.0,24.6,22.4,9.1,Agra,2022-05-30,tomato
Tomato,Vegetables,32.4,30.1,23.7,9.1,Agra,2022-05-31,tomato
Tomato,Vegetables,31.4,27.8,24.9,5.7,Agra,2022-06-01,tomato
Tomato,Vegetables,33.5,25.0,19.5,9.2,Agra,2022-06-02,tomato
Tomato,Vegetables,31.9,31.3,23.2,11.3,Agra,2022-06-03,tomato
Tomato,Vegetables,30.2,29.8,27.4,8.1,Agra,2022-06-04,tomato
Tomato,Vegetables,34.5,32.9,24.8,13.0,Agra,2022-06-05,tomato
Tomato,Vegetables,32.4,24.6,20.7,9.7,Agra,2022-06-06,tomato
Tomato,Vegetables,33.9,24.7,22.8,9.1,Agra,2022-06-07,tomato
Tomato,Vegetables,34.7,24.0,20.6,11.3,Agra,2022-06-08,tomato
Tomato,Vegetables,33.2,18.7,16.5,8.7,Agra,2022-06-09,tomato
Tomato,Vegetables,34.7,23.1,20.3,7.0,Agra,2022-06-10,tomato
Tomato,Vegetables,30.8,32.4,27.1,9.2,Agra,2022-06-11,tomato
Tomato,Vegetables,29.7,25.5,24.1,9.0,Agra,2022-06-12,tomato
Tomato,Vegetables,33.6,28.5,26.6,9.2,Agra,2022-06-13,tomato
Tomato,Vegetables,32.1,23.7,21.1,8.0,Agra,2022-06-14,tomato
Tomato,Vegetables,35.0,19.6,18.0,5.4,Agra,2022-06-15,tomato
Tomato,Vegetables,30.5,26.3,21.2,7.4,Agra,2022-06-16,tomato
Tomato,Vegetables,34.1,22.5,20.6,5.5,Agra,2022-06-17,tomato
Tomato,Vegetables,31.6,26.9,22.5,11.8,Agra,2022-06-18,tomato
Tomato,Vegetables,32.4,26.0,24.6,5.6,Agra,2022-06-19,tomato
Tomato,Vegetables,32.0,21.5,19.4,9.8,Agra,2022-06-20,tomato
Tomato,Vegetables,32.8,23.0,19.0,8.6,Agra,2022-06-21,tomato
Tomato,Vegetables,33.4,28.2,26.2,4.2,Agra,2022-06-22,tomato
Tomato,Vegetables,33.0,25.3,19.9,11.4,Agra,2022-06-23,tomato
Tomato,Vegetables,32.0,30.1,26.3,9.0,Agra,2022-06-24,tomato
Tomato,Vegetables,30.6,25.4,23.1,8.8,Agra,2022-06-25,tomato
Tomato,Vegetables,32.2,24.5,21.7,8.6,Agra,2022-06-26,tomato
Tomato,Vegetables,35.3,22.4,20.6,4.6,Agra,2022-06-27,tomato
Tomato,Vegetables,35.5,22.2,18.9,10.0,Agra,2022-06-28,tomato
Tomato,Vegetables,33.9,30.1,24.4,12.9,Agra,2022-06-29,tomato
Tomato,Vegetables,31.4,22.1,21.0,6.1,Agra,2022-06-30,tomato
Tomato,Vegetables,31.8,20.2,18.5,9.0,Agra,2022-07-01,tomato
Tomato,Vegetables,30.7,31.6,29.7,6.5,Agra,2022-07-02,tomato
Tomato,Vegetables,32.5,37.6,29.0,14.3,Agra,2022-07-03,tomato
Tomato,Vegetables,29.8,19.5,17.7,5.5,Agra,2022-07-04,tomato
Tomato,Vegetables,34.8,24.8,20.1,9.3,Agra,2022-07-05,tomato
Tomato,Vegetables,34.1,23.7,20.7,8.3,Agra,2022-07-06,tomato
Tomato,Vegetables,30.0,27.5,20.7,13.5,Agra,2022-07-07,tomato
Tomato,Vegetables,30.2,24.8,20.8,11.3,Agra,2022-07-08,tomato
Tomato,Vegetables,33.6,29.7,24.1,8.0,Agra,2022-07-09,tomato
Tomato,Vegetables,35.2,31.6,26.6,10.2,Agra,2022-07-10,tomato
Tomato,Vegetables,33.3,23.8,20.9,9.9,Agra,2022-07-11,tomato
Tomato,Vegetables,35.6,29.2,27.3,7.9,Agra,2022-07-12,tomato
Tomato,Vegetables,31.3,32.1,24.0,14.8,Agra,2022-07-13,tomato
Tomato,Vegetables,29.9,29.2,24.1,12.7,Agra,2022-07-14,tomato
Tomato,Vegetables,33.3,32.3,24.7,14.6,Agra,2022-07-15,tomato
Tomato,Vegetables,33.7,24.8,22.6,7.4,Agra,2022-07-16,tomato
Tomato,Vegetables,31.6,28.9,26.0,10.7,Agra,2022-07-17,tomato
Tomato,Vegetables,34.9,25.5,23.9,4.2,Agra,2022-07-18,tomato
Tomato,Vegetables,35.5,25.9,20.6,11.9,Agra,2022-07-19,tomato
Tomato,Vegetables,34.8,24.8,21.4,10.3,Agra,2022-07-20,tomato
Tomato,Vegetables,31.9,27.8,21.7,13.5,Agra,2022-07-21,tomato
Tomato,Vegetables,31.6,35.7,28.4,14.4,Agra,2022-07-22,tomato
Tomato,Vegetables,30.8,26.9,20.2,13.4,Agra,2022-07-23,tomato
Tomato,Vegetables,30.3,24.9,22.7,8.1,Agra,2022-07-24,tomato
Tomato,Vegetables,29.9,25.2,20.5,11.7,Agra,2022-07-25,tomato
Tomato,Vegetables,31.8,24.1,19.0,12.6,Agra,2022-07-26,tomato
Tomato,Vegetables,34.1,23.3,21.4,6.0,Agra,2022-07-27,tomato
Tomato,Vegetables,30.5,35.8,26.7,14.1,Agra,2022-07-28,tomato
Tomato,Vegetables,33.5,25.2,23.3,4.8,Agra,2022-07-29,tomato
Tomato,Vegetables,30.9,34.6,25.9,14.6,Agra,2022-07-30,tomato
Tomato,Vegetables,32.2,28.8,24.0,7.7,Agra,2022-07-31,tomato
Tomato,Vegetables,30.1,22.0,20.2,7.9,Agra,2022-08-01,tomato
Tomato,Vegetables,35.3,20.3,18.4,8.9,Agra,2022-08-02,tomato
Tomato,Vegetables,31.3,22.5,20.1,5.3,Agra,2022-08-03,tomato
Tomato,Vegetables,30.5,30.6,23.0,11.8,Agra,2022-08-04,tomato
Tomato,Vegetables,30.7,30.0,23.7,14.2,Agra,2022-08-05,tomato
Tomato,Vegetables,33.4,26.8,22.6,7.5,Agra,2022-08-06,tomato
Tomato,Vegetables,29.7,35.6,27.6,11.9,Agra,2022-08-07,tomato
Tomato,Vegetables,31.7,29.6,23.0,12.7,Agra,2022-08-08,tomato
Tomato,Vegetables,33.6,20.6,16.2,8.6,Agra,2022-08-09,tomato
Tomato,Vegetables,34.1,26.2,23.7,8.0,Agra,2022-08-10,tomato
Tomato,Vegetables,31.7,27.6,22.3,7.8,Agra,2022-08-11,tomato
Tomato,Vegetables,32.6,32.4,25.2,14.4,Agra,2022-08-12,tomato
Tomato,Vegetables,34.1,24.0,20.6,8.8,Agra,2022-08-13,tomato
Tomato,Vegetables,29.5,33.2,25.1,12.2,Agra,2022-08-14,tomato
Tomato,Vegetables,34.5,34.0,26.6,11.1,Agra,2022-08-15,tomato
Tomato,Vegetables,33.3,29.1,22.8,12.9,Agra,2022-08-16,tomato
Tomato,Vegetables,32.1,21.2,19.5,4.4,Agra,2022-08-17,tomato
Tomato,Vegetables,32.7,28.7,24.6,7.5,Agra,2022-08-18,tomato
Tomato,Vegetables,31.9,27.2,25.5,9.1,Agra,2022-08-19,tomato
Tomato,Vegetables,31.8,23.8,19.3,8.3,Agra,2022-08-20,tomato
Tomato,Vegetables,34.3,25.8,19.3,13.7,Agra,2022-08-21,tomato
Tomato,Vegetables,30.6,26.7,21.2,12.0,Agra,2022-08-22,tomato
Tomato,Vegetables,29.7,28.2,23.4,11.5,Agra,2022-08-23,tomato
Tomato,Vegetables,33.8,29.6,23.3,13.4,Agra,2022-08-24,tomato
Tomato,Vegetables,32.5,31.2,24.2,9.1,Agra,2022-08-25,tomato
Tomato,Vegetables,33.6,27.9,21.1,12.9,Agra,2022-08-26,tomato
Tomato,Vegetables,33.0,30.8,23.2,12.7,Agra,2022-08-27,tomato
Tomato,Vegetables,30.4,30.5,27.3,11.0,Agra,2022-08-28,tomato
Tomato,Vegetables,32.2,26.1,20.7,9.6,Agra,2022-08-29,tomato
Tomato,Vegetables,32.1,19.1,15.0,8.9,Agra,2022-08-30,tomato
Tomato,Vegetables,34.0,19.7,17.5,9.1,Agra,2022-08-31,tomato
Tomato,Vegetables,30.0,23.0,21.7,7.4,Agra,2022-09-01,tomato
Tomato,Vegetables,35.3,24.8,20.4,11.4,Agra,2022-09-02,tomato
Tomato,Vegetables,31.0,35.3,28.7,14.5,Agra,2022-09-03,tomato
Tomato,Vegetables,34.2,31.2,29.5,5.0,Agra,2022-09-04,tomato
Tomato,Vegetables,34.2,22.7,20.1,5.4,Agra,2022-09-05,tomato
Tomato,Vegetables,31.3,23.3,21.4,8.9,Agra,2022-09-06,tomato
Tomato,Vegetables,34.4,20.9,18.3,7.7,Agra,2022-09-07,tomato
Tomato,Vegetables,34.9,20.6,19.5,3.6,Agra,2022-09-08,tomato
Tomato,Vegetables,33.1,26.5,22.8,6.4,Agra,2022-09-09,tomato
Tomato,Vegetables,32.5,38.0,30.4,12.4,Agra,2022-09-10,tomato
Tomato,Vegetables,31.5,27.6,26.3,8.3,Agra,2022-09-11,tomato
Tomato,Vegetables,31.1,25.8,24.1,5.3,Agra,2022-09-12,tomato
Tomato,Vegetables,32.2,23.3,19.7,6.5,Agra,2022-09-13,tomato
Tomato,Vegetables,29.7,19.0,16.7,5.9,Agra,2022-09-14,tomato
Tomato,Vegetables,32.7,21.8,20.6,3.8,Agra,2022-09-15,tomato
Tomato,Vegetables,31.5,31.1,27.3,9.8,Agra,2022-09-16,tomato
Tomato,Vegetables,31.9,32.6,25.4,12.1,Agra,2022-09-17,tomato
Tomato,Vegetables,32.9,24.7,22.4,6.7,Agra,2022-09-18,tomato
Tomato,Vegetables,30.1,24.0,22.0,7.7,Agra,2022-09-19,tomato
Tomato,Vegetables,33.5,24.8,20.7,10.9,Agra,2022-09-20,tomato
Tomato,Vegetables,34.3,27.8,24.0,7.7,Agra,2022-09-21,tomato
Tomato,Vegetables,33.7,27.4,25.2,8.2,Agra,2022-09-22,tomato
Tomato,Vegetables,34.5,24.7,18.7,10.7,Agra,2022-09-23,tomato
Tomato,Vegetables,33.0,25.7,23.3,9.5,Agra,2022-09-24,tomato
Tomato,Vegetables,32.9,28.1,24.2,11.1,Agra,2022-09-25,tomato
Tomato,Vegetables,30.2,28.4,26.1,5.0,Agra,2022-09-26,tomato
Tomato,Vegetables,29.7,31.7,23.8,14.1,Agra,2022-09-27,tomato
Tomato,Vegetables,29.9,20.9,19.3,9.6,Agra,2022-09-28,tomato
Tomato,Vegetables,30.6,32.5,25.2,14.6,Agra,2022-09-29,tomato
Tomato,Vegetables,32.8,30.2,24.8,10.9,Agra,2022-09-30,tomato
Tomato,Vegetables,30.5,35.2,26.2,12.4,Agra,2022-10-01,tomato
Tomato,Vegetables,34.9,30.5,24.0,11.4,Agra,2022-10-02,tomato
Tomato,Vegetables,30.2,30.5,23.1,13.5,Agra,2022-10-03,tomato
Tomato,Vegetables,30.5,21.5,17.0,10.3,Agra,2022-10-04,tomato
Tomato,Vegetables,30.7,26.3,23.4,9.1,Agra,2022-10-05,tomato
Tomato,Vegetables,33.8,24.9,20.9,6.7,Agra,2022-10-06,tomato
Tomato,Vegetables,33.4,18.6,16.5,6.9,Agra,2022-10-07,tomato
Tomato,Vegetables,29.9,36.9,30.2,12.3,Agra,2022-10-08,tomato
Tomato,Vegetables,33.7,29.4,26.5,5.3,Agra,2022-10-09,tomato
Tomato,Vegetables,34.9,24.0,21.6,9.3,Agra,2022-10-10,tomato
Tomato,Vegetables,30.8,33.4,25.5,12.4,Agra,2022-10-11,tomato
Tomato,Vegetables,29.8,26.7,23.3,8.1,Agra,2022-10-12,tomato
Tomato,Vegetables,35.1,27.2,24.5,5.3,Agra,2022-10-13,tomato
Tomato,Vegetables,34.5,27.2,23.8,8.8,Agra,2022-10-14,tomato
Tomato,Vegetables,29.7,36.1,27.7,11.5,Agra,2022-10-15,tomato
Tomato,Vegetables,30.2,35.5,31.9,7.0,Agra,2022-10-16,tomato
Tomato,Vegetables,31.5,28.3,21.9,12.9,Agra,2022-10-17,tomato
Tomato,Vegetables,31.2,28.8,23.3,8.8,Agra,2022-10-18,tomato
Tomato,Vegetables,30.3,23.3,21.8,5.0,Agra,2022-10-19,tomato
Tomato,Vegetables,34.0,25.7,22.4,6.2,Agra,2022-10-20,tomato
Tomato,Vegetables,30.6,26.4,22.1,11.9,Agra,2022-10-21,tomato
Tomato,Vegetables,35.2,34.1,26.7,10.4,Agra,2022-10-22,tomato
Tomato,Vegetables,31.3,25.7,24.0,4.1,Agra,2022-10-23,tomato
Tomato,Vegetables,32.3,27.6,20.6,11.9,Agra,2022-10-24,tomato
Tomato,Vegetables,34.5,26.4,21.3,10.8,Agra,2022-10-25,tomato
Tomato,Vegetables,31.4,28.4,21.3,9.3,Agra,2022-10-26,tomato
Tomato,Vegetables,30.2,30.8,24.3,12.2,Agra,2022-10-27,tomato
Tomato,Vegetables,34.0,23.9,22.6,8.2,Agra,2022-10-28,tomato
Tomato,Vegetables,32.7,35.2,32.5,5.9,Agra,2022-10-29,tomato
Tomato,Vegetables,33.7,30.8,23.4,14.7,Agra,2022-10-30,tomato
Tomato,Vegetables,34.8,27.2,23.8,9.3,Agra,2022-10-31,tomato
Tomato,Vegetables,32.3,16.6,15.8,2.9,Agra,2022-11-01,tomato
Tomato,Vegetables,34.4,32.0,24.0,11.4,Agra,2022-11-02,tomato
Tomato,Vegetables,32.9,23.0,21.2,8.2,Agra,2022-11-03,tomato
Tomato,Vegetables,32.7,19.2,16.8,8.4,Agra,2022-11-04,tomato
Tomato,Vegetables,32.7,37.8,28.3,11.9,Agra,2022-11-05,tomato
Tomato,Vegetables,35.4,19.4,17.8,4.8,Agra,2022-11-06,tomato
Tomato,Vegetables,35.7,23.1,19.7,7.2,Agra,2022-11-07,tomato
Tomato,Vegetables,30.9,27.0,25.3,3.9,Agra,2022-11-08,tomato
Tomato,Vegetables,32.7,28.0,26.0,7.1,Agra,2022-11-09,tomato
Tomato,Vegetables,35.4,28.2,21.6,11.8,Agra,2022-11-10,tomato
Tomato,Vegetables,30.3,27.5,22.3,13.1,Agra,2022-11-11,tomato
Tomato,Vegetables,34.8,25.1,21.4,7.8,Agra,2022-11-12,tomato
Tomato,Vegetables,29.5,28.7,26.8,4.8,Agra,2022-11-13,tomato
Tomato,Vegetables,35.7,25.9,20.5,10.1,Agra,2022-11-14,tomato
Tomato,Vegetables,34.9,23.0,20.2,10.8,Agra,2022-11-15,tomato
Tomato,Vegetables,35.2,22.0,18.2,8.3,Agra,2022-11-16,tomato
Tomato,Vegetables,35.8,25.3,20.0,11.5,Agra,2022-11-17,tomato
Tomato,Vegetables,33.1,24.3,18.2,9.6,Agra,2022-11-18,tomato
Tomato,Vegetables,33.1,31.2,23.8,13.2,Agra,2022-11-19,tomato
Tomato,Vegetables,31.9,35.0,28.1,14.5,Agra,2022-11-20,tomato
Tomato,Vegetables,35.8,23.7,22.3,3.4,Agra,2022-11-21,tomato
Tomato,Vegetables,33.3,25.1,21.0,8.9,Agra,2022-11-22,tomato
Tomato,Vegetables,30.9,25.6,21.7,8.1,Agra,2022-11-23,tomato
Tomato,Vegetables,30.7,27.1,22.5,10.7,Agra,2022-11-24,tomato
Tomato,Vegetables,34.6,19.3,17.3,7.5,Agra,2022-11-25,tomato
Tomato,Vegetables,31.9,29.0,25.3,8.8,Agra,2022-11-26,tomato
Tomato,Vegetables,33.0,30.0,23.8,10.5,Agra,2022-11-27,tomato
Tomato,Vegetables,32.3,22.9,18.4,7.6,Agra,2022-11-28,tomato
Tomato,Vegetables,35.0,27.9,24.5,9.3,Agra,2022-11-29,tomato
Tomato,Vegetables,31.2,24.6,19.3,7.9,Agra,2022-11-30,tomato
Tomato,Vegetables,31.4,29.9,27.4,6.4,Agra,2022-12-01,tomato
Tomato,Vegetables,30.1,32.8,25.2,15.5,Agra,2022-12-02,tomato
Tomato,Vegetables,31.3,33.3,30.3,9.0,Agra,2022-12-03,tomato
Tomato,Vegetables,32.7,18.3,15.2,5.5,Agra,2022-12-04,tomato
Tomato,Vegetables,30.0,24.3,22.7,8.4,Agra,2022-12-05,tomato
Tomato,Vegetables,29.8,26.2,21.6,10.3,Agra,2022-12-06,tomato
Tomato,Vegetables,30.1,26.1,24.2,8.0,Agra,2022-12-07,tomato
Tomato,Vegetables,31.2,25.6,22.6,8.3,Agra,2022-12-08,tomato
Tomato,Vegetables,35.4,28.8,21.6,10.8,Agra,2022-12-09,tomato
Tomato,Vegetables,33.6,33.7,26.5,15.0,Agra,2022-12-10,tomato
Tomato,Vegetables,35.2,30.2,24.5,12.8,Agra,2022-12-11,tomato
Tomato,Vegetables,31.2,22.1,21.0,4.2,Agra,2022-12-12,tomato
Tomato,Vegetables,32.2,33.3,26.4,12.1,Agra,2022-12-13,tomato
Tomato,Vegetables,32.2,20.1,19.0,4.7,Agra,2022-12-14,tomato
Tomato,Vegetables,33.7,19.2,17.2,4.1,Agra,2022-12-15,tomato
Tomato,Vegetables,34.7,26.8,20.4,10.6,Agra,2022-12-16,tomato
Tomato,Vegetables,33.9,31.2,24.9,11.1,Agra,2022-12-17,tomato
Tomato,Vegetables,29.9,41.0,31.5,12.0,Agra,2022-12-18,tomato
Tomato,Vegetables,31.7,28.5,22.0,9.5,Agra,2022-12-19,tomato
Tomato,Vegetables,34.8,26.0,21.9,9.2,Agra,2022-12-20,tomato
Tomato,Vegetables,35.6,27.1,20.3,9.4,Agra,2022-12-21,tomato
Tomato,Vegetables,29.6,30.1,24.9,11.8,Agra,2022-12-22,tomato
Tomato,Vegetables,30.9,27.1,21.0,12.1,Agra,2022-12-23,tomato
Tomato,Vegetables,34.6,30.8,24.3,11.5,Agra,2022-12-24,tomato
Tomato,Vegetables,35.5,28.5,26.1,7.0,Agra,2022-12-25,tomato
Tomato,Vegetables,32.8,31.7,26.6,9.7,Agra,2022-12-26,tomato
Tomato,Vegetables,33.5,31.8,24.9,13.9,Agra,2022-12-27,tomato
Tomato,Vegetables,33.1,26.2,24.4,6.0,Agra,2022-12-28,tomato
Tomato,Vegetables,29.5,30.8,23.7,12.0,Agra,2022-12-29,tomato
Tomato,Vegetables,34.0,27.6,21.7,11.5,Agra,2022-12-30,tomato
Tomato,Vegetables,35.1,30.5,28.5,4.8,Agra,2022-12-31,tomato
Tomato,Vegetables,35.4,25.8,21.3,11.0,Agra,2023-01-01,tomato
Tomato,Vegetables,35.0,29.0,23.6,8.3,Agra,2023-01-02,tomato
Tomato,Vegetables,34.4,28.7,25.1,6.9,Agra,2023-01-03,tomato
Tomato,Vegetables,34.0,24.6,21.5,10.0,Agra,2023-01-04,tomato
Tomato,Vegetables,35.5,22.4,17.3,9.5,Agra,2023-01-05,tomato
Tomato,Vegetables,30.5,28.1,24.0,6.3,Agra,2023-01-06,tomato
Tomato,Vegetables,30.2,32.0,27.5,9.5,Agra,2023-01-07,tomato
Tomato,Vegetables,31.3,30.0,28.0,8.8,Agra,2023-01-08,tomato
Tomato,Vegetables,32.4,27.2,21.8,13.2,Agra,2023-01-09,tomato
Tomato,Vegetables,32.4,24.7,23.0,5.1,Agra,2023-01-10,tomato
Tomato,Vegetables,35.6,26.8,20.4,9.7,Agra,2023-01-11,tomato
Tomato,Vegetables,34.4,18.5,15.1,9.5,Agra,2023-01-12,tomato
Tomato,Vegetables,33.3,23.6,20.8,5.3,Agra,2023-01-13,tomato
Tomato,Vegetables,34.1,27.7,22.0,10.4,Agra,2023-01-14,tomato
Tomato,Vegetables,30.7,30.5,23.8,13.5,Agra,2023-01-15,tomato
Tomato,Vegetables,35.7,23.7,19.7,6.1,Agra,2023-01-16,tomato
Tomato,Vegetables,35.5,23.2,21.0,9.8,Agra,2023-01-17,tomato
Tomato,Vegetables,35.5,25.2,20.7,8.6,Agra,2023-01-18,tomato
Tomato,Vegetables,34.7,24.5,21.5,7.7,Agra,2023-01-19,tomato
Tomato,Vegetables,33.1,25.4,22.0,8.6,Agra,2023-01-20,tomato
Tomato,Vegetables,30.2,29.0,25.2,9.3,Agra,2023-01-21,tomato
Tomato,Vegetables,33.1,29.8,24.7,7.6,Agra,2023-01-22,tomato
Tomato,Vegetables,33.3,20.9,18.7,9.7,Agra,2023-01-23,tomato
Tomato,Vegetables,31.2,29.3,23.3,13.4,Agra,2023-01-24,tomato
Tomato,Vegetables,34.9,27.0,24.8,9.8,Agra,2023-01-25,tomato
Tomato,Vegetables,30.3,30.9,23.2,13.5,Agra,2023-01-26,tomato
Tomato,Vegetables,35.0,21.6,16.2,11.9,Agra,2023-01-27,tomato
Tomato,Vegetables,32.5,25.5,21.2,6.6,Agra,2023-01-28,tomato
Tomato,Vegetables,30.9,27.8,24.0,10.9,Agra,2023-01-29,tomato
Tomato,Vegetables,31.8,32.1,24.1,14.6,Agra,2023-01-30,tomato
Tomato,Vegetables,30.2,23.6,20.6,8.6,Agra,2023-01-31,tomato
Tomato,Vegetables,30.7,22.9,18.9,10.2,Agra,2023-02-01,tomato
Tomato,Vegetables,34.5,29.7,23.0,13.3,Agra,2023-02-02,tomato
Tomato,Vegetables,30.3,27.8,23.3,9.1,Agra,2023-02-03,tomato
Tomato,Vegetables,33.8,25.9,23.5,10.4,Agra,2023-02-04,tomato
Tomato,Vegetables,32.9,26.0,21.1,10.9,Agra,2023-02-05,tomato
Tomato,Vegetables,31.7,32.1,27.0,8.6,Agra,2023-02-06,tomato
Tomato,Vegetables,34.4,29.5,23.4,8.2,Agra,2023-02-07,tomato
Tomato,Vegetables,30.7,28.0,24.0,7.4,Agra,2023-02-08,tomato
Tomato,Vegetables,32.8,25.4,22.5,7.3,Agra,2023-02-09,tomato
Tomato,Vegetables,29.8,25.1,23.9,5.8,Agra,2023-02-10,tomato
Tomato,Vegetables,34.1,27.3,24.7,6.2,Agra,2023-02-11,tomato
Tomato,Vegetables,32.3,36.5,29.3,12.5,Agra,2023-02-12,tomato
Tomato,Vegetables,34.8,27.4,21.6,10.7,Agra,2023-02-13,tomato
Tomato,Vegetables,31.2,26.0,20.9,10.9,Agra,2023-02-14,tomato
Tomato,Vegetables,30.4,26.0,24.2,6.6,Agra,2023-02-15,tomato
Tomato,Vegetables,32.0,28.5,24.0,9.3,Agra,2023-02-16,tomato
Tomato,Vegetables,32.8,22.9,21.2,4.8,Agra,2023-02-17,tomato
Tomato,Vegetables,30.0,23.2,21.0,4.2,Agra,2023-02-18,tomato
Tomato,Vegetables,29.7,30.0,24.9,9.3,Agra,2023-02-19,tomato
Tomato,Vegetables,31.5,31.0,23.7,12.2,Agra,2023-02-20,tomato
Tomato,Vegetables,32.7,21.7,17.3,6.7,Agra,2023-02-21,tomato
Tomato,Vegetables,31.2,26.7,21.4,7.5,Agra,2023-02-22,tomato
Tomato,Vegetables,29.6,23.9,19.0,11.4,Agra,2023-02-23,tomato
Tomato,Vegetables,29.7,24.6,20.8,11.5,Agra,2023-02-24,tomato
Tomato,Vegetables,31.4,31.4,26.5,8.2,Agra,2023-02-25,tomato
Tomato,Vegetables,30.9,27.5,21.9,9.5,Agra,2023-02-26,tomato
Tomato,Vegetables,35.8,23.7,22.1,6.8,Agra,2023-02-27,tomato
Tomato,Vegetables,32.4,19.9,17.2,7.3,Agra,2023-02-28,tomato
Tomato,Vegetables,30.6,28.5,23.5,9.0,Agra,2023-03-01,tomato
Tomato,Vegetables,30.5,30.7,23.7,9.3,Agra,2023-03-02,tomato
Tomato,Vegetables,30.6,23.3,19.0,10.6,Agra,2023-03-03,tomato
Tomato,Vegetables,35.3,26.4,23.7,6.4,Agra,2023-03-04,tomato
Tomato,Vegetables,34.0,30.2,23.7,10.8,Agra,2023-03-05,tomato
Tomato,Vegetables,30.4,21.5,19.0,5.0,Agra,2023-03-06,tomato
Tomato,Vegetables,33.8,29.1,21.8,14.5,Agra,2023-03-07,tomato
Tomato,Vegetables,29.9,26.7,21.1,11.7,Agra,2023-03-08,tomato
Tomato,Vegetables,31.3,32.1,27.0,8.4,Agra,2023-03-09,tomato
Tomato,Vegetables,31.1,28.6,23.6,8.4,Agra,2023-03-10,tomato
Tomato,Vegetables,32.0,24.8,22.8,6.9,Agra,2023-03-11,tomato
Tomato,Vegetables,29.6,32.7,27.9,12.5,Agra,2023-03-12,tomato
Tomato,Vegetables,34.7,29.9,23.6,10.7,Agra,2023-03-13,tomato
Tomato,Vegetables,31.5,18.9,16.6,9.0,Agra,2023-03-14,tomato
Tomato,Vegetables,31.9,24.5,23.1,5.7,Agra,2023-03-15,tomato
Tomato,Vegetables,32.4,25.6,19.1,9.0,Agra,2023-03-16,tomato
Tomato,Vegetables,34.2,32.0,24.8,11.2,Agra,2023-03-17,tomato
Tomato,Vegetables,30.6,33.2,26.3,11.9,Agra,2023-03-18,tomato
Tomato,Vegetables,32.6,25.7,24.4,5.2,Agra,2023-03-19,tomato
Tomato,Vegetables,31.5,28.2,22.3,9.9,Agra,2023-03-20,tomato
Tomato,Vegetables,31.7,32.1,27.9,9.5,Agra,2023-03-21,tomato
Tomato,Vegetables,33.4,27.9,24.7,6.6,Agra,2023-03-22,tomato
Tomato,Vegetables,35.1,21.6,17.8,10.0,Agra,2023-03-23,tomato
Tomato,Vegetables,29.6,33.9,25.6,14.6,Agra,2023-03-24,tomato
Tomato,Vegetables,32.0,33.1,26.5,11.4,Agra,2023-03-25,tomato
Tomato,Vegetables,30.4,35.8,31.7,8.9,Agra,2023-03-26,tomato
Tomato,Vegetables,35.3,25.6,22.1,6.4,Agra,2023-03-27,tomato
Tomato,Vegetables,30.2,24.8,19.8,9.8,Agra,2023-03-28,tomato
Tomato,Vegetables,35.0,33.0,25.6,15.1,Agra,2023-03-29,tomato
Tomato,Vegetables,35.0,23.7,18.5,9.7,Agra,2023-03-30,tomato
Tomato,Vegetables,35.7,25.3,23.2,7.7,Agra,2023-03-31,tomato
Tomato,Vegetables,33.9,23.3,21.6,5.5,Agra,2023-04-01,tomato
Tomato,Vegetables,33.5,33.2,30.5,7.8,Agra,2023-04-02,tomato
Tomato,Vegetables,35.4,31.7,23.7,10.8,Agra,2023-04-03,tomato
Tomato,Vegetables,35.2,27.5,25.1,8.8,Agra,2023-04-04,tomato
Tomato,Vegetables,29.9,29.6,23.9,11.7,Agra,2023-04-05,tomato
Tomato,Vegetables,33.7,27.0,21.2,12.6,Agra,2023-04-06,tomato
Tomato,Vegetables,32.1,22.4,20.4,7.0,Agra,2023-04-07,tomato
Tomato,Vegetables,33.6,34.0,26.2,11.4,Agra,2023-04-08,tomato
Tomato,Vegetables,34.8,32.9,26.7,11.5,Agra,2023-04-09,tomato
Tomato,Vegetables,31.1,30.0,22.8,10.6,Agra,2023-04-10,tomato
Tomato,Vegetables,31.2,24.6,18.4,8.4,Agra,2023-04-11,tomato
Tomato,Vegetables,32.5,30.0,27.1,8.3,Agra,2023-04-12,tomato
Tomato,Vegetables,30.1,26.4,23.4,5.1,Agra,2023-04-13,tomato
Tomato,Vegetables,32.3,25.4,20.3,8.3,Agra,2023-04-14,tomato
Tomato,Vegetables,34.0,32.0,24.6,13.8,Agra,2023-04-15,tomato
Tomato,Vegetables,34.3,24.7,21.4,8.7,Agra,2023-04-16,tomato
Tomato,Vegetables,31.0,30.3,26.3,6.9,Agra,2023-04-17,tomato
Tomato,Vegetables,34.4,24.8,21.4,9.6,Agra,2023-04-18,tomato
Tomato,Vegetables,30.0,29.1,27.3,8.0,Agra,2023-04-19,tomato
Tomato,Vegetables,33.0,20.9,19.3,6.2,Agra,2023-04-20,tomato
Tomato,Vegetables,32.2,31.3,24.5,9.5,Agra,2023-04-21,tomato
Tomato,Vegetables,35.5,30.9,24.5,12.7,Agra,2023-04-22,tomato
Tomato,Vegetables,33.1,26.2,24.5,8.8,Agra,2023-04-23,tomato
Tomato,Vegetables,33.5,22.5,20.0,8.8,Agra,2023-04-24,tomato
Tomato,Vegetables,34.7,32.1,24.8,13.6,Agra,2023-04-25,tomato
Tomato,Vegetables,30.3,27.0,22.5,9.4,Agra,2023-04-26,tomato
Tomato,Vegetables,34.7,18.9,17.4,8.3,Agra,2023-04-27,tomato
Tomato,Vegetables,29.6,24.0,19.9,9.2,Agra,2023-04-28,tomato
Tomato,Vegetables,32.7,27.2,23.9,8.4,Agra,2023-04-29,tomato
Tomato,Vegetables,34.0,29.3,27.4,9.8,Agra,2023-04-30,tomato
Tomato,Vegetables,34.3,25.8,21.0,8.0,Agra,2023-05-01,tomato
Tomato,Vegetables,33.5,21.2,20.0,5.9,Agra,2023-05-02,tomato
Tomato,Vegetables,31.4,27.5,24.2,9.6,Agra,2023-05-03,tomato
Tomato,Vegetables,30.4,28.0,21.1,12.4,Agra,2023-05-04,tomato
Tomato,Vegetables,35.4,28.3,21.6,13.9,Agra,2023-05-05,tomato
Tomato,Vegetables,30.2,28.4,23.9,8.2,Agra,2023-05-06,tomato
Tomato,Vegetables,30.3,36.2,31.7,9.8,Agra,2023-05-07,tomato
Tomato,Vegetables,32.1,26.9,24.2,5.0,Agra,2023-05-08,tomato
Tomato,Vegetables,35.8,29.3,22.3,10.6,Agra,2023-05-09,tomato
Tomato,Vegetables,30.5,24.4,21.5,9.9,Agra,2023-05-10,tomato
Tomato,Vegetables,33.1,22.7,21.1,9.4,Agra,2023-05-11,tomato
Tomato,Vegetables,32.9,30.9,25.4,12.9,Agra,2023-05-12,tomato
Tomato,Vegetables,33.9,30.1,24.1,10.0,Agra,2023-05-13,tomato
Tomato,Vegetables,35.8,24.7,22.6,7.4,Agra,2023-05-14,tomato
Tomato,Vegetables,33.7,31.0,26.7,6.7,Agra,2023-05-15,tomato
Tomato,Vegetables,34.5,27.8,24.7,5.9,Agra,2023-05-16,tomato
Tomato,Vegetables,32.3,27.8,24.8,9.7,Agra,2023-05-17,tomato
Tomato,Vegetables,32.8,27.8,21.1,12.5,Agra,2023-05-18,tomato
Tomato,Vegetables,32.0,26.7,21.1,12.5,Agra,2023-05-19,tomato
Tomato,Vegetables,30.2,28.3,25.7,7.2,Agra,2023-05-20,tomato
Tomato,Vegetables,30.8,28.3,24.4,7.4,Agra,2023-05-21,tomato
Tomato,Vegetables,29.5,27.5,22.8,6.9,Agra,2023-05-22,tomato
Tomato,Vegetables,33.9,21.7,20.5,6.1,Agra,2023-05-23,tomato
Tomato,Vegetables,32.0,29.2,22.5,14.7,Agra,2023-05-24,tomato
Tomato,Vegetables,30.6,26.7,25.0,8.3,Agra,2023-05-25,tomato
Tomato,Vegetables,33.5,19.3,17.9,7.7,Agra,2023-05-26,tomato
Tomato,Vegetables,32.9,34.7,28.9,12.2,Agra,2023-05-27,tomato
Tomato,Vegetables,35.8,29.6,25.3,11.7,Agra,2023-05-28,tomato
Tomato,Vegetables,34.1,25.2,21.7,8.6,Agra,2023-05-29,tomato
Tomato,Vegetables,30.7,29.9,22.2,14.9,Agra,2023-05-30,tomato
Tomato,Vegetables,29.5,27.5,20.5,11.8,Agra,2023-05-31,tomato
Tomato,Vegetables,30.6,26.2,23.4,6.2,Agra,2023-06-01,tomato
Tomato,Vegetables,35.6,26.9,23.7,7.7,Agra,2023-06-02,tomato
Tomato,Vegetables,34.3,28.3,24.2,8.2,Agra,2023-06-03,tomato
Tomato,Vegetables,31.9,38.1,29.8,10.7,Agra,2023-06-04,tomato
Tomato,Vegetables,34.6,21.7,20.0,5.1,Agra,2023-06-05,tomato
Tomato,Vegetables,34.8,24.3,20.1,7.8,Agra,2023-06-06,tomato
Tomato,Vegetables,30.6,24.4,22.5,6.2,Agra,2023-06-07,tomato
Tomato,Vegetables,32.3,30.2,26.1,7.7,Agra,2023-06-08,tomato
Tomato,Vegetables,31.5,23.9,22.3,4.8,Agra,2023-06-09,tomato
Tomato,Vegetables,32.9,32.1,24.9,11.8,Agra,2023-06-10,tomato
Tomato,Vegetables,35.1,28.1,22.4,9.6,Agra,2023-06-11,tomato
Tomato,Vegetables,34.3,25.7,23.0,5.6,Agra,2023-06-12,tomato
Tomato,Vegetables,33.5,27.7,24.7,6.2,Agra,2023-06-13,tomato
Tomato,Vegetables,35.3,31.5,26.0,9.9,Agra,2023-06-14,tomato
Tomato,Vegetables,34.7,23.7,21.7,5.4,Agra,2023-06-15,tomato
Tomato,Vegetables,33.5,23.5,20.7,9.5,Agra,2023-06-16,tomato
Tomato,Vegetables,32.8,34.9,28.2,11.2,Agra,2023-06-17,tomato
Tomato,Vegetables,32.3,27.8,24.6,5.9,Agra,2023-06-18,tomato
Tomato,Vegetables,31.4,23.7,19.9,6.2,Agra,2023-06-19,tomato
Tomato,Vegetables,30.1,24.4,19.2,8.3,Agra,2023-06-20,tomato
Tomato,Vegetables,31.6,24.6,22.6,8.5,Agra,2023-06-21,tomato
Tomato,Vegetables,32.6,23.7,22.0,4.7,Agra,2023-06-22,tomato
Tomato,Vegetables,33.9,26.8,19.9,12.8,Agra,2023-06-23,tomato
Tomato,Vegetables,31.7,24.7,22.2,5.9,Agra,2023-06-24,tomato
Tomato,Vegetables,29.8,31.2,24.0,12.2,Agra,2023-06-25,tomato
Tomato,Vegetables,32.7,31.1,23.9,12.4,Agra,2023-06-26,tomato
Tomato,Vegetables,31.5,26.8,25.2,5.0,Agra,2023-06-27,tomato
Tomato,Vegetables,30.9,31.6,24.0,13.5,Agra,2023-06-28,tomato
Tomato,Vegetables,30.8,27.2,21.8,10.1,Agra,2023-06-29,tomato
Tomato,Vegetables,30.1,29.9,23.4,10.5,Agra,2023-06-30,tomato
Tomato,Vegetables,31.7,30.7,28.0,6.0,Agra,2023-07-01,tomato
Tomato,Vegetables,32.0,26.4,24.1,5.0,Agra,2023-07-02,tomato
Tomato,Vegetables,32.8,29.2,22.7,9.4,Agra,2023-07-03,tomato
Tomato,Vegetables,30.0,25.4,19.3,9.6,Agra,2023-07-04,tomato
Tomato,Vegetables,32.6,18.4,14.5,11.0,Agra,2023-07-05,tomato
Tomato,Vegetables,30.3,26.4,24.0,10.1,Agra,2023-07-06,tomato
Tomato,Vegetables,32.1,24.9,21.6,9.5,Agra,2023-07-07,tomato
Tomato,Vegetables,30.1,32.6,27.8,9.1,Agra,2023-07-08,tomato
Tomato,Vegetables,29.7,25.5,23.9,3.7,Agra,2023-07-09,tomato
Tomato,Vegetables,33.3,19.3,17.4,6.1,Agra,2023-07-10,tomato
Tomato,Vegetables,30.0,29.4,22.7,9.5,Agra,2023-07-11,tomato
Tomato,Vegetables,32.3,26.6,24.3,10.3,Agra,2023-07-12,tomato
Tomato,Vegetables,29.8,21.4,20.0,7.8,Agra,2023-07-13,tomato
Tomato,Vegetables,30.0,23.5,22.2,9.0,Agra,2023-07-14,tomato
Tomato,Vegetables,30.6,27.6,25.1,5.6,Agra,2023-07-15,tomato
Tomato,Vegetables,33.6,29.0,26.3,4.9,Agra,2023-07-16,tomato
Tomato,Vegetables,32.4,23.0,19.2,8.5,Agra,2023-07-17,tomato
Tomato,Vegetables,31.1,38.1,28.5,16.6,Agra,2023-07-18,tomato
Tomato,Vegetables,31.5,26.8,21.3,10.2,Agra,2023-07-19,tomato
Tomato,Vegetables,30.3,29.2,23.0,10.3,Agra,2023-07-20,tomato
Tomato,Vegetables,35.3,28.6,25.8,10.1,Agra,2023-07-21,tomato
Tomato,Vegetables,34.6,33.1,29.2,8.6,Agra,2023-07-22,tomato
Tomato,Vegetables,34.5,30.0,26.5,10.1,Agra,2023-07-23,tomato
Tomato,Vegetables,33.5,27.7,22.9,12.6,Agra,2023-07-24,tomato
Tomato,Vegetables,33.3,24.0,22.6,5.0,Agra,2023-07-25,tomato
Tomato,Vegetables,33.3,27.3,23.1,11.9,Agra,2023-07-26,tomato
Tomato,Vegetables,33.2,24.4,21.9,6.8,Agra,2023-07-27,tomato
Tomato,Vegetables,35.6,31.4,23.5,10.0,Agra,2023-07-28,tomato
Tomato,Vegetables,31.4,28.0,25.8,6.0,Agra,2023-07-29,tomato
Tomato,Vegetables,34.6,35.9,26.6,12.1,Agra,2023-07-30,tomato
Tomato,Vegetables,33.5,26.7,24.1,8.4,Agra,2023-07-31,tomato
Tomato,Vegetables,33.3,26.7,20.8,9.3,Agra,2023-08-01,tomato
Tomato,Vegetables,33.5,22.6,19.7,6.1,Agra,2023-08-02,tomato
Tomato,Vegetables,35.8,29.0,21.5,11.0,Agra,2023-08-03,tomato
Tomato,Vegetables,34.6,24.8,22.3,8.4,Agra,2023-08-04,tomato
Tomato,Vegetables,35.0,24.3,22.6,7.5,Agra,2023-08-05,tomato
Tomato,Vegetables,32.9,28.9,24.0,12.1,Agra,2023-08-06,tomato
Tomato,Vegetables,33.8,21.0,19.8,4.0,Agra,2023-08-07,tomato
Tomato,Vegetables,35.1,24.1,18.2,8.6,Agra,2023-08-08,tomato
Tomato,Vegetables,29.9,29.2,23.5,12.5,Agra,2023-08-09,tomato
Tomato,Vegetables,31.2,25.1,19.6,9.1,Agra,2023-08-10,tomato
Tomato,Vegetables,30.0,21.6,18.9,10.5,Agra,2023-08-11,tomato
Tomato,Vegetables,32.2,37.4,30.7,12.6,Agra,2023-08-12,tomato
Tomato,Vegetables,35.1,30.3,26.1,6.9,Agra,2023-08-13,tomato
Tomato,Vegetables,30.0,29.6,24.3,12.9,Agra,2023-08-14,tomato
Tomato,Vegetables,33.5,26.2,24.6,6.4,Agra,2023-08-15,tomato
Tomato,Vegetables,30.8,23.9,19.2,12.0,Agra,2023-08-16,tomato
Tomato,Vegetables,29.9,26.8,23.8,9.0,Agra,2023-08-17,tomato
Tomato,Vegetables,34.0,21.0,18.7,9.7,Agra,2023-08-18,tomato
Tomato,Vegetables,34.7,34.6,25.9,13.2,Agra,2023-08-19,tomato
Tomato,Vegetables,32.3,34.3,26.4,11.4,Agra,2023-08-20,tomato
Tomato,Vegetables,30.3,22.8,17.9,11.1,Agra,2023-08-21,tomato
Tomato,Vegetables,34.7,22.1,20.1,8.3,Agra,2023-08-22,tomato
Tomato,Vegetables,35.1,27.5,25.1,7.5,Agra,2023-08-23,tomato
Tomato,Vegetables,31.5,24.0,20.8,8.1,Agra,2023-08-24,tomato
Tomato,Vegetables,30.4,26.4,22.5,7.0,Agra,2023-08-25,tomato
Tomato,Vegetables,30.8,31.0,26.6,9.5,Agra,2023-08-26,tomato
Tomato,Vegetables,31.9,33.1,26.9,8.2,Agra,2023-08-27,tomato
Tomato,Vegetables,31.0,25.2,22.2,8.2,Agra,2023-08-28,tomato
Tomato,Vegetables,35.6,20.7,19.0,6.3,Agra,2023-08-29,tomato
Tomato,Vegetables,34.3,26.6,22.7,9.6,Agra,2023-08-30,tomato
Tomato,Vegetables,32.8,23.3,19.7,8.5,Agra,2023-08-31,tomato
Tomato,Vegetables,30.4,35.2,26.7,14.3,Agra,2023-09-01,tomato
Tomato,Vegetables,34.7,28.7,23.9,8.1,Agra,2023-09-02,tomato
Tomato,Vegetables,34.1,37.0,27.5,14.2,Agra,2023-09-03,tomato
Tomato,Vegetables,34.1,22.6,21.4,4.8,Agra,2023-09-04,tomato
Tomato,Vegetables,34.1,31.2,24.8,11.0,Agra,2023-09-05,tomato
Tomato,Vegetables,35.4,28.2,24.3,11.3,Agra,2023-09-06,tomato
Tomato,Vegetables,29.8,26.7,21.4,7.6,Agra,2023-09-07,tomato
Tomato,Vegetables,30.0,26.5,24.8,6.6,Agra,2023-09-08,tomato
Tomato,Vegetables,32.1,27.7,24.2,10.7,Agra,2023-09-09,tomato
Tomato,Vegetables,33.0,22.6,19.8,7.5,Agra,2023-09-10,tomato
Tomato,Vegetables,35.0,20.0,17.4,6.2,Agra,2023-09-11,tomato
Tomato,Vegetables,32.5,21.5,16.9,8.8,Agra,2023-09-12,tomato
Tomato,Vegetables,30.9,26.6,25.2,7.2,Agra,2023-09-13,tomato
Tomato,Vegetables,35.2,24.3,22.6,9.1,Agra,2023-09-14,tomato
Tomato,Vegetables,30.2,28.6,22.5,8.5,Agra,2023-09-15,tomato
Tomato,Vegetables,30.1,36.3,27.1,17.1,Agra,2023-09-16,tomato
Tomato,Vegetables,31.2,33.9,25.3,11.4,Agra,2023-09-17,tomato
Tomato,Vegetables,35.0,21.1,19.0,4.5,Agra,2023-09-18,tomato
Tomato,Vegetables,30.3,21.5,20.5,7.7,Agra,2023-09-19,tomato
Tomato,Vegetables,33.6,29.8,22.7,12.6,Agra,2023-09-20,tomato
Tomato,Vegetables,29.7,26.8,23.1,9.7,Agra,2023-09-21,tomato
Tomato,Vegetables,29.9,29.2,23.1,9.6,Agra,2023-09-22,tomato
Tomato,Vegetables,35.4,24.1,21.2,8.7,Agra,2023-09-23,tomato
Tomato,Vegetables,30.1,24.1,22.6,7.7,Agra,2023-09-24,tomato
Tomato,Vegetables,35.5,21.9,18.9,6.2,Agra,2023-09-25,tomato
Tomato,Vegetables,33.8,26.6,23.7,8.3,Agra,2023-09-26,tomato
Tomato,Vegetables,34.8,37.3,27.8,13.4,Agra,2023-09-27,tomato
Tomato,Vegetables,34.5,28.3,22.5,8.5,Agra,2023-09-28,tomato
Tomato,Vegetables,35.8,22.0,19.3,6.8,Agra,2023-09-29,tomato
Tomato,Vegetables,31.4,34.9,27.4,14.0,Agra,2023-09-30,tomato
Tomato,Vegetables,32.8,21.2,20.1,5.2,Agra,2023-10-01,tomato
Tomato,Vegetables,29.5,32.1,24.5,13.4,Agra,2023-10-02,tomato
Tomato,Vegetables,35.7,24.8,22.4,8.2,Agra,2023-10-03,tomato
Tomato,Vegetables,32.6,23.9,19.1,11.2,Agra,2023-10-04,tomato
Tomato,Vegetables,32.8,23.0,19.8,7.0,Agra,2023-10-05,tomato
Tomato,Vegetables,33.4,24.5,21.6,6.3,Agra,2023-10-06,tomato
Tomato,Vegetables,34.9,25.3,23.5,6.8,Agra,2023-10-07,tomato
Tomato,Vegetables,32.3,37.9,28.9,14.3,Agra,2023-10-08,tomato
Tomato,Vegetables,35.5,31.5,26.4,9.0,Agra,2023-10-09,tomato
Tomato,Vegetables,29.6,28.5,22.1,13.8,Agra,2023-10-10,tomato
Tomato,Vegetables,34.1,29.0,23.5,11.6,Agra,2023-10-11,tomato
Tomato,Vegetables,29.9,25.7,21.0,10.1,Agra,2023-10-12,tomato
Tomato,Vegetables,33.7,22.3,20.3,9.5,Agra,2023-10-13,tomato
Tomato,Vegetables,34.4,35.8,29.5,10.4,Agra,2023-10-14,tomato
Tomato,Vegetables,35.7,26.0,22.3,10.2,Agra,2023-10-15,tomato
Tomato,Vegetables,32.2,25.6,21.4,11.1,Agra,2023-10-16,tomato
Tomato,Vegetables,33.4,21.6,19.2,6.9,Agra,2023-10-17,tomato
Tomato,Vegetables,30.1,27.0,23.8,10.2,Agra,2023-10-18,tomato
Tomato,Vegetables,29.6,26.8,23.0,10.4,Agra,2023-10-19,tomato
Tomato,Vegetables,35.4,23.1,20.4,4.9,Agra,2023-10-20,tomato
Tomato,Vegetables,32.4,30.2,26.0,9.5,Agra,2023-10-21,tomato
Tomato,Vegetables,30.5,35.8,28.1,13.8,Agra,2023-10-22,tomato
Tomato,Vegetables,34.1,31.4,23.8,15.3,Agra,2023-10-23,tomato
Tomato,Vegetables,33.5,23.2,20.1,7.4,Agra,2023-10-24,tomato
Tomato,Vegetables,33.1,27.2,25.3,7.3,Agra,2023-10-25,tomato
Tomato,Vegetables,31.7,29.9,23.0,11.0,Agra,2023-10-26,tomato
Tomato,Vegetables,32.4,24.2,19.9,8.9,Agra,2023-10-27,tomato
Tomato,Vegetables,30.7,27.8,23.3,7.5,Agra,2023-10-28,tomato
Tomato,Vegetables,35.1,29.3,22.1,14.5,Agra,2023-10-29,tomato
Tomato,Vegetables,29.8,23.5,21.1,9.3,Agra,2023-10-30,tomato
Tomato,Vegetables,31.2,28.0,21.5,11.0,Agra,2023-10-31,tomato
Tomato,Vegetables,32.4,28.6,22.1,11.2,Agra,2023-11-01,tomato
Tomato,Vegetables,30.1,16.7,14.1,5.8,Agra,2023-11-02,tomato
Tomato,Vegetables,30.5,29.9,23.3,12.3,Agra,2023-11-03,tomato
Tomato,Vegetables,29.5,34.1,25.4,16.1,Agra,2023-11-04,tomato
Tomato,Vegetables,30.6,28.6,27.2,3.8,Agra,2023-11-05,tomato
Tomato,Vegetables,34.6,25.3,19.9,12.3,Agra,2023-11-06,tomato
Tomato,Vegetables,34.4,26.2,23.7,7.2,Agra,2023-11-07,tomato
Tomato,Vegetables,29.9,20.5,15.5,7.1,Agra,2023-11-08,tomato
Tomato,Vegetables,32.8,31.5,24.8,11.5,Agra,2023-11-09,tomato
Tomato,Vegetables,31.0,23.9,22.5,4.6,Agra,2023-11-10,tomato
Tomato,Vegetables,32.6,31.7,25.8,11.6,Agra,2023-11-11,tomato
Tomato,Vegetables,29.8,32.2,26.3,9.8,Agra,2023-11-12,tomato
Tomato,Vegetables,31.1,23.1,20.3,6.5,Agra,2023-11-13,tomato
Tomato,Vegetables,31.9,31.6,23.8,13.5,Agra,2023-11-14,tomato
Tomato,Vegetables,34.9,28.9,22.6,8.5,Agra,2023-11-15,tomato
Tomato,Vegetables,34.6,34.2,26.0,10.3,Agra,2023-11-16,tomato
Tomato,Vegetables,30.1,30.8,25.2,10.1,Agra,2023-11-17,tomato
Tomato,Vegetables,32.1,31.2,28.9,7.5,Agra,2023-11-18,tomato
Tomato,Vegetables,32.4,29.3,24.1,7.5,Agra,2023-11-19,tomato
Tomato,Vegetables,33.8,24.4,21.6,6.7,Agra,2023-11-20,tomato
Tomato,Vegetables,34.2,27.7,20.6,12.0,Agra,2023-11-21,tomato
Tomato,Vegetables,33.7,24.2,22.4,8.9,Agra,2023-11-22,tomato
Tomato,Vegetables,32.4,20.5,17.7,7.9,Agra,2023-11-23,tomato
Tomato,Vegetables,35.3,25.4,19.8,10.0,Agra,2023-11-24,tomato
Tomato,Vegetables,32.0,34.9,27.3,12.4,Agra,2023-11-25,tomato
Tomato,Vegetables,29.9,34.4,28.0,13.6,Agra,2023-11-26,tomato
Tomato,Vegetables,31.4,26.9,21.4,12.2,Agra,2023-11-27,tomato
Tomato,Vegetables,30.6,27.5,22.5,7.2,Agra,2023-11-28,tomato
Tomato,Vegetables,32.1,26.2,21.5,8.0,Agra,2023-11-29,tomato
Tomato,Vegetables,30.1,23.1,19.6,7.2,Agra,2023-11-30,tomato
Tomato,Vegetables,32.6,22.5,21.4,8.3,Agra,2023-12-01,tomato
Tomato,Vegetables,29.8,40.7,32.7,11.8,Agra,2023-12-02,tomato
Tomato,Vegetables,32.6,27.8,23.2,7.4,Agra,2023-12-03,tomato
Tomato,Vegetables,31.8,27.7,21.8,13.8,Agra,2023-12-04,tomato
Tomato,Vegetables,33.1,22.8,20.0,6.0,Agra,2023-12-05,tomato
Tomato,Vegetables,33.9,24.1,20.1,11.9,Agra,2023-12-06,tomato
Tomato,Vegetables,32.0,33.0,26.9,14.1,Agra,2023-12-07,tomato
Tomato,Vegetables,33.8,21.9,16.3,9.4,Agra,2023-12-08,tomato
Tomato,Vegetables,30.2,36.0,27.1,12.8,Agra,2023-12-09,tomato
Tomato,Vegetables,33.2,25.4,21.6,6.7,Agra,2023-12-10,tomato
Tomato,Vegetables,35.1,28.4,23.2,12.5,Agra,2023-12-11,tomato
Tomato,Vegetables,31.1,21.5,18.9,6.8,Agra,2023-12-12,tomato
Tomato,Vegetables,33.0,28.3,23.3,8.2,Agra,2023-12-13,tomato
Tomato,Vegetables,29.7,26.4,23.1,5.6,Agra,2023-12-14,tomato
Tomato,Vegetables,30.1,31.4,26.7,9.6,Agra,2023-12-15,tomato
Tomato,Vegetables,31.9,37.7,30.1,14.8,Agra,2023-12-16,tomato
Tomato,Vegetables,33.4,28.6,26.4,5.1,Agra,2023-12-17,tomato
Tomato,Vegetables,31.9,30.3,24.5,10.6,Agra,2023-12-18,tomato
Tomato,Vegetables,33.6,24.1,18.2,10.9,Agra,2023-12-19,tomato
Tomato,Vegetables,31.7,20.5,19.0,6.0,Agra,2023-12-20,tomato
Tomato,Vegetables,35.3,27.5,21.0,12.6,Agra,2023-12-21,tomato
Tomato,Vegetables,34.0,20.4,18.6,3.8,Agra,2023-12-22,tomato
Tomato,Vegetables,33.6,35.4,30.3,7.6,Agra,2023-12-23,tomato
Tomato,Vegetables,31.2,35.4,30.9,10.4,Agra,2023-12-24,tomato
Tomato,Vegetables,29.7,29.7,22.2,15.3,Agra,2023-12-25,tomato
Tomato,Vegetables,32.8,33.4,24.9,13.8,Agra,2023-12-26,tomato
Tomato,Vegetables,34.3,25.7,23.2,5.4,Agra,2023-12-27,tomato
Tomato,Vegetables,34.0,26.4,21.8,10.0,Agra,2023-12-28,tomato
Tomato,Vegetables,35.1,29.9,23.2,13.5,Agra,2023-12-29,tomato
Tomato,Vegetables,30.1,31.7,29.1,7.4,Agra,2023-12-30,tomato
Tomato,Vegetables,30.1,33.9,29.0,10.7,Agra,2023-12-31,tomato
Tomato,Vegetables,32.9,25.7,24.1,4.8,Bengaluru,2022-01-01,tomato
Tomato,Vegetables,30.5,29.9,23.3,9.6,Bengaluru,2022-01-02,tomato
Tomato,Vegetables,34.5,30.2,25.5,12.1,Bengaluru,2022-01-03,tomato
Tomato,Vegetables,31.2,28.7,22.4,9.3,Bengaluru,2022-01-04,tomato
Tomato,Vegetables,35.1,24.8,21.1,9.4,Bengaluru,2022-01-05,tomato
Tomato,Vegetables,32.3,25.4,20.7,11.9,Bengaluru,2022-01-06,tomato
Tomato,Vegetables,30.3,27.4,24.5,10.3,Bengaluru,2022-01-07,tomato
Tomato,Vegetables,32.9,25.6,23.8,3.9,Bengaluru,2022-01-08,tomato
Tomato,Vegetables,34.3,26.9,24.0,10.6,Bengaluru,2022-01-09,tomato
Tomato,Vegetables,33.6,25.4,23.1,7.0,Bengaluru,2022-01-10,tomato
Tomato,Vegetables,35.3,19.5,17.8,8.1,Bengaluru,2022-01-11,tomato
Tomato,Vegetables,31.2,32.7,26.8,11.5,Bengaluru,2022-01-12,tomato
Tomato,Vegetables,33.0,29.2,23.9,9.7,Bengaluru,2022-01-13,tomato
Tomato,Vegetables,29.8,22.9,19.9,7.1,Bengaluru,2022-01-14,tomato
Tomato,Vegetables,34.5,35.1,27.5,12.8,Bengaluru,2022-01-15,tomato
Tomato,Vegetables,30.5,29.6,26.5,6.1,Bengaluru,2022-01-16,tomato
Tomato,Vegetables,32.3,26.3,24.4,6.9,Bengaluru,2022-01-17,tomato
Tomato,Vegetables,32.5,28.4,24.0,8.2,Bengaluru,2022-01-18,tomato
Tomato,Vegetables,32.5,33.0,28.4,12.3,Bengaluru,2022-01-19,tomato
Tomato,Vegetables,31.6,30.6,23.2,14.2,Bengaluru,2022-01-20,tomato
Tomato,Vegetables,32.4,29.7,24.8,11.0,Bengaluru,2022-01-21,tomato
Tomato,Vegetables,34.6,33.2,25.1,11.4,Bengaluru,2022-01-22,tomato
Tomato,Vegetables,35.7,25.6,23.3,7.8,Bengaluru,2022-01-23,tomato
Tomato,Vegetables,33.6,26.5,21.9,10.8,Bengaluru,2022-01-24,tomato
Tomato,Vegetables,34.5,27.5,22.6,7.6,Bengaluru,2022-01-25,tomato
Tomato,Vegetables,30.9,23.0,19.6,10.6,Bengaluru,2022-01-26,tomato
Tomato,Vegetables,30.8,32.1,23.9,12.9,Bengaluru,2022-01-27,tomato
Tomato,Vegetables,31.7,22.4,19.9,4.8,Bengaluru,2022-01-28,tomato
Tomato,Vegetables,30.6,35.5,26.4,15.8,Bengaluru,2022-01-29,tomato
Tomato,Vegetables,33.3,27.3,22.8,10.2,Bengaluru,2022-01-30,tomato
Tomato,Vegetables,31.8,27.8,23.0,12.5,Bengaluru,2022-01-31,tomato
Tomato,Vegetables,33.6,23.6,18.4,7.8,Bengaluru,2022-02-01,tomato
Tomato,Vegetables,34.3,28.5,24.4,8.7,Bengaluru,2022-02-02,tomato
Tomato,Vegetables,33.7,23.1,20.5,10.6,Bengaluru,2022-02-03,tomato
Tomato,Vegetables,31.5,27.7,21.2,10.4,Bengaluru,2022-02-04,tomato
Tomato,Vegetables,33.4,30.9,23.2,11.3,Bengaluru,2022-02-05,tomato
Tomato,Vegetables,30.3,28.2,26.1,6.8,Bengaluru,2022-02-06,tomato
Tomato,Vegetables,35.0,24.3,18.9,10.9,Bengaluru,2022-02-07,tomato
Tomato,Vegetables,34.9,23.6,21.8,6.7,Bengaluru,2022-02-08,tomato
Tomato,Vegetables,32.4,22.3,19.7,9.6,Bengaluru,2022-02-09,tomato
Tomato,Vegetables,30.9,23.2,19.7,5.7,Bengaluru,2022-02-10,tomato
Tomato,Vegetables,33.9,30.3,28.8,8.4,Bengaluru,2022-02-11,tomato
Tomato,Vegetables,31.1,31.2,25.6,9.5,Bengaluru,2022-02-12,tomato
Tomato,Vegetables,30.2,24.7,23.4,7.5,Bengaluru,2022-02-13,tomato
Tomato,Vegetables,35.1,21.9,20.7,8.5,Bengaluru,2022-02-14,tomato
Tomato,Vegetables,32.3,28.0,21.1,11.7,Bengaluru,2022-02-15,tomato
Tomato,Vegetables,35.0,26.0,20.9,11.1,Bengaluru,2022-02-16,tomato
Tomato,Vegetables,29.6,28.0,23.7,11.4,Bengaluru,2022-02-17,tomato
Tomato,Vegetables,35.5,22.0,18.0,8.5,Bengaluru,2022-02-18,tomato
Tomato,Vegetables,31.1,36.4,28.4,13.8,Bengaluru,2022-02-19,tomato
Tomato,Vegetables,34.5,29.8,26.6,8.8,Bengaluru,2022-02-20,tomato
Tomato,Vegetables,29.8,26.5,21.9,7.2,Bengaluru,2022-02-21,tomato
Tomato,Vegetables,31.6,25.0,20.4,7.9,Bengaluru,2022-02-22,tomato
Tomato,Vegetables,33.8,28.7,24.9,7.1,Bengaluru,2022-02-23,tomato
Tomato,Vegetables,33.2,24.9,22.5,7.7,Bengaluru,2022-02-24,tomato
Tomato,Vegetables,32.0,24.6,20.2,7.9,Bengaluru,2022-02-25,tomato
Tomato,Vegetables,31.4,29.2,27.3,6.2,Bengaluru,2022-02-26,tomato
Tomato,Vegetables,32.3,26.9,24.3,6.9,Bengaluru,2022-02-27,tomato
Tomato,Vegetables,32.1,25.0,23.6,4.6,Bengaluru,2022-02-28,tomato
Tomato,Vegetables,33.4,22.8,18.4,8.0,Bengaluru,2022-03-01,tomato
Tomato,Vegetables,33.8,31.0,27.0,11.9,Bengaluru,2022-03-02,tomato
Tomato,Vegetables,34.2,17.3,15.4,5.3,Bengaluru,2022-03-03,tomato
Tomato,Vegetables,34.4,20.6,19.4,5.7,Bengaluru,2022-03-04,tomato
Tomato,Vegetables,32.1,31.9,25.3,12.0,Bengaluru,2022-03-05,tomato
Tomato,Vegetables,34.4,37.2,28.3,11.3,Bengaluru,2022-03-06,tomato
Tomato,Vegetables,34.0,22.3,17.6,11.5,Bengaluru,2022-03-07,tomato
Tomato,Vegetables,31.2,20.9,18.3,10.4,Bengaluru,2022-03-08,tomato
Tomato,Vegetables,32.3,27.0,20.7,13.1,Bengaluru,2022-03-09,tomato
Tomato,Vegetables,32.3,18.0,16.8,6.0,Bengaluru,2022-03-10,tomato
Tomato,Vegetables,31.7,27.3,21.6,7.8,Bengaluru,2022-03-11,tomato
Tomato,Vegetables,34.8,24.7,22.4,9.9,Bengaluru,2022-03-12,tomato
Tomato,Vegetables,32.0,23.8,18.3,8.9,Bengaluru,2022-03-13,tomato
Tomato,Vegetables,30.1,30.5,25.8,8.4,Bengaluru,2022-03-14,tomato
Tomato,Vegetables,32.2,28.7,26.2,6.1,Bengaluru,2022-03-15,tomato
Tomato,Vegetables,32.6,24.0,22.8,5.1,Bengaluru,2022-03-16,tomato
Tomato,Vegetables,32.7,27.4,20.6,12.2,Bengaluru,2022-03-17,tomato
Tomato,Vegetables,31.3,20.5,18.6,4.8,Bengaluru,2022-03-18,tomato
Tomato,Vegetables,32.5,24.9,22.0,5.5,Bengaluru,2022-03-19,tomato
Tomato,Vegetables,30.8,23.5,21.0,8.2,Bengaluru,2022-03-20,tomato
Tomato,Vegetables,33.9,24.6,21.9,7.5,Bengaluru,2022-03-21,tomato
Tomato,Vegetables,34.3,23.4,20.2,9.5,Bengaluru,2022-03-22,tomato
Tomato,Vegetables,30.6,25.4,22.9,8.3,Bengaluru,2022-03-23,tomato
Tomato,Vegetables,31.3,29.2,22.9,11.3,Bengaluru,2022-03-24,tomato
Tomato,Vegetables,35.2,17.4,16.1,7.8,Bengaluru,2022-03-25,tomato
Tomato,Vegetables,32.9,28.6,23.9,11.6,Bengaluru,2022-03-26,tomato
Tomato,Vegetables,34.8,32.6,28.0,11.5,Bengaluru,2022-03-27,tomato
Tomato,Vegetables,33.8,23.9,22.6,5.6,Bengaluru,2022-03-28,tomato
Tomato,Vegetables,31.4,29.3,22.0,9.9,Bengaluru,2022-03-29,tomato
Tomato,Vegetables,33.5,21.2,19.4,4.1,Bengaluru,2022-03-30,tomato
Tomato,Vegetables,30.5,31.0,24.0,14.7,Bengaluru,2022-03-31,tomato
Tomato,Vegetables,35.2,32.1,24.7,14.3,Bengaluru,2022-04-01,tomato
Tomato,Vegetables,29.8,26.9,24.1,10.4,Bengaluru,2022-04-02,tomato
Tomato,Vegetables,34.2,29.7,25.4,10.2,Bengaluru,2022-04-03,tomato
Tomato,Vegetables,32.5,29.3,25.2,8.2,Bengaluru,2022-04-04,tomato
Tomato,Vegetables,30.5,33.5,27.3,8.9,Bengaluru,2022-04-05,tomato
Tomato,Vegetables,35.3,35.6,28.0,10.4,Bengaluru,2022-04-06,tomato
Tomato,Vegetables,29.9,21.7,18.9,9.8,Bengaluru,2022-04-07,tomato
Tomato,Vegetables,31.6,31.5,25.4,11.3,Bengaluru,2022-04-08,tomato
Tomato,Vegetables,31.1,31.7,27.6,10.8,Bengaluru,2022-04-09,tomato
Tomato,Vegetables,35.0,26.4,24.6,7.8,Bengaluru,2022-04-10,tomato
Tomato,Vegetables,34.2,28.8,26.2,6.5,Bengaluru,2022-04-11,tomato
Tomato,Vegetables,34.0,20.8,16.9,6.7,Bengaluru,2022-04-12,tomato
Tomato,Vegetables,35.8,24.5,20.1,11.1,Bengaluru,2022-04-13,tomato
Tomato,Vegetables,31.6,28.8,23.7,9.8,Bengaluru,2022-04-14,tomato
Tomato,Vegetables,34.3,36.9,28.3,14.8,Bengaluru,2022-04-15,tomato
Tomato,Vegetables,32.8,27.5,23.1,7.2,Bengaluru,2022-04-16,tomato
Tomato,Vegetables,29.8,37.8,29.1,15.7,Bengaluru,2022-04-17,tomato
Tomato,Vegetables,34.7,23.5,17.5,8.3,Bengaluru,2022-04-18,tomato
Tomato,Vegetables,32.0,28.6,21.8,8.9,Bengaluru,2022-04-19,tomato
Tomato,Vegetables,32.7,32.0,24.1,11.5,Bengaluru,2022-04-20,tomato
Tomato,Vegetables,35.4,20.9,18.7,6.0,Bengaluru,2022-04-21,tomato
Tomato,Vegetables,32.5,25.3,21.7,11.1,Bengaluru,2022-04-22,tomato
Tomato,Vegetables,35.1,30.4,27.4,8.6,Bengaluru,2022-04-23,tomato
Tomato,Vegetables,30.4,36.0,30.4,10.4,Bengaluru,2022-04-24,tomato
Tomato,Vegetables,33.9,21.5,20.2,3.6,Bengaluru,2022-04-25,tomato
Tomato,Vegetables,35.0,28.2,23.6,8.1,Bengaluru,2022-04-26,tomato
Tomato,Vegetables,29.6,23.0,19.6,8.5,Bengaluru,2022-04-27,tomato
Tomato,Vegetables,30.9,25.0,22.5,4.6,Bengaluru,2022-04-28,tomato
Tomato,Vegetables,33.2,27.6,22.4,10.5,Bengaluru,2022-04-29,tomato
Tomato,Vegetables,32.7,27.9,25.0,10.7,Bengaluru,2022-04-30,tomato
Tomato,Vegetables,35.6,30.5,28.1,9.1,Bengaluru,2022-05-01,tomato
Tomato,Vegetables,31.3,23.1,20.3,7.8,Bengaluru,2022-05-02,tomato
Tomato,Vegetables,32.0,25.2,22.6,7.3,Bengaluru,2022-05-03,tomato
Tomato,Vegetables,30.9,25.9,19.8,10.1,Bengaluru,2022-05-04,tomato
Tomato,Vegetables,35.1,22.9,18.7,9.5,Bengaluru,2022-05-05,tomato
Tomato,Vegetables,33.4,23.0,20.2,6.7,Bengaluru,2022-05-06,tomato
Tomato,Vegetables,31.0,34.5,27.0,10.7,Bengaluru,2022-05-07,tomato
Tomato,Vegetables,33.7,34.4,26.9,11.6,Bengaluru,2022-05-08,tomato
Tomato,Vegetables,30.4,30.3,24.8,8.6,Bengaluru,2022-05-09,tomato
Tomato,Vegetables,31.1,32.7,26.4,12.0,Bengaluru,2022-05-10,tomato
Tomato,Vegetables,33.0,26.6,23.5,6.0,Bengaluru,2022-05-11,tomato
Tomato,Vegetables,30.7,27.1,23.9,10.9,Bengaluru,2022-05-12,tomato
Tomato,Vegetables,30.3,25.2,21.8,6.2,Bengaluru,2022-05-13,tomato
Tomato,Vegetables,30.1,29.8,27.6,6.3,Bengaluru,2022-05-14,tomato
Tomato,Vegetables,32.8,31.3,28.6,5.6,Bengaluru,2022-05-15,tomato
Tomato,Vegetables,34.9,26.6,21.8,12.4,Bengaluru,2022-05-16,tomato
Tomato,Vegetables,30.4,28.5,25.0,5.5,Bengaluru,2022-05-17,tomato
Tomato,Vegetables,32.5,31.7,23.5,15.6,Bengaluru,2022-05-18,tomato
Tomato,Vegetables,29.9,27.3,21.0,13.2,Bengaluru,2022-05-19,tomato
Tomato,Vegetables,30.6,24.0,19.8,9.2,Bengaluru,2022-05-20,tomato
Tomato,Vegetables,32.1,24.4,20.2,10.3,Bengaluru,2022-05-21,tomato
Tomato,Vegetables,29.8,37.1,27.7,12.4,Bengaluru,2022-05-22,tomato
Tomato,Vegetables,31.7,25.0,20.6,11.6,Bengaluru,2022-05-23,tomato
Tomato,Vegetables,35.2,24.2,21.1,8.5,Bengaluru,2022-05-24,tomato
Tomato,Vegetables,34.4,25.4,21.9,7.8,Bengaluru,2022-05-25,tomato
Tomato,Vegetables,30.0,21.2,18.1,6.1,Bengaluru,2022-05-26,tomato
Tomato,Vegetables,31.4,26.8,20.2,12.4,Bengaluru,2022-05-27,tomato
Tomato,Vegetables,35.7,23.7,19.3,11.2,Bengaluru,2022-05-28,tomato
Tomato,Vegetables,34.8,32.6,27.7,10.3,Bengaluru,2022-05-29,tomato
Tomato,Vegetables,30.7,31.6,25.6,11.1,Bengaluru,2022-05-30,tomato
Tomato,Vegetables,34.6,29.2,22.0,14.2,Bengaluru,2022-05-31,tomato
Tomato,Vegetables,29.7,25.9,23.0,5.8,Bengaluru,2022-06-01,tomato
Tomato,Vegetables,35.4,29.2,21.7,10.7,Bengaluru,2022-06-02,tomato
Tomato,Vegetables,33.5,31.9,25.9,10.0,Bengaluru,2022-06-03,tomato
Tomato,Vegetables,32.5,33.0,28.1,7.0,Bengaluru,2022-06-04,tomato
Tomato,Vegetables,35.5,25.9,21.6,10.5,Bengaluru,2022-06-05,tomato
Tomato,Vegetables,30.7,26.4,21.9,7.9,Bengaluru,2022-06-06,tomato
Tomato,Vegetables,35.3,31.0,27.8,6.1,Bengaluru,2022-06-07,tomato
Tomato,Vegetables,35.4,29.1,22.7,10.7,Bengaluru,2022-06-08,tomato
Tomato,Vegetables,31.1,27.1,21.2,11.5,Bengaluru,2022-06-09,tomato
Tomato,Vegetables,31.1,30.6,23.1,12.1,Bengaluru,2022-06-10,tomato
Tomato,Vegetables,30.3,37.7,28.4,14.9,Bengaluru,2022-06-11,tomato
Tomato,Vegetables,33.3,25.9,23.0,8.6,Bengaluru,2022-06-12,tomato
Tomato,Vegetables,34.0,37.0,27.9,11.5,Bengaluru,2022-06-13,tomato
Tomato,Vegetables,31.1,26.8,24.1,5.8,Bengaluru,2022-06-14,tomato
Tomato,Vegetables,31.8,25.5,23.9,8.0,Bengaluru,2022-06-15,tomato
Tomato,Vegetables,33.7,26.1,21.0,12.8,Bengaluru,2022-06-16,tomato
Tomato,Vegetables,35.6,25.6,23.9,3.7,Bengaluru,2022-06-17,tomato
Tomato,Vegetables,35.6,40.4,30.5,14.5,Bengaluru,2022-06-18,tomato
Tomato,Vegetables,32.3,29.6,26.9,10.1,Bengaluru,2022-06-19,tomato
Tomato,Vegetables,33.6,25.5,22.2,6.2,Bengaluru,2022-06-20,tomato
Tomato,Vegetables,30.6,23.0,18.9,9.5,Bengaluru,2022-06-21,tomato
Tomato,Vegetables,34.5,26.6,22.1,7.7,Bengaluru,2022-06-22,tomato
Tomato,Vegetables,32.1,28.5,21.5,11.9,Bengaluru,2022-06-23,tomato
Tomato,Vegetables,35.0,30.1,23.0,13.1,Bengaluru,2022-06-24,tomato
Tomato,Vegetables,33.7,27.9,25.1,8.4,Bengaluru,2022-06-25,tomato
Tomato,Vegetables,33.0,34.4,25.9,10.5,Bengaluru,2022-06-26,tomato
Tomato,Vegetables,32.1,18.9,16.4,10.3,Bengaluru,2022-06-27,tomato
Tomato,Vegetables,35.7,32.1,24.3,9.8,Bengaluru,2022-06-28,tomato
Tomato,Vegetables,33.0,29.1,27.5,9.4,Bengaluru,2022-06-29,tomato
Tomato,Vegetables,31.5,20.2,15.3,12.9,Bengaluru,2022-06-30,tomato
Tomato,Vegetables,29.9,31.0,24.4,10.8,Bengaluru,2022-07-01,tomato
Tomato,Vegetables,30.3,28.9,22.2,13.9,Bengaluru,2022-07-02,tomato
Tomato,Vegetables,31.6,26.7,23.4,9.2,Bengaluru,2022-07-03,tomato
Tomato,Vegetables,30.8,22.0,19.3,6.5,Bengaluru,2022-07-04,tomato
Tomato,Vegetables,33.9,24.3,21.4,10.3,Bengaluru,2022-07-05,tomato
Tomato,Vegetables,35.7,23.5,20.6,7.0,Bengaluru,2022-07-06,tomato
Tomato,Vegetables,31.1,23.6,20.3,6.1,Bengaluru,2022-07-07,tomato
Tomato,Vegetables,31.2,22.4,20.1,5.0,Bengaluru,2022-07-08,tomato
Tomato,Vegetables,31.7,37.2,29.9,10.8,Bengaluru,2022-07-09,tomato
Tomato,Vegetables,32.1,31.6,26.1,10.0,Bengaluru,2022-07-10,tomato
Tomato,Vegetables,33.0,31.3,23.3,11.5,Bengaluru,2022-07-11,tomato
Tomato,Vegetables,35.5,21.3,18.0,9.7,Bengaluru,2022-07-12,tomato
Tomato,Vegetables,32.9,25.1,23.8,5.1,Bengaluru,2022-07-13,tomato
Tomato,Vegetables,29.9,31.8,25.4,11.5,Bengaluru,2022-07-14,tomato
Tomato,Vegetables,31.8,27.5,21.9,11.1,Bengaluru,2022-07-15,tomato
Tomato,Vegetables,33.4,32.3,30.1,8.6,Bengaluru,2022-07-16,tomato
Tomato,Vegetables,34.1,28.2,23.4,8.4,Bengaluru,2022-07-17,tomato
Tomato,Vegetables,32.8,24.5,20.8,9.7,Bengaluru,2022-07-18,tomato
Tomato,Vegetables,30.6,22.6,20.6,7.6,Bengaluru,2022-07-19,tomato
Tomato,Vegetables,33.8,28.7,23.0,13.5,Bengaluru,2022-07-20,tomato
Tomato,Vegetables,32.2,27.8,22.6,10.8,Bengaluru,2022-07-21,tomato
Tomato,Vegetables,29.5,18.4,15.2,10.0,Bengaluru,2022-07-22,tomato
Tomato,Vegetables,34.7,35.6,26.5,14.4,Bengaluru,2022-07-23,tomato
Tomato,Vegetables,31.7,26.0,22.7,7.7,Bengaluru,2022-07-24,tomato
Tomato,Vegetables,29.9,23.7,19.1,10.0,Bengaluru,2022-07-25,tomato
Tomato,Vegetables,32.4,26.0,20.5,13.5,Bengaluru,2022-07-26,tomato
Tomato,Vegetables,33.3,27.6,21.8,10.4,Bengaluru,2022-07-27,tomato
Tomato,Vegetables,33.7,30.7,24.3,12.9,Bengaluru,2022-07-28,tomato
Tomato,Vegetables,33.0,27.5,23.0,9.3,Bengaluru,2022-07-29,tomato
Tomato,Vegetables,31.9,37.3,28.1,14.7,Bengaluru,2022-07-30,tomato
Tomato,Vegetables,30.0,36.3,27.6,15.2,Bengaluru,2022-07-31,tomato
Tomato,Vegetables,31.0,28.8,21.9,10.4,Bengaluru,2022-08-01,tomato
Tomato,Vegetables,34.6,31.5,24.9,8.7,Bengaluru,2022-08-02,tomato
Tomato,Vegetables,33.0,23.8,19.7,7.9,Bengaluru,2022-08-03,tomato
Tomato,Vegetables,33.9,27.6,22.8,10.5,Bengaluru,2022-08-04,tomato
Tomato,Vegetables,29.9,25.4,23.0,7.4,Bengaluru,2022-08-05,tomato
Tomato,Vegetables,33.9,28.4,22.0,9.3,Bengaluru,2022-08-06,tomato
Tomato,Vegetables,34.2,32.4,29.6,7.9,Bengaluru,2022-08-07,tomato
Tomato,Vegetables,34.8,20.0,18.5,8.5,Bengaluru,2022-08-08,tomato
Tomato,Vegetables,32.3,26.0,23.2,5.6,Bengaluru,2022-08-09,tomato
Tomato,Vegetables,33.5,20.8,19.2,6.4,Bengaluru,2022-08-10,tomato
Tomato,Vegetables,33.5,34.3,26.6,14.9,Bengaluru,2022-08-11,tomato
Tomato,Vegetables,33.0,24.6,21.7,8.0,Bengaluru,2022-08-12,tomato
Tomato,Vegetables,31.9,28.0,26.5,7.1,Bengaluru,2022-08-13,tomato
Tomato,Vegetables,34.7,27.7,20.5,14.7,Bengaluru,2022-08-14,tomato
Tomato,Vegetables,30.0,27.0,22.2,7.1,Bengaluru,2022-08-15,tomato
Tomato,Vegetables,35.4,22.2,20.8,5.7,Bengaluru,2022-08-16,tomato
Tomato,Vegetables,35.2,25.1,21.0,9.9,Bengaluru,2022-08-17,tomato
Tomato,Vegetables,32.0,27.2,23.7,9.9,Bengaluru,2022-08-18,tomato
Tomato,Vegetables,33.3,20.6,19.2,6.5,Bengaluru,2022-08-19,tomato
Tomato,Vegetables,33.4,31.7,25.4,13.7,Bengaluru,2022-08-20,tomato
Tomato,Vegetables,34.7,32.8,26.2,13.6,Bengaluru,2022-08-21,tomato
Tomato,Vegetables,34.8,23.3,20.2,6.7,Bengaluru,2022-08-22,tomato
Tomato,Vegetables,33.0,20.5,19.1,9.3,Bengaluru,2022-08-23,tomato
Tomato,Vegetables,31.4,23.9,18.6,13.3,Bengaluru,2022-08-24,tomato
Tomato,Vegetables,35.6,25.9,22.7,10.4,Bengaluru,2022-08-25,tomato
Tomato,Vegetables,31.6,30.2,27.9,6.1,Bengaluru,2022-08-26,tomato
Tomato,Vegetables,31.5,27.0,23.6,5.9,Bengaluru,2022-08-27,tomato
Tomato,Vegetables,34.9,33.8,26.7,11.7,Bengaluru,2022-08-28,tomato
Tomato,Vegetables,32.2,27.6,20.9,9.5,Bengaluru,2022-08-29,tomato
Tomato,Vegetables,34.3,19.7,18.5,5.1,Bengaluru,2022-08-30,tomato
Tomato,Vegetables,34.9,27.9,25.8,8.2,Bengaluru,2022-08-31,tomato
Tomato,Vegetables,34.7,26.0,20.1,10.5,Bengaluru,2022-09-01,tomato
Tomato,Vegetables,35.2,27.2,24.4,6.1,Bengaluru,2022-09-02,tomato
Tomato,Vegetables,34.3,32.6,26.2,12.5,Bengaluru,2022-09-03,tomato
Tomato,Vegetables,31.0,23.1,21.6,4.7,Bengaluru,2022-09-04,tomato
Tomato,Vegetables,35.8,21.8,19.5,5.3,Bengaluru,2022-09-05,tomato
Tomato,Vegetables,33.9,31.5,25.3,9.5,Bengaluru,2022-09-06,tomato
Tomato,Vegetables,32.6,25.8,23.4,5.9,Bengaluru,2022-09-07,tomato
Tomato,Vegetables,35.8,24.6,23.2,5.7,Bengaluru,2022-09-08,tomato
Tomato,Vegetables,33.0,25.8,23.6,9.3,Bengaluru,2022-09-09,tomato
Tomato,Vegetables,30.3,38.0,29.1,12.8,Bengaluru,2022-09-10,tomato
Tomato,Vegetables,31.3,42.6,32.7,13.2,Bengaluru,2022-09-11,tomato
Tomato,Vegetables,34.2,28.8,22.1,13.4,Bengaluru,2022-09-12,tomato
Tomato,Vegetables,32.6,22.6,21.3,4.1,Bengaluru,2022-09-13,tomato
Tomato,Vegetables,32.4,26.6,20.9,8.0,Bengaluru,2022-09-14,tomato
Tomato,Vegetables,35.7,22.2,19.6,6.5,Bengaluru,2022-09-15,tomato
Tomato,Vegetables,31.0,23.3,21.6,4.3,Bengaluru,2022-09-16,tomato
Tomato,Vegetables,33.7,29.4,25.6,8.4,Bengaluru,2022-09-17,tomato
Tomato,Vegetables,35.5,23.3,21.3,6.5,Bengaluru,2022-09-18,tomato
Tomato,Vegetables,33.7,23.6,21.0,9.9,Bengaluru,2022-09-19,tomato
Tomato,Vegetables,31.8,27.9,22.0,13.0,Bengaluru,2022-09-20,tomato
Tomato,Vegetables,32.8,30.9,23.7,11.5,Bengaluru,2022-09-21,tomato
Tomato,Vegetables,31.8,25.7,20.3,7.9,Bengaluru,2022-09-22,tomato
Tomato,Vegetables,33.5,31.3,23.5,12.5,Bengaluru,2022-09-23,tomato
Tomato,Vegetables,32.1,36.4,31.4,7.0,Bengaluru,2022-09-24,tomato
Tomato,Vegetables,32.7,31.4,26.7,9.9,Bengaluru,2022-09-25,tomato
Tomato,Vegetables,34.0,24.3,21.6,7.5,Bengaluru,2022-09-26,tomato
Tomato,Vegetables,31.6,20.1,17.3,8.3,Bengaluru,2022-09-27,tomato
Tomato,Vegetables,33.9,27.3,25.1,7.6,Bengaluru,2022-09-28,tomato
Tomato,Vegetables,33.8,19.9,18.1,9.3,Bengaluru,2022-09-29,tomato
Tomato,Vegetables,34.3,23.8,18.2,8.0,Bengaluru,2022-09-30,tomato
Tomato,Vegetables,30.2,34.0,27.0,10.5,Bengaluru,2022-10-01,tomato
Tomato,Vegetables,32.4,20.5,19.1,7.8,Bengaluru,2022-10-02,tomato
Tomato,Vegetables,31.0,35.2,27.7,14.7,Bengaluru,2022-10-03,tomato
Tomato,Vegetables,32.9,23.4,18.9,8.2,Bengaluru,2022-10-04,tomato
Tomato,Vegetables,34.9,24.4,20.0,8.7,Bengaluru,2022-10-05,tomato
Tomato,Vegetables,35.2,28.2,22.2,11.7,Bengaluru,2022-10-06,tomato
Tomato,Vegetables,31.8,27.3,23.2,10.0,Bengaluru,2022-10-07,tomato
Tomato,Vegetables,30.5,30.1,27.8,6.5,Bengaluru,2022-10-08,tomato
Tomato,Vegetables,29.8,29.4,24.9,10.1,Bengaluru,2022-10-09,tomato
Tomato,Vegetables,33.5,28.4,23.5,12.1,Bengaluru,2022-10-10,tomato
Tomato,Vegetables,35.8,23.6,21.1,6.1,Bengaluru,2022-10-11,tomato
Tomato,Vegetables,32.8,28.2,22.5,8.1,Bengaluru,2022-10-12,tomato
Tomato,Vegetables,33.8,20.0,18.2,5.6,Bengaluru,2022-10-13,tomato
Tomato,Vegetables,34.2,26.6,21.7,7.9,Bengaluru,2022-10-14,tomato
Tomato,Vegetables,31.2,27.5,22.3,10.0,Bengaluru,2022-10-15,tomato
Tomato,Vegetables,33.7,33.4,26.1,12.0,Bengaluru,2022-10-16,tomato
Tomato,Vegetables,32.0,25.3,20.6,10.0,Bengaluru,2022-10-17,tomato
Tomato,Vegetables,32.6,26.0,20.7,11.7,Bengaluru,2022-10-18,tomato
Tomato,Vegetables,35.2,29.7,22.3,12.4,Bengaluru,2022-10-19,tomato
Tomato,Vegetables,32.2,28.1,26.6,4.5,Bengaluru,2022-10-20,tomato
Tomato,Vegetables,35.2,23.6,21.3,5.7,Bengaluru,2022-10-21,tomato
Tomato,Vegetables,35.5,28.9,21.8,11.4,Bengaluru,2022-10-22,tomato
Tomato,Vegetables,32.6,27.5,22.6,12.1,Bengaluru,2022-10-23,tomato
Tomato,Vegetables,29.9,28.4,24.1,8.0,Bengaluru,2022-10-24,tomato
Tomato,Vegetables,32.1,24.0,17.9,8.2,Bengaluru,2022-10-25,tomato
Tomato,Vegetables,30.4,23.8,22.6,5.9,Bengaluru,2022-10-26,tomato
Tomato,Vegetables,34.9,22.1,20.5,5.8,Bengaluru,2022-10-27,tomato
Tomato,Vegetables,31.9,26.9,25.6,8.0,Bengaluru,2022-10-28,tomato
Tomato,Vegetables,34.8,26.7,22.6,11.4,Bengaluru,2022-10-29,tomato
Tomato,Vegetables,31.9,24.6,23.2,3.9,Bengaluru,2022-10-30,tomato
Tomato,Vegetables,32.3,35.0,26.0,12.1,Bengaluru,2022-10-31,tomato
Tomato,Vegetables,35.2,24.7,20.8,8.9,Bengaluru,2022-11-01,tomato
Tomato,Vegetables,34.4,25.3,23.3,6.0,Bengaluru,2022-11-02,tomato
Tomato,Vegetables,30.5,27.1,21.4,13.0,Bengaluru,2022-11-03,tomato
Tomato,Vegetables,31.6,29.4,26.3,9.0,Bengaluru,2022-11-04,tomato
Tomato,Vegetables,35.8,33.9,27.4,10.7,Bengaluru,2022-11-05,tomato
Tomato,Vegetables,33.6,29.9,27.5,7.3,Bengaluru,2022-11-06,tomato
Tomato,Vegetables,33.1,28.5,22.1,11.6,Bengaluru,2022-11-07,tomato
Tomato,Vegetables,30.1,23.5,21.0,6.4,Bengaluru,2022-11-08,tomato
Tomato,Vegetables,33.7,23.6,21.8,6.2,Bengaluru,2022-11-09,tomato
Tomato,Vegetables,32.2,23.7,20.0,10.0,Bengaluru,2022-11-10,tomato
Tomato,Vegetables,30.0,33.1,24.8,14.0,Bengaluru,2022-11-11,tomato
Tomato,Vegetables,35.1,28.2,21.0,14.5,Bengaluru,2022-11-12,tomato
Tomato,Vegetables,35.7,31.0,25.9,9.2,Bengaluru,2022-11-13,tomato
Tomato,Vegetables,35.8,23.4,21.7,9.4,Bengaluru,2022-11-14,tomato
Tomato,Vegetables,32.2,27.2,25.6,9.4,Bengaluru,2022-11-15,tomato
Tomato,Vegetables,33.7,22.2,20.9,3.3,Bengaluru,2022-11-16,tomato
Tomato,Vegetables,33.2,25.1,21.7,11.0,Bengaluru,2022-11-17,tomato
Tomato,Vegetables,35.7,28.5,22.2,12.6,Bengaluru,2022-11-18,tomato
Tomato,Vegetables,29.5,33.0,28.4,8.6,Bengaluru,2022-11-19,tomato
Tomato,Vegetables,32.9,29.6,25.0,11.8,Bengaluru,2022-11-20,tomato
Tomato,Vegetables,30.0,34.3,26.1,12.7,Bengaluru,2022-11-21,tomato
Tomato,Vegetables,31.3,30.9,25.0,12.2,Bengaluru,2022-11-22,tomato
Tomato,Vegetables,30.5,23.7,21.1,9.1,Bengaluru,2022-11-23,tomato
Tomato,Vegetables,32.8,24.2,19.9,6.4,Bengaluru,2022-11-24,tomato
Tomato,Vegetables,35.8,21.9,20.5,7.6,Bengaluru,2022-11-25,tomato
Tomato,Vegetables,32.9,37.0,29.5,13.6,Bengaluru,2022-11-26,tomato
Tomato,Vegetables,30.4,34.4,31.8,9.3,Bengaluru,2022-11-27,tomato
Tomato,Vegetables,33.6,29.1,21.6,10.3,Bengaluru,2022-11-28,tomato
Tomato,Vegetables,33.5,26.1,19.5,9.0,Bengaluru,2022-11-29,tomato
Tomato,Vegetables,35.7,23.0,20.2,10.0,Bengaluru,2022-11-30,tomato
Tomato,Vegetables,33.0,27.8,21.3,9.9,Bengaluru,2022-12-01,tomato
Tomato,Vegetables,32.4,31.4,24.1,10.0,Bengaluru,2022-12-02,tomato
Tomato,Vegetables,34.1,33.2,27.1,9.8,Bengaluru,2022-12-03,tomato
Tomato,Vegetables,30.1,18.7,17.7,5.6,Bengaluru,2022-12-04,tomato
Tomato,Vegetables,31.2,31.2,26.0,10.9,Bengaluru,2022-12-05,tomato
Tomato,Vegetables,33.0,25.2,24.0,8.3,Bengaluru,2022-12-06,tomato
Tomato,Vegetables,29.8,25.1,20.1,9.0,Bengaluru,2022-12-07,tomato
Tomato,Vegetables,29.9,23.4,22.0,4.8,Bengaluru,2022-12-08,tomato
Tomato,Vegetables,33.7,21.6,19.8,7.4,Bengaluru,2022-12-09,tomato
Tomato,Vegetables,35.6,31.6,26.0,11.9,Bengaluru,2022-12-10,tomato
Tomato,Vegetables,33.1,34.0,26.4,15.3,Bengaluru,2022-12-11,tomato
Tomato,Vegetables,33.9,21.1,18.3,7.8,Bengaluru,2022-12-12,tomato
Tomato,Vegetables,34.3,28.8,22.4,8.4,Bengaluru,2022-12-13,tomato
Tomato,Vegetables,30.9,26.7,22.6,10.3,Bengaluru,2022-12-14,tomato
Tomato,Vegetables,33.0,28.9,22.2,9.9,Bengaluru,2022-12-15,tomato
Tomato,Vegetables,29.9,28.1,21.8,12.1,Bengaluru,2022-12-16,tomato
Tomato,Vegetables,34.6,26.1,19.5,13.3,Bengaluru,2022-12-17,tomato
Tomato,Vegetables,32.1,41.4,31.3,18.1,Bengaluru,2022-12-18,tomato
Tomato,Vegetables,31.4,24.1,20.8,8.7,Bengaluru,2022-12-19,tomato
Tomato,Vegetables,34.0,26.8,20.3,9.5,Bengaluru,2022-12-20,tomato
Tomato,Vegetables,33.1,21.8,17.3,9.6,Bengaluru,2022-12-21,tomato
Tomato,Vegetables,33.0,36.5,27.6,16.1,Bengaluru,2022-12-22,tomato
Tomato,Vegetables,33.1,26.4,24.8,9.0,Bengaluru,2022-12-23,tomato
Tomato,Vegetables,33.9,33.7,26.8,9.6,Bengaluru,2022-12-24,tomato
Tomato,Vegetables,34.0,34.9,26.8,11.2,Bengaluru,2022-12-25,tomato
Tomato,Vegetables,34.7,23.2,19.4,11.5,Bengaluru,2022-12-26,tomato
Tomato,Vegetables,30.3,24.9,20.7,11.2,Bengaluru,2022-12-27,tomato
Tomato,Vegetables,29.9,20.4,16.8,8.2,Bengaluru,2022-12-28,tomato
Tomato,Vegetables,31.6,26.7,23.6,7.8,Bengaluru,2022-12-29,tomato
Tomato,Vegetables,32.6,27.0,21.3,10.8,Bengaluru,2022-12-30,tomato
Tomato,Vegetables,33.4,36.0,30.3,9.0,Bengaluru,2022-12-31,tomato
Tomato,Vegetables,34.7,29.4,23.0,12.2,Bengaluru,2023-01-01,tomato
Tomato,Vegetables,32.8,24.6,22.8,6.1,Bengaluru,2023-01-02,tomato
Tomato,Vegetables,34.9,25.2,20.5,9.3,Bengaluru,2023-01-03,tomato
Tomato,Vegetables,34.5,24.1,21.2,8.9,Bengaluru,2023-01-04,tomato
Tomato,Vegetables,32.6,24.2,20.2,8.1,Bengaluru,2023-01-05,tomato
Tomato,Vegetables,30.8,26.3,21.0,9.3,Bengaluru,2023-01-06,tomato
Tomato,Vegetables,31.5,26.0,22.1,11.8,Bengaluru,2023-01-07,tomato
Tomato,Vegetables,30.0,31.3,23.3,12.4,Bengaluru,2023-01-08,tomato
Tomato,Vegetables,33.1,21.1,19.0,4.2,Bengaluru,2023-01-09,tomato
Tomato,Vegetables,31.6,32.9,25.8,14.3,Bengaluru,2023-01-10,tomato
Tomato,Vegetables,30.2,27.2,25.3,8.6,Bengaluru,2023-01-11,tomato
Tomato,Vegetables,32.2,24.7,23.1,6.0,Bengaluru,2023-01-12,tomato
Tomato,Vegetables,34.8,22.8,19.2,5.8,Bengaluru,2023-01-13,tomato
Tomato,Vegetables,31.0,32.4,25.7,12.7,Bengaluru,2023-01-14,tomato
Tomato,Vegetables,34.0,26.7,22.9,7.4,Bengaluru,2023-01-15,tomato
Tomato,Vegetables,29.8,29.1,25.3,9.8,Bengaluru,2023-01-16,tomato
Tomato,Vegetables,35.6,26.0,19.7,9.4,Bengaluru,2023-01-17,tomato
Tomato,Vegetables,31.7,21.3,19.5,6.8,Bengaluru,2023-01-18,tomato
Tomato,Vegetables,30.7,27.6,24.7,8.7,Bengaluru,2023-01-19,tomato
Tomato,Vegetables,32.7,26.2,22.3,10.4,Bengaluru,2023-01-20,tomato
Tomato,Vegetables,32.0,34.5,26.8,10.8,Bengaluru,2023-01-21,tomato
Tomato,Vegetables,30.4,28.7,26.2,9.3,Bengaluru,2023-01-22,tomato
Tomato,Vegetables,31.0,26.3,21.8,11.0,Bengaluru,2023-01-23,tomato
Tomato,Vegetables,33.8,27.9,22.1,10.1,Bengaluru,2023-01-24,tomato
Tomato,Vegetables,31.0,29.4,24.3,7.6,Bengaluru,2023-01-25,tomato
Tomato,Vegetables,34.6,29.8,24.4,10.9,Bengaluru,2023-01-26,tomato
Tomato,Vegetables,33.3,30.2,23.5,10.1,Bengaluru,2023-01-27,tomato
Tomato,Vegetables,33.8,29.8,24.6,8.8,Bengaluru,2023-01-28,tomato
Tomato,Vegetables,29.7,46.4,36.3,17.6,Bengaluru,2023-01-29,tomato
Tomato,Vegetables,32.5,29.8,22.4,12.5,Bengaluru,2023-01-30,tomato
Tomato,Vegetables,30.8,33.6,25.6,14.8,Bengaluru,2023-01-31,tomato
Tomato,Vegetables,32.0,27.5,23.6,10.6,Bengaluru,2023-02-01,tomato
Tomato,Vegetables,30.3,28.0,25.2,8.0,Bengaluru,2023-02-02,tomato
Tomato,Vegetables,35.1,27.7,21.7,12.5,Bengaluru,2023-02-03,tomato
Tomato,Vegetables,33.5,29.7,22.3,12.3,Bengaluru,2023-02-04,tomato
Tomato,Vegetables,35.1,34.9,29.3,8.6,Bengaluru,2023-02-05,tomato
Tomato,Vegetables,30.1,30.7,24.5,10.5,Bengaluru,2023-02-06,tomato
Tomato,Vegetables,33.1,28.6,23.8,8.7,Bengaluru,2023-02-07,tomato
Tomato,Vegetables,34.4,27.1,23.1,11.6,Bengaluru,2023-02-08,tomato
Tomato,Vegetables,34.7,22.2,19.2,10.1,Bengaluru,2023-02-09,tomato
Tomato,Vegetables,29.6,32.0,24.9,11.5,Bengaluru,2023-02-10,tomato
Tomato,Vegetables,34.6,36.8,29.2,14.4,Bengaluru,2023-02-11,tomato
Tomato,Vegetables,33.9,39.5,33.3,10.1,Bengaluru,2023-02-12,tomato
Tomato,Vegetables,34.9,33.9,25.1,14.7,Bengaluru,2023-02-13,tomato
Tomato,Vegetables,31.2,29.5,22.5,10.6,Bengaluru,2023-02-14,tomato
Tomato,Vegetables,31.1,23.0,21.2,5.9,Bengaluru,2023-02-15,tomato
Tomato,Vegetables,34.0,26.3,22.8,7.4,Bengaluru,2023-02-16,tomato
Tomato,Vegetables,32.6,29.4,21.8,14.4,Bengaluru,2023-02-17,tomato
Tomato,Vegetables,29.9,31.5,25.3,11.0,Bengaluru,2023-02-18,tomato
Tomato,Vegetables,34.7,31.5,24.5,14.1,Bengaluru,2023-02-19,tomato
Tomato,Vegetables,32.8,22.2,21.0,8.6,Bengaluru,2023-02-20,tomato
Tomato,Vegetables,31.9,24.0,18.6,10.1,Bengaluru,2023-02-21,tomato
Tomato,Vegetables,33.3,27.0,20.8,11.3,Bengaluru,2023-02-22,tomato
Tomato,Vegetables,30.1,36.5,27.6,15.6,Bengaluru,2023-02-23,tomato
Tomato,Vegetables,31.1,24.6,21.9,6.8,Bengaluru,2023-02-24,tomato
Tomato,Vegetables,30.1,34.8,28.0,12.0,Bengaluru,2023-02-25,tomato
Tomato,Vegetables,32.7,32.3,26.3,12.3,Bengaluru,2023-02-26,tomato
Tomato,Vegetables,34.5,32.2,24.1,15.5,Bengaluru,2023-02-27,tomato
Tomato,Vegetables,34.7,25.5,24.0,7.5,Bengaluru,2023-02-28,tomato
Tomato,Vegetables,32.4,32.7,25.9,14.0,Bengaluru,2023-03-01,tomato
Tomato,Vegetables,35.3,29.1,23.6,12.9,Bengaluru,2023-03-02,tomato
Tomato,Vegetables,34.3,25.9,21.5,10.6,Bengaluru,2023-03-03,tomato
Tomato,Vegetables,34.8,27.2,24.7,9.6,Bengaluru,2023-03-04,tomato
Tomato,Vegetables,30.1,24.9,23.1,8.5,Bengaluru,2023-03-05,tomato
Tomato,Vegetables,30.8,29.8,25.2,9.8,Bengaluru,2023-03-06,tomato
Tomato,Vegetables,33.8,34.3,26.5,14.1,Bengaluru,2023-03-07,tomato
Tomato,Vegetables,31.4,28.7,21.8,12.2,Bengaluru,2023-03-08,tomato
Tomato,Vegetables,32.4,25.9,20.3,10.1,Bengaluru,2023-03-09,tomato
Tomato,Vegetables,34.4,36.0,28.2,11.5,Bengaluru,2023-03-10,tomato
Tomato,Vegetables,30.1,27.3,25.8,5.9,Bengaluru,2023-03-11,tomato
Tomato,Vegetables,31.1,30.2,27.1,6.1,Bengaluru,2023-03-12,tomato
Tomato,Vegetables,34.2,22.3,18.6,7.8,Bengaluru,2023-03-13,tomato
Tomato,Vegetables,30.7,30.3,22.7,15.3,Bengaluru,2023-03-14,tomato
Tomato,Vegetables,33.0,30.0,22.6,11.7,Bengaluru,2023-03-15,tomato
Tomato,Vegetables,30.3,23.9,19.0,10.8,Bengaluru,2023-03-16,tomato
Tomato,Vegetables,29.4,26.5,23.9,4.6,Bengaluru,2023-03-17,tomato
Tomato,Vegetables,35.7,35.2,27.6,11.8,Bengaluru,2023-03-18,tomato
Tomato,Vegetables,32.2,34.6,31.4,6.4,Bengaluru,2023-03-19,tomato
Tomato,Vegetables,29.7,31.6,23.5,15.4,Bengaluru,2023-03-20,tomato
Tomato,Vegetables,33.0,21.9,17.8,10.2,Bengaluru,2023-03-21,tomato
Tomato,Vegetables,33.9,21.6,20.5,7.3,Bengaluru,2023-03-22,tomato
Tomato,Vegetables,35.0,28.5,22.0,10.2,Bengaluru,2023-03-23,tomato
Tomato,Vegetables,34.0,21.9,20.3,7.5,Bengaluru,2023-03-24,tomato
Tomato,Vegetables,32.7,29.7,25.2,12.1,Bengaluru,2023-03-25,tomato
Tomato,Vegetables,35.4,30.1,28.4,6.6,Bengaluru,2023-03-26,tomato
Tomato,Vegetables,30.5,27.0,24.8,4.3,Bengaluru,2023-03-27,tomato
Tomato,Vegetables,34.1,22.7,18.3,11.8,Bengaluru,2023-03-28,tomato
Tomato,Vegetables,32.9,25.8,22.1,9.4,Bengaluru,2023-03-29,tomato
Tomato,Vegetables,34.2,26.4,22.9,7.7,Bengaluru,2023-03-30,tomato
Tomato,Vegetables,33.5,34.6,25.7,11.2,Bengaluru,2023-03-31,tomato
Tomato,Vegetables,33.6,23.4,17.6,9.2,Bengaluru,2023-04-01,tomato
Tomato,Vegetables,30.8,29.7,24.4,11.2,Bengaluru,2023-04-02,tomato
Tomato,Vegetables,34.7,22.3,20.8,6.1,Bengaluru,2023-04-03,tomato
Tomato,Vegetables,34.5,23.6,21.9,5.5,Bengaluru,2023-04-04,tomato
Tomato,Vegetables,30.5,24.8,19.5,11.3,Bengaluru,2023-04-05,tomato
Tomato,Vegetables,30.3,24.7,22.3,4.4,Bengaluru,2023-04-06,tomato
Tomato,Vegetables,31.1,22.7,20.4,8.4,Bengaluru,2023-04-07,tomato
Tomato,Vegetables,34.9,26.6,22.8,6.8,Bengaluru,2023-04-08,tomato
Tomato,Vegetables,35.5,25.6,22.8,5.4,Bengaluru,2023-04-09,tomato
Tomato,Vegetables,33.0,36.7,27.4,13.2,Bengaluru,2023-04-10,tomato
Tomato,Vegetables,31.7,27.3,23.7,9.4,Bengaluru,2023-04-11,tomato
Tomato,Vegetables,33.3,18.7,15.9,9.6,Bengaluru,2023-04-12,tomato
Tomato,Vegetables,33.3,29.0,22.9,9.8,Bengaluru,2023-04-13,tomato
Tomato,Vegetables,35.3,27.7,21.4,13.5,Bengaluru,2023-04-14,tomato
Tomato,Vegetables,31.5,29.3,24.7,6.8,Bengaluru,2023-04-15,tomato
Tomato,Vegetables,34.5,33.1,24.6,16.0,Bengaluru,2023-04-16,tomato
Tomato,Vegetables,31.6,21.7,19.4,5.8,Bengaluru,2023-04-17,tomato
Tomato,Vegetables,33.8,21.5,19.2,6.2,Bengaluru,2023-04-18,tomato
Tomato,Vegetables,32.2,31.5,23.8,9.9,Bengaluru,2023-04-19,tomato
Tomato,Vegetables,33.5,25.3,22.7,7.5,Bengaluru,2023-04-20,tomato
Tomato,Vegetables,35.3,24.8,22.9,9.8,Bengaluru,2023-04-21,tomato
Tomato,Vegetables,30.4,35.6,27.4,10.4,Bengaluru,2023-04-22,tomato
Tomato,Vegetables,30.5,33.9,25.4,12.2,Bengaluru,2023-04-23,tomato
Tomato,Vegetables,29.5,33.3,25.1,11.1,Bengaluru,2023-04-24,tomato
Tomato,Vegetables,30.9,23.5,19.9,10.1,Bengaluru,2023-04-25,tomato
Tomato,Vegetables,33.7,22.9,20.3,5.9,Bengaluru,2023-04-26,tomato
Tomato,Vegetables,29.6,29.8,22.2,11.1,Bengaluru,2023-04-27,tomato
Tomato,Vegetables,34.8,24.6,22.5,4.8,Bengaluru,2023-04-28,tomato
Tomato,Vegetables,29.5,33.9,26.8,10.9,Bengaluru,2023-04-29,tomato
Tomato,Vegetables,35.0,33.8,28.3,9.0,Bengaluru,2023-04-30,tomato
Tomato,Vegetables,29.9,32.8,27.7,7.7,Bengaluru,2023-05-01,tomato
Tomato,Vegetables,35.2,26.3,22.2,8.8,Bengaluru,2023-05-02,tomato
Tomato,Vegetables,32.4,31.6,24.8,9.6,Bengaluru,2023-05-03,tomato
Tomato,Vegetables,32.8,23.1,21.9,4.7,Bengaluru,2023-05-04,tomato
Tomato,Vegetables,33.7,33.4,25.1,15.7,Bengaluru,2023-05-05,tomato
Tomato,Vegetables,34.7,21.1,19.8,6.3,Bengaluru,2023-05-06,tomato
Tomato,Vegetables,30.7,36.4,28.7,10.2,Bengaluru,2023-05-07,tomato
Tomato,Vegetables,35.6,24.0,22.5,7.5,Bengaluru,2023-05-08,tomato
Tomato,Vegetables,34.2,26.8,24.6,7.9,Bengaluru,2023-05-09,tomato
Tomato,Vegetables,32.5,23.1,18.2,12.5,Bengaluru,2023-05-10,tomato
Tomato,Vegetables,34.5,24.4,21.0,11.3,Bengaluru,2023-05-11,tomato
Tomato,Vegetables,31.8,25.5,23.8,4.9,Bengaluru,2023-05-12,tomato
Tomato,Vegetables,29.6,37.5,29.2,12.0,Bengaluru,2023-05-13,tomato
Tomato,Vegetables,30.3,33.2,28.1,12.7,Bengaluru,2023-05-14,tomato
Tomato,Vegetables,31.8,24.8,19.1,11.0,Bengaluru,2023-05-15,tomato
Tomato,Vegetables,34.0,24.5,22.8,7.8,Bengaluru,2023-05-16,tomato
Tomato,Vegetables,32.4,22.5,20.1,7.3,Bengaluru,2023-05-17,tomato
Tomato,Vegetables,34.9,24.8,20.5,10.1,Bengaluru,2023-05-18,tomato
Tomato,Vegetables,32.1,24.0,21.2,5.2,Bengaluru,2023-05-19,tomato
Tomato,Vegetables,29.8,34.2,25.4,16.4,Bengaluru,2023-05-20,tomato
Tomato,Vegetables,29.7,29.7,24.4,11.1,Bengaluru,2023-05-21,tomato
Tomato,Vegetables,29.8,23.1,18.5,11.0,Bengaluru,2023-05-22,tomato
Tomato,Vegetables,34.5,17.0,15.8,8.0,Bengaluru,2023-05-23,tomato
Tomato,Vegetables,35.0,27.8,20.7,10.9,Bengaluru,2023-05-24,tomato
Tomato,Vegetables,33.2,35.5,29.5,11.2,Bengaluru,2023-05-25,tomato
Tomato,Vegetables,33.7,27.4,21.0,9.6,Bengaluru,2023-05-26,tomato
Tomato,Vegetables,30.9,32.9,26.4,11.4,Bengaluru,2023-05-27,tomato
Tomato,Vegetables,33.1,20.8,17.4,6.2,Bengaluru,2023-05-28,tomato
Tomato,Vegetables,35.6,25.5,20.9,8.3,Bengaluru,2023-05-29,tomato
Tomato,Vegetables,34.0,23.5,20.5,7.6,Bengaluru,2023-05-30,tomato
Tomato,Vegetables,30.8,31.3,24.2,12.6,Bengaluru,2023-05-31,tomato
Tomato,Vegetables,29.8,27.7,22.6,9.8,Bengaluru,2023-06-01,tomato
Tomato,Vegetables,32.1,27.4,24.6,10.6,Bengaluru,2023-06-02,tomato
Tomato,Vegetables,30.6,31.9,23.7,13.5,Bengaluru,2023-06-03,tomato
Tomato,Vegetables,34.7,30.8,25.3,12.3,Bengaluru,2023-06-04,tomato
Tomato,Vegetables,32.9,18.1,17.2,5.1,Bengaluru,2023-06-05,tomato
Tomato,Vegetables,35.5,19.5,15.6,11.4,Bengaluru,2023-06-06,tomato
Tomato,Vegetables,30.7,26.2,20.9,12.0,Bengaluru,2023-06-07,tomato
Tomato,Vegetables,34.2,23.0,21.4,5.1,Bengaluru,2023-06-08,tomato
Tomato,Vegetables,33.6,22.9,19.5,7.5,Bengaluru,2023-06-09,tomato
Tomato,Vegetables,29.5,36.4,29.8,12.6,Bengaluru,2023-06-10,tomato
Tomato,Vegetables,31.2,28.8,22.8,10.7,Bengaluru,2023-06-11,tomato
Tomato,Vegetables,35.0,28.2,23.2,8.1,Bengaluru,2023-06-12,tomato
Tomato,Vegetables,34.7,22.7,21.3,4.2,Bengaluru,2023-06-13,tomato
Tomato,Vegetables,34.9,24.4,21.3,8.1,Bengaluru,2023-06-14,tomato
Tomato,Vegetables,33.3,28.3,23.5,9.3,Bengaluru,2023-06-15,tomato
Tomato,Vegetables,30.7,29.3,23.8,10.8,Bengaluru,2023-06-16,tomato
Tomato,Vegetables,31.3,38.9,31.4,12.4,Bengaluru,2023-06-17,tomato
Tomato,Vegetables,31.2,31.4,25.1,12.1,Bengaluru,2023-06-18,tomato
Tomato,Vegetables,32.4,23.2,20.1,10.6,Bengaluru,2023-06-19,tomato
Tomato,Vegetables,34.3,26.3,20.0,13.4,Bengaluru,2023-06-20,tomato
Tomato,Vegetables,32.4,23.4,18.5,9.4,Bengaluru,2023-06-21,tomato
Tomato,Vegetables,30.5,24.5,22.7,8.0,Bengaluru,2023-06-22,tomato
Tomato,Vegetables,32.5,23.7,20.8,9.2,Bengaluru,2023-06-23,tomato
Tomato,Vegetables,29.8,34.4,27.1,12.3,Bengaluru,2023-06-24,tomato
Tomato,Vegetables,34.5,28.3,26.4,6.7,Bengaluru,2023-06-25,tomato
Tomato,Vegetables,31.5,28.4,23.6,12.6,Bengaluru,2023-06-26,tomato
Tomato,Vegetables,30.2,23.4,19.0,10.1,Bengaluru,2023-06-27,tomato
Tomato,Vegetables,31.5,26.9,21.8,7.8,Bengaluru,2023-06-28,tomato
Tomato,Vegetables,33.5,27.4,21.4,11.8,Bengaluru,2023-06-29,tomato
Tomato,Vegetables,29.5,27.5,25.3,8.8,Bengaluru,2023-06-30,tomato
Tomato,Vegetables,29.7,27.4,22.2,10.9,Bengaluru,2023-07-01,tomato
Tomato,Vegetables,30.0,26.1,23.4,8.5,Bengaluru,2023-07-02,tomato
Tomato,Vegetables,34.6,30.0,22.9,9.8,Bengaluru,2023-07-03,tomato
Tomato,Vegetables,32.3,25.5,19.5,10.2,Bengaluru,2023-07-04,tomato
Tomato,Vegetables,31.2,26.0,20.6,8.2,Bengaluru,2023-07-05,tomato
Tomato,Vegetables,33.0,29.8,25.6,12.2,Bengaluru,2023-07-06,tomato
Tomato,Vegetables,33.2,26.4,19.6,9.1,Bengaluru,2023-07-07,tomato
Tomato,Vegetables,29.9,29.9,27.9,9.2,Bengaluru,2023-07-08,tomato
Tomato,Vegetables,34.1,32.7,26.3,11.5,Bengaluru,2023-07-09,tomato
Tomato,Vegetables,33.8,35.0,26.5,14.0,Bengaluru,2023-07-10,tomato
Tomato,Vegetables,35.2,27.8,22.3,10.6,Bengaluru,2023-07-11,tomato
Tomato,Vegetables,29.9,30.6,23.5,10.6,Bengaluru,2023-07-12,tomato
Tomato,Vegetables,29.7,36.0,28.8,13.2,Bengaluru,2023-07-13,tomato
Tomato,Vegetables,33.6,29.0,22.4,13.2,Bengaluru,2023-07-14,tomato
Tomato,Vegetables,34.6,28.6,23.0,8.9,Bengaluru,2023-07-15,tomato
Tomato,Vegetables,34.9,31.5,24.9,13.2,Bengaluru,2023-07-16,tomato
Tomato,Vegetables,31.3,26.6,23.5,10.0,Bengaluru,2023-07-17,tomato
Tomato,Vegetables,33.0,30.6,27.6,6.8,Bengaluru,2023-07-18,tomato
Tomato,Vegetables,30.9,22.9,19.7,9.4,Bengaluru,2023-07-19,tomato
Tomato,Vegetables,35.6,21.8,19.6,6.0,Bengaluru,2023-07-20,tomato
Tomato,Vegetables,29.5,25.7,21.6,7.7,Bengaluru,2023-07-21,tomato
Tomato,Vegetables,30.4,26.7,21.9,9.3,Bengaluru,2023-07-22,tomato
Tomato,Vegetables,32.2,30.7,26.3,7.9,Bengaluru,2023-07-23,tomato
Tomato,Vegetables,32.2,31.9,24.4,15.3,Bengaluru,2023-07-24,tomato
Tomato,Vegetables,31.9,23.2,20.9,7.7,Bengaluru,2023-07-25,tomato
Tomato,Vegetables,32.1,22.6,19.9,9.3,Bengaluru,2023-07-26,tomato
Tomato,Vegetables,33.7,21.4,20.3,4.0,Bengaluru,2023-07-27,tomato
Tomato,Vegetables,32.7,31.0,24.0,9.3,Bengaluru,2023-07-28,tomato
Tomato,Vegetables,34.8,31.3,27.0,6.8,Bengaluru,2023-07-29,tomato
Tomato,Vegetables,32.0,39.9,31.8,10.7,Bengaluru,2023-07-30,tomato
Tomato,Vegetables,34.9,23.9,21.6,4.8,Bengaluru,2023-07-31,tomato
Tomato,Vegetables,31.7,25.5,20.4,7.8,Bengaluru,2023-08-01,tomato
Tomato,Vegetables,32.5,24.0,18.0,10.1,Bengaluru,2023-08-02,tomato
Tomato,Vegetables,35.8,19.6,16.2,10.5,Bengaluru,2023-08-03,tomato
Tomato,Vegetables,31.7,25.7,24.0,7.8,Bengaluru,2023-08-04,tomato
Tomato,Vegetables,33.0,32.4,26.0,9.7,Bengaluru,2023-08-05,tomato
Tomato,Vegetables,29.9,29.3,26.3,5.8,Bengaluru,2023-08-06,tomato
Tomato,Vegetables,31.1,26.4,21.8,12.3,Bengaluru,2023-08-07,tomato
Tomato,Vegetables,35.3,27.6,20.5,12.0,Bengaluru,2023-08-08,tomato
Tomato,Vegetables,35.7,25.1,20.7,11.7,Bengaluru,2023-08-09,tomato
Tomato,Vegetables,32.3,26.3,23.6,9.3,Bengaluru,2023-08-10,tomato
Tomato,Vegetables,29.8,33.3,28.7,11.8,Bengaluru,2023-08-11,tomato
Tomato,Vegetables,32.7,27.2,24.7,8.8,Bengaluru,2023-08-12,tomato
Tomato,Vegetables,33.7,25.8,23.7,6.8,Bengaluru,2023-08-13,tomato
Tomato,Vegetables,31.3,32.3,24.5,15.2,Bengaluru,2023-08-14,tomato
Tomato,Vegetables,32.1,20.0,17.1,8.0,Bengaluru,2023-08-15,tomato
Tomato,Vegetables,32.5,27.2,22.2,9.7,Bengaluru,2023-08-16,tomato
Tomato,Vegetables,32.1,26.9,20.2,12.3,Bengaluru,2023-08-17,tomato
Tomato,Vegetables,34.7,22.2,20.0,6.1,Bengaluru,2023-08-18,tomato
Tomato,Vegetables,31.7,31.3,24.2,11.3,Bengaluru,2023-08-19,tomato
Tomato,Vegetables,34.1,26.8,23.5,6.4,Bengaluru,2023-08-20,tomato
Tomato,Vegetables,34.5,25.1,20.2,7.9,Bengaluru,2023-08-21,tomato
Tomato,Vegetables,33.2,24.7,20.1,10.6,Bengaluru,2023-08-22,tomato
Tomato,Vegetables,31.7,26.2,20.5,12.7,Bengaluru,2023-08-23,tomato
Tomato,Vegetables,35.3,22.8,17.9,7.5,Bengaluru,2023-08-24,tomato
Tomato,Vegetables,30.6,31.1,23.9,14.7,Bengaluru,2023-08-25,tomato
Tomato,Vegetables,29.9,39.8,29.9,15.3,Bengaluru,2023-08-26,tomato
Tomato,Vegetables,34.7,27.5,20.7,11.9,Bengaluru,2023-08-27,tomato
Tomato,Vegetables,34.2,29.8,24.7,10.8,Bengaluru,2023-08-28,tomato
Tomato,Vegetables,33.0,30.8,24.8,11.0,Bengaluru,2023-08-29,tomato
Tomato,Vegetables,30.9,21.7,19.9,8.9,Bengaluru,2023-08-30,tomato
Tomato,Vegetables,30.6,32.1,26.5,11.9,Bengaluru,2023-08-31,tomato
Tomato,Vegetables,33.6,22.4,20.5,4.3,Bengaluru,2023-09-01,tomato
Tomato,Vegetables,31.3,29.9,24.8,8.1,Bengaluru,2023-09-02,tomato
Tomato,Vegetables,35.7,33.9,27.0,11.5,Bengaluru,2023-09-03,tomato
Tomato,Vegetables,32.4,34.6,26.3,14.6,Bengaluru,2023-09-04,tomato
Tomato,Vegetables,33.2,25.7,22.0,6.0,Bengaluru,2023-09-05,tomato
Tomato,Vegetables,31.9,30.7,23.1,9.9,Bengaluru,2023-09-06,tomato
Tomato,Vegetables,30.6,23.2,21.0,9.1,Bengaluru,2023-09-07,tomato
Tomato,Vegetables,33.0,30.0,24.7,9.1,Bengaluru,2023-09-08,tomato
Tomato,Vegetables,33.8,32.8,26.6,10.3,Bengaluru,2023-09-09,tomato
Tomato,Vegetables,34.9,32.7,26.8,13.2,Bengaluru,2023-09-10,tomato
Tomato,Vegetables,31.1,27.5,23.7,11.5,Bengaluru,2023-09-11,tomato
Tomato,Vegetables,32.0,26.6,22.5,10.9,Bengaluru,2023-09-12,tomato
Tomato,Vegetables,31.1,23.9,19.5,11.1,Bengaluru,2023-09-13,tomato
Tomato,Vegetables,29.6,27.6,25.6,9.6,Bengaluru,2023-09-14,tomato
Tomato,Vegetables,34.7,26.4,20.9,13.5,Bengaluru,2023-09-15,tomato
Tomato,Vegetables,32.2,37.9,29.1,11.3,Bengaluru,2023-09-16,tomato
Tomato,Vegetables,32.9,28.8,26.6,6.4,Bengaluru,2023-09-17,tomato
Tomato,Vegetables,29.9,20.2,17.0,7.9,Bengaluru,2023-09-18,tomato
Tomato,Vegetables,31.6,23.1,20.8,5.9,Bengaluru,2023-09-19,tomato
Tomato,Vegetables,35.2,31.0,23.9,9.2,Bengaluru,2023-09-20,tomato
Tomato,Vegetables,30.4,25.5,19.2,13.0,Bengaluru,2023-09-21,tomato
Tomato,Vegetables,35.0,26.7,24.1,5.5,Bengaluru,2023-09-22,tomato
Tomato,Vegetables,35.4,25.5,20.3,9.6,Bengaluru,2023-09-23,tomato
Tomato,Vegetables,35.0,26.5,19.8,10.7,Bengaluru,2023-09-24,tomato
Tomato,Vegetables,30.8,28.3,22.4,13.8,Bengaluru,2023-09-25,tomato
Tomato,Vegetables,30.4,26.2,20.8,10.7,Bengaluru,2023-09-26,tomato
Tomato,Vegetables,32.5,22.2,19.4,7.1,Bengaluru,2023-09-27,tomato
Tomato,Vegetables,30.6,29.2,24.5,7.5,Bengaluru,2023-09-28,tomato
Tomato,Vegetables,31.5,27.9,25.5,10.4,Bengaluru,2023-09-29,tomato
Tomato,Vegetables,31.2,22.6,21.4,3.4,Bengaluru,2023-09-30,tomato
Tomato,Vegetables,33.7,29.6,27.5,6.4,Bengaluru,2023-10-01,tomato
Tomato,Vegetables,35.1,28.2,21.9,9.7,Bengaluru,2023-10-02,tomato
Tomato,Vegetables,35.1,19.5,18.3,6.2,Bengaluru,2023-10-03,tomato
Tomato,Vegetables,34.0,26.8,23.7,6.1,Bengaluru,2023-10-04,tomato
Tomato,Vegetables,29.9,33.9,26.4,13.4,Bengaluru,2023-10-05,tomato
Tomato,Vegetables,33.6,27.5,23.1,8.9,Bengaluru,2023-10-06,tomato
Tomato,Vegetables,30.3,28.7,24.1,11.0,Bengaluru,2023-10-07,tomato
Tomato,Vegetables,32.3,31.4,26.1,12.4,Bengaluru,2023-10-08,tomato
Tomato,Vegetables,33.6,25.4,21.9,6.7,Bengaluru,2023-10-09,tomato
Tomato,Vegetables,33.6,21.9,18.8,9.7,Bengaluru,2023-10-10,tomato
Tomato,Vegetables,33.2,23.6,20.9,5.6,Bengaluru,2023-10-11,tomato
Tomato,Vegetables,34.6,22.6,19.4,8.9,Bengaluru,2023-10-12,tomato
Tomato,Vegetables,35.1,21.9,17.0,9.5,Bengaluru,2023-10-13,tomato
Tomato,Vegetables,33.0,35.1,26.6,13.4,Bengaluru,2023-10-14,tomato
Tomato,Vegetables,31.6,31.8,24.0,15.3,Bengaluru,2023-10-15,tomato
Tomato,Vegetables,33.1,25.0,22.8,6.9,Bengaluru,2023-10-16,tomato
Tomato,Vegetables,32.1,22.2,19.7,7.8,Bengaluru,2023-10-17,tomato
Tomato,Vegetables,33.8,27.0,20.1,10.2,Bengaluru,2023-10-18,tomato
Tomato,Vegetables,30.7,31.9,24.2,10.0,Bengaluru,2023-10-19,tomato
Tomato,Vegetables,31.2,24.8,21.7,6.8,Bengaluru,2023-10-20,tomato
Tomato,Vegetables,32.2,34.9,30.9,7.8,Bengaluru,2023-10-21,tomato
Tomato,Vegetables,33.3,28.1,25.5,7.4,Bengaluru,2023-10-22,tomato
Tomato,Vegetables,31.0,30.0,23.8,9.7,Bengaluru,2023-10-23,tomato
Tomato,Vegetables,32.1,22.4,20.4,4.3,Bengaluru,2023-10-24,tomato
Tomato,Vegetables,33.2,20.2,18.6,7.7,Bengaluru,2023-10-25,tomato
Tomato,Vegetables,31.2,27.4,20.7,9.9,Bengaluru,2023-10-26,tomato
Tomato,Vegetables,31.0,24.8,22.9,7.2,Bengaluru,2023-10-27,tomato
Tomato,Vegetables,31.4,37.8,29.7,10.6,Bengaluru,2023-10-28,tomato
Tomato,Vegetables,35.3,38.0,30.1,11.0,Bengaluru,2023-10-29,tomato
Tomato,Vegetables,35.1,23.3,20.8,5.6,Bengaluru,2023-10-30,tomato
Tomato,Vegetables,32.8,28.1,21.6,11.7,Bengaluru,2023-10-31,tomato
Tomato,Vegetables,30.8,31.1,23.7,9.8,Bengaluru,2023-11-01,tomato
Tomato,Vegetables,33.8,28.0,22.5,9.0,Bengaluru,2023-11-02,tomato
Tomato,Vegetables,32.8,28.1,22.7,12.7,Bengaluru,2023-11-03,tomato
Tomato,Vegetables,30.5,23.6,20.0,6.7,Bengaluru,2023-11-04,tomato
Tomato,Vegetables,30.8,32.0,25.0,11.9,Bengaluru,2023-11-05,tomato
Tomato,Vegetables,32.7,24.4,21.2,7.1,Bengaluru,2023-11-06,tomato
Tomato,Vegetables,33.7,27.4,22.5,9.7,Bengaluru,2023-11-07,tomato
Tomato,Vegetables,33.7,29.3,25.0,11.6,Bengaluru,2023-11-08,tomato
Tomato,Vegetables,30.2,24.0,22.3,7.6,Bengaluru,2023-11-09,tomato
Tomato,Vegetables,31.9,30.1,27.0,5.4,Bengaluru,2023-11-10,tomato
Tomato,Vegetables,32.2,32.4,24.6,12.5,Bengaluru,2023-11-11,tomato
Tomato,Vegetables,33.1,30.0,25.1,8.3,Bengaluru,2023-11-12,tomato
Tomato,Vegetables,30.5,21.4,18.5,5.1,Bengaluru,2023-11-13,tomato
Tomato,Vegetables,30.5,28.3,24.7,8.9,Bengaluru,2023-11-14,tomato
Tomato,Vegetables,34.7,32.0,24.6,13.3,Bengaluru,2023-11-15,tomato
Tomato,Vegetables,30.2,26.4,21.1,8.8,Bengaluru,2023-11-16,tomato
Tomato,Vegetables,32.4,25.6,19.7,13.3,Bengaluru,2023-11-17,tomato
Tomato,Vegetables,34.8,31.6,28.1,11.1,Bengaluru,2023-11-18,tomato
Tomato,Vegetables,29.6,34.1,31.7,5.3,Bengaluru,2023-11-19,tomato
Tomato,Vegetables,33.9,26.4,22.9,7.6,Bengaluru,2023-11-20,tomato
Tomato,Vegetables,33.7,24.1,21.9,7.0,Bengaluru,2023-11-21,tomato
Tomato,Vegetables,29.5,29.4,26.5,6.7,Bengaluru,2023-11-22,tomato
Tomato,Vegetables,30.3,29.3,23.7,11.0,Bengaluru,2023-11-23,tomato
Tomato,Vegetables,34.7,27.8,21.6,12.2,Bengaluru,2023-11-24,tomato
Tomato,Vegetables,35.2,26.1,22.1,8.6,Bengaluru,2023-11-25,tomato
Tomato,Vegetables,29.6,37.6,33.5,11.3,Bengaluru,2023-11-26,tomato
Tomato,Vegetables,35.2,25.2,20.2,8.7,Bengaluru,2023-11-27,tomato
Tomato,Vegetables,30.8,29.2,23.9,12.3,Bengaluru,2023-11-28,tomato
Tomato,Vegetables,33.1,27.7,22.1,11.0,Bengaluru,2023-11-29,tomato
Tomato,Vegetables,33.1,26.4,20.0,13.6,Bengaluru,2023-11-30,tomato
Tomato,Vegetables,34.1,32.2,25.3,11.4,Bengaluru,2023-12-01,tomato
Tomato,Vegetables,34.8,31.0,26.1,10.6,Bengaluru,2023-12-02,tomato
Tomato,Vegetables,35.8,27.3,23.6,7.8,Bengaluru,2023-12-03,tomato
Tomato,Vegetables,31.1,26.6,22.1,12.0,Bengaluru,2023-12-04,tomato
Tomato,Vegetables,34.6,23.4,21.2,7.6,Bengaluru,2023-12-05,tomato
Tomato,Vegetables,34.9,31.1,23.5,11.7,Bengaluru,2023-12-06,tomato
Tomato,Vegetables,35.0,26.2,21.4,9.7,Bengaluru,2023-12-07,tomato
Tomato,Vegetables,34.4,29.7,23.0,14.4,Bengaluru,2023-12-08,tomato
Tomato,Vegetables,35.0,30.3,28.3,9.1,Bengaluru,2023-12-09,tomato
Tomato,Vegetables,34.4,33.8,25.7,10.2,Bengaluru,2023-12-10,tomato
Tomato,Vegetables,35.7,24.0,21.7,9.5,Bengaluru,2023-12-11,tomato
Tomato,Vegetables,35.4,26.9,22.5,7.9,Bengaluru,2023-12-12,tomato
Tomato,Vegetables,34.3,23.6,19.8,11.2,Bengaluru,2023-12-13,tomato
Tomato,Vegetables,34.0,23.0,20.4,6.7,Bengaluru,2023-12-14,tomato
Tomato,Vegetables,33.7,26.4,20.0,12.0,Bengaluru,2023-12-15,tomato
Tomato,Vegetables,34.3,31.2,26.0,11.4,Bengaluru,2023-12-16,tomato
Tomato,Vegetables,32.8,22.5,19.6,6.4,Bengaluru,2023-12-17,tomato
Tomato,Vegetables,31.1,27.3,23.0,11.6,Bengaluru,2023-12-18,tomato
Tomato,Vegetables,35.0,25.2,19.7,12.4,Bengaluru,2023-12-19,tomato
Tomato,Vegetables,35.0,24.4,21.6,9.5,Bengaluru,2023-12-20,tomato
Tomato,Vegetables,31.5,29.3,26.1,6.2,Bengaluru,2023-12-21,tomato
Tomato,Vegetables,33.5,25.1,19.9,12.0,Bengaluru,2023-12-22,tomato
Tomato,Vegetables,31.5,28.5,21.9,8.9,Bengaluru,2023-12-23,tomato
Tomato,Vegetables,35.7,26.0,19.6,9.2,Bengaluru,2023-12-24,tomato
Tomato,Vegetables,31.7,23.0,19.9,7.6,Bengaluru,2023-12-25,tomato
Tomato,Vegetables,34.9,29.6,22.0,14.7,Bengaluru,2023-12-26,tomato
Tomato,Vegetables,33.8,27.1,24.4,8.0,Bengaluru,2023-12-27,tomato
Tomato,Vegetables,30.8,27.9,25.2,5.2,Bengaluru,2023-12-28,tomato
Tomato,Vegetables,32.8,19.7,18.8,6.6,Bengaluru,2023-12-29,tomato
Tomato,Vegetables,35.2,31.3,23.6,13.9,Bengaluru,2023-12-30,tomato
Tomato,Vegetables,30.3,26.4,22.7,10.2,Bengaluru,2023-12-31,tomato
Tomato,Vegetables,33.5,27.5,26.2,3.7,Delhi,2022-01-01,tomato
Tomato,Vegetables,35.2,31.5,25.4,13.8,Delhi,2022-01-02,tomato
Tomato,Vegetables,32.2,18.8,17.2,5.9,Delhi,2022-01-03,tomato
Tomato,Vegetables,29.5,24.2,20.1,11.2,Delhi,2022-01-04,tomato
Tomato,Vegetables,31.5,29.0,22.4,10.1,Delhi,2022-01-05,tomato
Tomato,Vegetables,34.8,22.5,18.5,8.0,Delhi,2022-01-06,tomato
Tomato,Vegetables,35.0,29.9,24.9,8.6,Delhi,2022-01-07,tomato
Tomato,Vegetables,31.4,33.3,30.9,5.9,Delhi,2022-01-08,tomato
Tomato,Vegetables,31.2,32.2,29.1,8.2,Delhi,2022-01-09,tomato
Tomato,Vegetables,32.7,24.4,18.8,11.3,Delhi,2022-01-10,tomato
Tomato,Vegetables,35.3,23.9,20.5,9.6,Delhi,2022-01-11,tomato
Tomato,Vegetables,32.5,25.9,22.0,9.9,Delhi,2022-01-12,tomato
Tomato,Vegetables,31.3,26.9,21.7,13.1,Delhi,2022-01-13,tomato
Tomato,Vegetables,34.5,28.4,23.5,12.1,Delhi,2022-01-14,tomato
Tomato,Vegetables,33.0,30.6,28.9,6.1,Delhi,2022-01-15,tomato
Tomato,Vegetables,31.6,32.4,25.6,8.9,Delhi,2022-01-16,tomato
Tomato,Vegetables,33.7,26.5,19.7,10.1,Delhi,2022-01-17,tomato
Tomato,Vegetables,31.7,23.8,21.4,8.4,Delhi,2022-01-18,tomato
Tomato,Vegetables,34.4,24.5,20.3,10.2,Delhi,2022-01-19,tomato
Tomato,Vegetables,33.5,30.0,23.7,12.9,Delhi,2022-01-20,tomato
Tomato,Vegetables,30.1,28.6,24.0,9.2,Delhi,2022-01-21,tomato
Tomato,Vegetables,32.4,27.3,23.5,9.3,Delhi,2022-01-22,tomato
Tomato,Vegetables,31.5,28.6,22.4,12.9,Delhi,2022-01-23,tomato
Tomato,Vegetables,33.1,26.8,23.1,5.8,Delhi,2022-01-24,tomato
Tomato,Vegetables,30.2,27.8,23.7,12.1,Delhi,2022-01-25,tomato
Tomato,Vegetables,33.1,29.8,23.8,11.9,Delhi,2022-01-26,tomato
Tomato,Vegetables,30.9,22.0,18.3,5.9,Delhi,2022-01-27,tomato
Tomato,Vegetables,31.9,25.4,21.9,7.2,Delhi,2022-01-28,tomato
Tomato,Vegetables,29.9,32.7,25.3,14.4,Delhi,2022-01-29,tomato
Tomato,Vegetables,30.8,36.4,30.9,11.8,Delhi,2022-01-30,tomato
Tomato,Vegetables,32.6,27.8,22.4,12.1,Delhi,2022-01-31,tomato
Tomato,Vegetables,30.2,31.2,25.5,8.2,Delhi,2022-02-01,tomato
Tomato,Vegetables,31.1,30.1,23.1,9.8,Delhi,2022-02-02,tomato
Tomato,Vegetables,34.4,19.3,17.7,4.7,Delhi,2022-02-03,tomato
Tomato,Vegetables,35.3,22.5,19.4,5.7,Delhi,2022-02-04,tomato
Tomato,Vegetables,32.4,26.9,23.0,9.6,Delhi,2022-02-05,tomato
Tomato,Vegetables,35.0,30.5,26.3,6.4,Delhi,2022-02-06,tomato
Tomato,Vegetables,34.7,20.6,16.6,6.0,Delhi,2022-02-07,tomato
Tomato,Vegetables,31.0,31.7,24.8,11.3,Delhi,2022-02-08,tomato
Tomato,Vegetables,30.4,24.4,20.9,10.4,Delhi,2022-02-09,tomato
Tomato,Vegetables,32.3,24.8,19.5,9.0,Delhi,2022-02-10,tomato
Tomato,Vegetables,35.1,24.8,20.1,9.1,Delhi,2022-02-11,tomato
Tomato,Vegetables,33.3,31.1,23.2,13.3,Delhi,2022-02-12,tomato
Tomato,Vegetables,29.5,29.0,25.4,6.6,Delhi,2022-02-13,tomato
Tomato,Vegetables,31.1,28.6,24.8,8.9,Delhi,2022-02-14,tomato
Tomato,Vegetables,29.7,26.1,24.2,7.2,Delhi,2022-02-15,tomato
Tomato,Vegetables,34.8,28.0,20.9,13.5,Delhi,2022-02-16,tomato
Tomato,Vegetables,30.7,22.9,20.2,10.4,Delhi,2022-02-17,tomato
Tomato,Vegetables,30.9,20.3,17.0,6.7,Delhi,2022-02-18,tomato
Tomato,Vegetables,33.7,25.7,22.9,8.4,Delhi,2022-02-19,tomato
Tomato,Vegetables,31.7,38.4,28.7,16.9,Delhi,2022-02-20,tomato
Tomato,Vegetables,30.0,23.4,19.7,9.9,Delhi,2022-02-21,tomato
Tomato,Vegetables,33.0,26.7,24.8,9.1,Delhi,2022-02-22,tomato
Tomato,Vegetables,34.4,23.6,19.6,10.9,Delhi,2022-02-23,tomato
Tomato,Vegetables,33.7,25.3,23.2,10.1,Delhi,2022-02-24,tomato
Tomato,Vegetables,30.4,27.1,22.7,7.8,Delhi,2022-02-25,tomato
Tomato,Vegetables,31.2,33.4,25.1,12.0,Delhi,2022-02-26,tomato
Tomato,Vegetables,31.2,34.7,26.5,14.8,Delhi,2022-02-27,tomato
Tomato,Vegetables,33.7,26.2,22.6,11.6,Delhi,2022-02-28,tomato
Tomato,Vegetables,33.7,26.1,20.1,12.4,Delhi,2022-03-01,tomato
Tomato,Vegetables,33.2,25.0,23.5,5.6,Delhi,2022-03-02,tomato
Tomato,Vegetables,31.5,33.2,26.3,12.4,Delhi,2022-03-03,tomato
Tomato,Vegetables,33.3,24.4,21.9,4.6,Delhi,2022-03-04,tomato
Tomato,Vegetables,30.5,32.1,30.3,5.2,Delhi,2022-03-05,tomato
Tomato,Vegetables,33.5,29.8,23.0,12.0,Delhi,2022-03-06,tomato
Tomato,Vegetables,30.6,28.4,23.2,7.4,Delhi,2022-03-07,tomato
Tomato,Vegetables,35.7,23.2,19.7,7.9,Delhi,2022-03-08,tomato
Tomato,Vegetables,35.0,26.7,23.1,5.9,Delhi,2022-03-09,tomato
Tomato,Vegetables,30.8,22.9,21.8,6.2,Delhi,2022-03-10,tomato
Tomato,Vegetables,34.5,25.4,22.5,7.5,Delhi,2022-03-11,tomato
Tomato,Vegetables,30.5,35.5,30.1,10.1,Delhi,2022-03-12,tomato
Tomato,Vegetables,34.5,29.3,22.9,9.5,Delhi,2022-03-13,tomato
Tomato,Vegetables,32.1,27.0,21.6,9.2,Delhi,2022-03-14,tomato
Tomato,Vegetables,29.8,28.4,25.8,7.0,Delhi,2022-03-15,tomato
Tomato,Vegetables,31.7,27.7,22.4,11.4,Delhi,2022-03-16,tomato
Tomato,Vegetables,32.8,31.1,24.3,13.5,Delhi,2022-03-17,tomato
Tomato,Vegetables,31.7,32.8,25.7,12.8,Delhi,2022-03-18,tomato
Tomato,Vegetables,32.5,38.6,28.7,16.3,Delhi,2022-03-19,tomato
Tomato,Vegetables,34.9,35.2,27.7,14.0,Delhi,2022-03-20,tomato
Tomato,Vegetables,30.0,27.4,22.2,9.2,Delhi,2022-03-21,tomato
Tomato,Vegetables,33.7,23.1,19.1,8.7,Delhi,2022-03-22,tomato
Tomato,Vegetables,34.4,26.2,21.8,9.3,Delhi,2022-03-23,tomato
Tomato,Vegetables,34.0,27.4,24.9,9.3,Delhi,2022-03-24,tomato
Tomato,Vegetables,34.5,23.6,18.6,7.7,Delhi,2022-03-25,tomato
Tomato,Vegetables,35.8,29.7,24.3,12.7,Delhi,2022-03-26,tomato
Tomato,Vegetables,32.6,33.8,27.5,11.9,Delhi,2022-03-27,tomato
Tomato,Vegetables,33.6,20.4,16.8,10.8,Delhi,2022-03-28,tomato
Tomato,Vegetables,35.0,32.0,25.0,11.5,Delhi,2022-03-29,tomato
Tomato,Vegetables,34.5,31.0,25.4,9.4,Delhi,2022-03-30,tomato
Tomato,Vegetables,32.3,24.8,19.1,13.2,Delhi,2022-03-31,tomato
Tomato,Vegetables,30.8,19.5,16.3,11.1,Delhi,2022-04-01,tomato
Tomato,Vegetables,32.8,27.4,21.1,12.3,Delhi,2022-04-02,tomato
Tomato,Vegetables,30.1,38.1,29.8,10.7,Delhi,2022-04-03,tomato
Tomato,Vegetables,31.0,33.2,25.9,11.5,Delhi,2022-04-04,tomato
Tomato,Vegetables,35.3,26.5,21.0,10.6,Delhi,2022-04-05,tomato
Tomato,Vegetables,31.5,23.3,22.1,4.4,Delhi,2022-04-06,tomato
Tomato,Vegetables,30.5,29.5,26.3,9.4,Delhi,2022-04-07,tomato
Tomato,Vegetables,35.2,27.6,22.3,12.0,Delhi,2022-04-08,tomato
Tomato,Vegetables,30.7,32.5,25.7,12.9,Delhi,2022-04-09,tomato
Tomato,Vegetables,35.6,28.4,22.9,10.0,Delhi,2022-04-10,tomato
Tomato,Vegetables,34.5,25.7,22.2,6.4,Delhi,2022-04-11,tomato
Tomato,Vegetables,30.5,28.8,21.4,13.1,Delhi,2022-04-12,tomato
Tomato,Vegetables,30.6,21.7,20.3,4.1,Delhi,2022-04-13,tomato
Tomato,Vegetables,34.3,22.9,17.8,13.0,Delhi,2022-04-14,tomato
Tomato,Vegetables,29.9,24.9,21.7,6.0,Delhi,2022-04-15,tomato
Tomato,Vegetables,35.8,36.2,26.9,16.5,Delhi,2022-04-16,tomato
Tomato,Vegetables,30.0,30.4,27.9,6.1,Delhi,2022-04-17,tomato
Tomato,Vegetables,33.9,31.2,24.2,14.1,Delhi,2022-04-18,tomato
Tomato,Vegetables,32.9,34.4,26.8,10.6,Delhi,2022-04-19,tomato
Tomato,Vegetables,34.2,25.8,22.4,7.7,Delhi,2022-04-20,tomato
Tomato,Vegetables,29.9,26.9,20.3,12.3,Delhi,2022-04-21,tomato
Tomato,Vegetables,35.8,24.2,21.5,8.8,Delhi,2022-04-22,tomato
Tomato,Vegetables,35.6,28.8,23.2,9.8,Delhi,2022-04-23,tomato
Tomato,Vegetables,31.2,34.1,25.3,15.3,Delhi,2022-04-24,tomato
Tomato,Vegetables,32.5,25.8,21.5,6.4,Delhi,2022-04-25,tomato
Tomato,Vegetables,35.5,19.8,16.3,5.6,Delhi,2022-04-26,tomato
Tomato,Vegetables,33.9,27.6,21.9,13.6,Delhi,2022-04-27,tomato
Tomato,Vegetables,31.6,23.2,21.2,4.6,Delhi,2022-04-28,tomato
Tomato,Vegetables,29.9,32.5,24.2,12.2,Delhi,2022-04-29,tomato
Tomato,Vegetables,34.6,30.0,27.8,9.6,Delhi,2022-04-30,tomato
Tomato,Vegetables,29.8,27.2,24.6,8.8,Delhi,2022-05-01,tomato
Tomato,Vegetables,35.2,30.3,23.7,10.5,Delhi,2022-05-02,tomato
Tomato,Vegetables,31.7,25.2,23.3,9.3,Delhi,2022-05-03,tomato
Tomato,Vegetables,33.3,25.1,20.5,11.6,Delhi,2022-05-04,tomato
Tomato,Vegetables,33.7,20.8,18.9,6.7,Delhi,2022-05-05,tomato
Tomato,Vegetables,30.1,23.5,18.9,7.6,Delhi,2022-05-06,tomato
Tomato,Vegetables,35.0,29.1,27.0,8.9,Delhi,2022-05-07,tomato
Tomato,Vegetables,35.1,27.6,26.0,9.6,Delhi,2022-05-08,tomato
Tomato,Vegetables,31.4,22.2,21.1,8.4,Delhi,2022-05-09,tomato
Tomato,Vegetables,31.2,22.4,18.6,9.5,Delhi,2022-05-10,tomato
Tomato,Vegetables,34.5,25.5,23.5,8.2,Delhi,2022-05-11,tomato
Tomato,Vegetables,35.3,20.1,18.7,4.1,Delhi,2022-05-12,tomato
Tomato,Vegetables,33.0,24.2,21.5,7.6,Delhi,2022-05-13,tomato
Tomato,Vegetables,32.8,27.3,21.5,13.5,Delhi,2022-05-14,tomato
Tomato,Vegetables,32.7,26.9,21.7,12.9,Delhi,2022-05-15,tomato
Tomato,Vegetables,34.3,21.6,19.4,9.6,Delhi,2022-05-16,tomato
Tomato,Vegetables,34.1,25.6,22.5,8.0,Delhi,2022-05-17,tomato
Tomato,Vegetables,31.4,21.9,20.4,8.1,Delhi,2022-05-18,tomato
Tomato,Vegetables,34.7,22.9,19.4,10.4,Delhi,2022-05-19,tomato
Tomato,Vegetables,29.9,26.5,20.5,13.5,Delhi,2022-05-20,tomato
Tomato,Vegetables,33.0,27.5,25.4,5.7,Delhi,2022-05-21,tomato
Tomato,Vegetables,34.6,26.3,24.7,5.3,Delhi,2022-05-22,tomato
Tomato,Vegetables,32.7,26.8,20.9,11.4,Delhi,2022-05-23,tomato
Tomato,Vegetables,33.8,30.0,22.9,9.3,Delhi,2022-05-24,tomato
Tomato,Vegetables,32.8,25.2,23.1,6.1,Delhi,2022-05-25,tomato
Tomato,Vegetables,29.9,30.6,23.5,14.2,Delhi,2022-05-26,tomato
Tomato,Vegetables,32.5,28.9,22.2,13.5,Delhi,2022-05-27,tomato
Tomato,Vegetables,32.1,35.0,26.0,15.9,Delhi,2022-05-28,tomato
Tomato,Vegetables,31.6,31.0,24.8,14.0,Delhi,2022-05-29,tomato
Tomato,Vegetables,31.0,34.1,26.5,13.1,Delhi,2022-05-30,tomato
Tomato,Vegetables,35.5,23.5,22.1,4.9,Delhi,2022-05-31,tomato
Tomato,Vegetables,31.5,23.9,20.3,11.4,Delhi,2022-06-01,tomato
Tomato,Vegetables,29.9,25.2,21.4,6.2,Delhi,2022-06-02,tomato
Tomato,Vegetables,35.6,24.1,19.8,11.2,Delhi,2022-06-03,tomato
Tomato,Vegetables,34.4,36.1,27.3,11.6,Delhi,2022-06-04,tomato
Tomato,Vegetables,35.2,31.1,25.8,8.9,Delhi,2022-06-05,tomato
Tomato,Vegetables,33.3,27.5,21.2,8.5,Delhi,2022-06-06,tomato
Tomato,Vegetables,30.6,23.5,17.6,10.6,Delhi,2022-06-07,tomato
Tomato,Vegetables,31.4,28.9,21.8,10.2,Delhi,2022-06-08,tomato
Tomato,Vegetables,33.1,23.6,20.6,9.4,Delhi,2022-06-09,tomato
Tomato,Vegetables,30.5,22.9,20.6,9.5,Delhi,2022-06-10,tomato
Tomato,Vegetables,35.3,30.0,23.5,12.0,Delhi,2022-06-11,tomato
Tomato,Vegetables,30.9,30.0,23.4,10.1,Delhi,2022-06-12,tomato
Tomato,Vegetables,35.7,23.6,18.3,13.3,Delhi,2022-06-13,tomato
Tomato,Vegetables,32.4,21.8,17.7,11.9,Delhi,2022-06-14,tomato
Tomato,Vegetables,29.6,27.9,24.5,7.1,Delhi,2022-06-15,tomato
Tomato,Vegetables,35.7,24.6,21.7,10.1,Delhi,2022-06-16,tomato
Tomato,Vegetables,32.6,23.7,21.1,8.9,Delhi,2022-06-17,tomato
Tomato,Vegetables,34.8,33.8,30.6,10.8,Delhi,2022-06-18,tomato
Tomato,Vegetables,30.1,28.8,25.8,6.7,Delhi,2022-06-19,tomato
Tomato,Vegetables,30.4,23.7,19.7,6.2,Delhi,2022-06-20,tomato
Tomato,Vegetables,30.8,20.9,16.2,11.6,Delhi,2022-06-21,tomato
Tomato,Vegetables,31.6,24.1,18.6,13.2,Delhi,2022-06-22,tomato
Tomato,Vegetables,31.3,28.0,21.8,10.3,Delhi,2022-06-23,tomato
Tomato,Vegetables,29.5,23.6,18.5,11.6,Delhi,2022-06-24,tomato
Tomato,Vegetables,35.5,35.4,30.0,10.3,Delhi,2022-06-25,tomato
Tomato,Vegetables,32.0,37.5,28.9,11.5,Delhi,2022-06-26,tomato
Tomato,Vegetables,35.7,22.0,17.5,11.2,Delhi,2022-06-27,tomato
Tomato,Vegetables,35.8,24.6,19.1,12.7,Delhi,2022-06-28,tomato
Tomato,Vegetables,30.5,23.7,22.4,4.1,Delhi,2022-06-29,tomato
Tomato,Vegetables,31.5,30.0,23.2,9.3,Delhi,2022-06-30,tomato
Tomato,Vegetables,33.8,29.9,22.4,10.2,Delhi,2022-07-01,tomato
Tomato,Vegetables,29.6,34.7,27.9,14.6,Delhi,2022-07-02,tomato
Tomato,Vegetables,34.4,32.6,27.9,9.3,Delhi,2022-07-03,tomato
Tomato,Vegetables,30.4,23.8,21.1,10.2,Delhi,2022-07-04,tomato
Tomato,Vegetables,29.5,21.7,17.7,10.6,Delhi,2022-07-05,tomato
Tomato,Vegetables,34.1,24.7,18.6,10.1,Delhi,2022-07-06,tomato
Tomato,Vegetables,34.2,34.5,26.0,11.3,Delhi,2022-07-07,tomato
Tomato,Vegetables,35.5,26.1,22.5,11.0,Delhi,2022-07-08,tomato
Tomato,Vegetables,29.7,36.6,31.0,12.1,Delhi,2022-07-09,tomato
Tomato,Vegetables,34.6,26.3,24.1,4.7,Delhi,2022-07-10,tomato
Tomato,Vegetables,33.5,30.6,25.0,12.7,Delhi,2022-07-11,tomato
Tomato,Vegetables,29.6,27.3,20.5,9.2,Delhi,2022-07-12,tomato
Tomato,Vegetables,33.2,25.6,21.4,11.2,Delhi,2022-07-13,tomato
Tomato,Vegetables,32.7,32.8,24.5,13.6,Delhi,2022-07-14,tomato
Tomato,Vegetables,32.4,28.2,21.7,13.5,Delhi,2022-07-15,tomato
Tomato,Vegetables,31.5,27.9,22.5,12.4,Delhi,2022-07-16,tomato
Tomato,Vegetables,30.6,31.2,27.2,8.7,Delhi,2022-07-17,tomato
Tomato,Vegetables,34.8,21.3,19.0,8.5,Delhi,2022-07-18,tomato
Tomato,Vegetables,32.5,30.6,24.9,11.6,Delhi,2022-07-19,tomato
Tomato,Vegetables,33.0,31.5,24.0,10.4,Delhi,2022-07-20,tomato
Tomato,Vegetables,33.2,26.5,22.4,7.8,Delhi,2022-07-21,tomato
Tomato,Vegetables,33.5,27.6,25.6,5.8,Delhi,2022-07-22,tomato
Tomato,Vegetables,29.6,34.4,27.0,14.9,Delhi,2022-07-23,tomato
Tomato,Vegetables,33.2,28.9,24.1,10.0,Delhi,2022-07-24,tomato
Tomato,Vegetables,29.7,29.5,23.0,10.2,Delhi,2022-07-25,tomato
Tomato,Vegetables,34.1,22.4,18.0,10.0,Delhi,2022-07-26,tomato
Tomato,Vegetables,34.0,26.6,25.2,8.4,Delhi,2022-07-27,tomato
Tomato,Vegetables,32.5,20.5,15.2,12.1,Delhi,2022-07-28,tomato
Tomato,Vegetables,31.4,30.3,23.6,11.3,Delhi,2022-07-29,tomato
Tomato,Vegetables,35.0,29.2,24.8,10.9,Delhi,2022-07-30,tomato
Tomato,Vegetables,30.6,29.1,25.6,9.8,Delhi,2022-07-31,tomato
Tomato,Vegetables,29.9,31.9,24.3,14.0,Delhi,2022-08-01,tomato
Tomato,Vegetables,32.8,21.4,19.8,8.6,Delhi,2022-08-02,tomato
Tomato,Vegetables,30.2,26.6,21.1,10.5,Delhi,2022-08-03,tomato
Tomato,Vegetables,35.2,22.7,20.8,8.8,Delhi,2022-08-04,tomato
Tomato,Vegetables,32.7,32.8,25.5,11.9,Delhi,2022-08-05,tomato
Tomato,Vegetables,30.9,29.4,22.2,11.1,Delhi,2022-08-06,tomato
Tomato,Vegetables,35.8,28.6,27.1,6.2,Delhi,2022-08-07,tomato
Tomato,Vegetables,32.7,28.6,24.6,6.9,Delhi,2022-08-08,tomato
Tomato,Vegetables,31.8,23.1,21.5,8.1,Delhi,2022-08-09,tomato
Tomato,Vegetables,33.7,27.3,20.5,11.1,Delhi,2022-08-10,tomato
Tomato,Vegetables,34.5,31.4,25.9,12.2,Delhi,2022-08-11,tomato
Tomato,Vegetables,29.7,27.5,25.6,4.5,Delhi,2022-08-12,tomato
Tomato,Vegetables,31.3,40.1,31.7,12.1,Delhi,2022-08-13,tomato
Tomato,Vegetables,33.6,31.3,28.8,4.6,Delhi,2022-08-14,tomato
Tomato,Vegetables,33.9,26.6,23.6,10.6,Delhi,2022-08-15,tomato
Tomato,Vegetables,35.0,30.0,24.9,13.0,Delhi,2022-08-16,tomato
Tomato,Vegetables,31.4,28.9,24.3,9.4,Delhi,2022-08-17,tomato
Tomato,Vegetables,29.9,25.2,22.6,5.5,Delhi,2022-08-18,tomato
Tomato,Vegetables,33.1,24.4,20.3,10.1,Delhi,2022-08-19,tomato
Tomato,Vegetables,34.2,32.0,24.6,12.3,Delhi,2022-08-20,tomato
Tomato,Vegetables,31.9,26.3,22.2,7.9,Delhi,2022-08-21,tomato
Tomato,Vegetables,30.3,31.7,27.1,8.4,Delhi,2022-08-22,tomato
Tomato,Vegetables,35.6,28.4,21.5,13.4,Delhi,2022-08-23,tomato
Tomato,Vegetables,31.7,28.8,23.4,8.7,Delhi,2022-08-24,tomato
Tomato,Vegetables,33.8,26.1,19.9,13.5,Delhi,2022-08-25,tomato
Tomato,Vegetables,34.9,27.7,21.6,12.2,Delhi,2022-08-26,tomato
Tomato,Vegetables,32.0,28.5,24.7,7.9,Delhi,2022-08-27,tomato
Tomato,Vegetables,33.1,26.0,23.4,5.7,Delhi,2022-08-28,tomato
Tomato,Vegetables,34.0,24.8,18.5,12.3,Delhi,2022-08-29,tomato
Tomato,Vegetables,32.2,23.2,21.4,6.1,Delhi,2022-08-30,tomato
Tomato,Vegetables,33.6,27.0,21.5,8.7,Delhi,2022-08-31,tomato
Tomato,Vegetables,33.4,25.7,22.9,6.0,Delhi,2022-09-01,tomato
Tomato,Vegetables,32.7,31.4,23.6,12.2,Delhi,2022-09-02,tomato
Tomato,Vegetables,31.5,25.7,23.3,6.7,Delhi,2022-09-03,tomato
Tomato,Vegetables,33.0,37.5,30.0,10.1,Delhi,2022-09-04,tomato
Tomato,Vegetables,33.9,23.4,17.7,7.9,Delhi,2022-09-05,tomato
Tomato,Vegetables,33.0,30.1,25.8,11.2,Delhi,2022-09-06,tomato
Tomato,Vegetables,32.9,27.9,23.8,10.4,Delhi,2022-09-07,tomato
Tomato,Vegetables,35.4,23.8,19.7,6.4,Delhi,2022-09-08,tomato
Tomato,Vegetables,33.8,23.1,20.6,7.2,Delhi,2022-09-09,tomato
Tomato,Vegetables,33.6,27.1,20.6,13.1,Delhi,2022-09-10,tomato
Tomato,Vegetables,33.3,31.7,25.2,11.0,Delhi,2022-09-11,tomato
Tomato,Vegetables,31.8,26.9,23.1,10.0,Delhi,2022-09-12,tomato
Tomato,Vegetables,31.4,27.1,21.0,8.7,Delhi,2022-09-13,tomato
Tomato,Vegetables,33.4,29.1,23.1,11.2,Delhi,2022-09-14,tomato
Tomato,Vegetables,33.0,26.2,24.5,5.2,Delhi,2022-09-15,tomato
Tomato,Vegetables,34.1,27.4,21.6,11.9,Delhi,2022-09-16,tomato
Tomato,Vegetables,35.8,34.5,26.8,13.5,Delhi,2022-09-17,tomato
Tomato,Vegetables,30.2,29.3,22.4,11.6,Delhi,2022-09-18,tomato
Tomato,Vegetables,32.9,26.7,19.9,13.8,Delhi,2022-09-19,tomato
Tomato,Vegetables,34.5,26.2,22.3,6.6,Delhi,2022-09-20,tomato
Tomato,Vegetables,34.2,22.1,19.9,7.7,Delhi,2022-09-21,tomato
Tomato,Vegetables,34.2,18.7,16.8,6.9,Delhi,2022-09-22,tomato
Tomato,Vegetables,34.9,26.1,19.6,14.3,Delhi,2022-09-23,tomato
Tomato,Vegetables,32.8,35.8,30.1,8.6,Delhi,2022-09-24,tomato
Tomato,Vegetables,29.9,38.4,32.5,9.0,Delhi,2022-09-25,tomato
Tomato,Vegetables,35.1,24.3,22.8,7.2,Delhi,2022-09-26,tomato
Tomato,Vegetables,33.4,29.7,25.1,10.5,Delhi,2022-09-27,tomato
Tomato,Vegetables,34.9,23.5,20.8,7.6,Delhi,2022-09-28,tomato
Tomato,Vegetables,35.5,32.7,25.2,9.7,Delhi,2022-09-29,tomato
Tomato,Vegetables,34.5,28.4,22.0,11.8,Delhi,2022-09-30,tomato
Tomato,Vegetables,32.0,25.3,22.1,7.0,Delhi,2022-10-01,tomato
Tomato,Vegetables,34.8,30.0,26.4,10.4,Delhi,2022-10-02,tomato
Tomato,Vegetables,29.7,26.5,23.8,7.8,Delhi,2022-10-03,tomato
Tomato,Vegetables,32.0,18.9,17.9,5.6,Delhi,2022-10-04,tomato
Tomato,Vegetables,31.4,30.2,24.7,13.1,Delhi,2022-10-05,tomato
Tomato,Vegetables,31.4,29.1,22.8,10.8,Delhi,2022-10-06,tomato
Tomato,Vegetables,31.3,26.9,20.9,13.7,Delhi,2022-10-07,tomato
Tomato,Vegetables,35.8,37.3,28.8,15.3,Delhi,2022-10-08,tomato
Tomato,Vegetables,35.8,35.0,27.1,13.9,Delhi,2022-10-09,tomato
Tomato,Vegetables,31.8,28.1,24.6,5.7,Delhi,2022-10-10,tomato
Tomato,Vegetables,31.5,30.5,22.8,14.5,Delhi,2022-10-11,tomato
Tomato,Vegetables,30.6,27.2,20.3,12.6,Delhi,2022-10-12,tomato
Tomato,Vegetables,33.6,28.7,22.0,10.7,Delhi,2022-10-13,tomato
Tomato,Vegetables,33.0,24.9,22.9,8.6,Delhi,2022-10-14,tomato
Tomato,Vegetables,33.1,33.6,25.8,14.8,Delhi,2022-10-15,tomato
Tomato,Vegetables,29.5,29.0,24.4,12.0,Delhi,2022-10-16,tomato
Tomato,Vegetables,29.5,25.4,21.2,11.5,Delhi,2022-10-17,tomato
Tomato,Vegetables,35.4,27.2,23.7,7.2,Delhi,2022-10-18,tomato
Tomato,Vegetables,29.8,28.7,23.9,9.5,Delhi,2022-10-19,tomato
Tomato,Vegetables,31.8,23.7,21.3,10.1,Delhi,2022-10-20,tomato
Tomato,Vegetables,35.6,21.1,20.1,4.0,Delhi,2022-10-21,tomato
Tomato,Vegetables,35.1,34.8,27.2,11.1,Delhi,2022-10-22,tomato
Tomato,Vegetables,30.1,25.2,19.5,13.6,Delhi,2022-10-23,tomato
Tomato,Vegetables,33.7,22.1,19.8,4.7,Delhi,2022-10-24,tomato
Tomato,Vegetables,34.1,20.0,18.3,4.3,Delhi,2022-10-25,tomato
Tomato,Vegetables,31.7,30.7,23.4,15.0,Delhi,2022-10-26,tomato
Tomato,Vegetables,30.6,30.9,23.4,12.7,Delhi,2022-10-27,tomato
Tomato,Vegetables,30.5,20.1,18.9,3.7,Delhi,2022-10-28,tomato
Tomato,Vegetables,32.2,38.3,29.5,12.7,Delhi,2022-10-29,tomato
Tomato,Vegetables,34.3,27.0,24.8,9.4,Delhi,2022-10-30,tomato
Tomato,Vegetables,35.6,22.5,19.6,10.8,Delhi,2022-10-31,tomato
Tomato,Vegetables,34.3,27.8,21.4,11.6,Delhi,2022-11-01,tomato
Tomato,Vegetables,33.0,25.5,21.5,8.4,Delhi,2022-11-02,tomato
Tomato,Vegetables,29.6,33.8,26.3,13.2,Delhi,2022-11-03,tomato
Tomato,Vegetables,31.6,25.0,23.7,8.7,Delhi,2022-11-04,tomato
Tomato,Vegetables,32.2,24.0,22.0,4.5,Delhi,2022-11-05,tomato
Tomato,Vegetables,34.6,32.8,26.4,12.1,Delhi,2022-11-06,tomato
Tomato,Vegetables,35.3,22.5,20.3,6.7,Delhi,2022-11-07,tomato
Tomato,Vegetables,35.0,26.8,20.4,11.9,Delhi,2022-11-08,tomato
Tomato,Vegetables,33.7,24.8,22.2,8.8,Delhi,2022-11-09,tomato
Tomato,Vegetables,34.4,29.2,23.5,9.3,Delhi,2022-11-10,tomato
Tomato,Vegetables,32.0,22.4,18.9,6.5,Delhi,2022-11-11,tomato
Tomato,Vegetables,32.6,27.2,25.5,9.4,Delhi,2022-11-12,tomato
Tomato,Vegetables,31.0,27.4,24.7,8.9,Delhi,2022-11-13,tomato
Tomato,Vegetables,30.2,27.7,22.4,7.3,Delhi,2022-11-14,tomato
Tomato,Vegetables,32.4,27.3,22.8,11.5,Delhi,2022-11-15,tomato
Tomato,Vegetables,34.6,24.8,21.8,10.2,Delhi,2022-11-16,tomato
Tomato,Vegetables,33.5,25.3,21.3,9.8,Delhi,2022-11-17,tomato
Tomato,Vegetables,33.7,20.4,18.2,6.3,Delhi,2022-11-18,tomato
Tomato,Vegetables,30.4,34.3,26.9,12.1,Delhi,2022-11-19,tomato
Tomato,Vegetables,30.1,30.9,26.1,8.6,Delhi,2022-11-20,tomato
Tomato,Vegetables,34.4,25.9,21.1,12.7,Delhi,2022-11-21,tomato
Tomato,Vegetables,30.0,21.8,20.1,9.6,Delhi,2022-11-22,tomato
Tomato,Vegetables,32.0,27.7,24.2,6.8,Delhi,2022-11-23,tomato
Tomato,Vegetables,31.2,30.8,24.1,13.7,Delhi,2022-11-24,tomato
Tomato,Vegetables,33.9,20.4,17.3,10.6,Delhi,2022-11-25,tomato
Tomato,Vegetables,35.0,27.3,23.8,7.5,Delhi,2022-11-26,tomato
Tomato,Vegetables,34.4,36.0,30.6,8.9,Delhi,2022-11-27,tomato
Tomato,Vegetables,30.6,19.2,17.6,3.7,Delhi,2022-11-28,tomato
Tomato,Vegetables,31.2,22.3,20.8,5.5,Delhi,2022-11-29,tomato
Tomato,Vegetables,32.8,26.5,19.9,10.7,Delhi,2022-11-30,tomato
Tomato,Vegetables,29.6,29.6,25.7,7.7,Delhi,2022-12-01,tomato
Tomato,Vegetables,35.3,22.7,19.9,10.6,Delhi,2022-12-02,tomato
Tomato,Vegetables,34.8,31.1,27.8,9.7,Delhi,2022-12-03,tomato
Tomato,Vegetables,31.7,37.3,31.2,8.7,Delhi,2022-12-04,tomato
Tomato,Vegetables,31.3,18.4,16.0,7.2,Delhi,2022-12-05,tomato
Tomato,Vegetables,34.2,31.8,26.8,10.0,Delhi,2022-12-06,tomato
Tomato,Vegetables,33.9,29.0,21.7,11.4,Delhi,2022-12-07,tomato
Tomato,Vegetables,31.1,32.1,25.5,9.7,Delhi,2022-12-08,tomato
Tomato,Vegetables,35.2,30.6,25.1,7.8,Delhi,2022-12-09,tomato
Tomato,Vegetables,34.0,29.2,22.7,14.4,Delhi,2022-12-10,tomato
Tomato,Vegetables,32.1,33.1,29.3,6.9,Delhi,2022-12-11,tomato
Tomato,Vegetables,30.3,30.2,22.5,11.3,Delhi,2022-12-12,tomato
Tomato,Vegetables,34.3,23.0,17.4,10.4,Delhi,2022-12-13,tomato
Tomato,Vegetables,33.1,23.3,20.9,6.3,Delhi,2022-12-14,tomato
Tomato,Vegetables,34.2,23.4,21.6,8.9,Delhi,2022-12-15,tomato
Tomato,Vegetables,34.2,20.3,15.9,7.5,Delhi,2022-12-16,tomato
Tomato,Vegetables,32.6,37.5,27.8,15.4,Delhi,2022-12-17,tomato
Tomato,Vegetables,32.7,29.6,25.0,6.7,Delhi,2022-12-18,tomato
Tomato,Vegetables,34.6,31.4,24.3,14.7,Delhi,2022-12-19,tomato
Tomato,Vegetables,31.9,30.2,25.6,12.5,Delhi,2022-12-20,tomato
Tomato,Vegetables,33.7,23.5,20.5,7.3,Delhi,2022-12-21,tomato
Tomato,Vegetables,31.5,30.9,23.5,12.5,Delhi,2022-12-22,tomato
Tomato,Vegetables,35.5,22.6,20.7,5.2,Delhi,2022-12-23,tomato
Tomato,Vegetables,33.5,27.9,25.3,6.9,Delhi,2022-12-24,tomato
Tomato,Vegetables,34.5,40.8,30.8,16.0,Delhi,2022-12-25,tomato
Tomato,Vegetables,35.5,24.8,22.1,6.8,Delhi,2022-12-26,tomato
Tomato,Vegetables,34.8,27.3,22.7,6.7,Delhi,2022-12-27,tomato
Tomato,Vegetables,31.2,27.4,25.0,4.7,Delhi,2022-12-28,tomato
Tomato,Vegetables,34.4,27.5,20.5,11.5,Delhi,2022-12-29,tomato
Tomato,Vegetables,30.3,25.1,20.0,12.0,Delhi,2022-12-30,tomato
Tomato,Vegetables,31.2,30.6,24.3,9.0,Delhi,2022-12-31,tomato
Tomato,Vegetables,32.2,34.4,28.5,12.3,Delhi,2023-01-01,tomato
Tomato,Vegetables,33.6,26.0,20.8,8.0,Delhi,2023-01-02,tomato
Tomato,Vegetables,32.5,27.5,22.8,6.9,Delhi,2023-01-03,tomato
Tomato,Vegetables,29.9,24.5,21.2,9.1,Delhi,2023-01-04,tomato
Tomato,Vegetables,30.9,27.0,24.4,7.1,Delhi,2023-01-05,tomato
Tomato,Vegetables,29.8,22.4,18.8,6.2,Delhi,2023-01-06,tomato
Tomato,Vegetables,32.0,27.0,25.2,8.0,Delhi,2023-01-07,tomato
Tomato,Vegetables,31.2,30.4,25.2,7.2,Delhi,2023-01-08,tomato
Tomato,Vegetables,35.4,25.4,21.2,6.8,Delhi,2023-01-09,tomato
Tomato,Vegetables,31.6,24.1,22.2,6.7,Delhi,2023-01-10,tomato
Tomato,Vegetables,31.4,26.2,20.5,10.6,Delhi,2023-01-11,tomato
Tomato,Vegetables,34.9,27.6,23.4,8.8,Delhi,2023-01-12,tomato
Tomato,Vegetables,35.0,21.1,19.3,6.7,Delhi,2023-01-13,tomato
Tomato,Vegetables,33.2,38.4,28.9,15.8,Delhi,2023-01-14,tomato
Tomato,Vegetables,35.1,22.6,21.1,6.5,Delhi,2023-01-15,tomato
Tomato,Vegetables,33.1,24.8,19.9,7.8,Delhi,2023-01-16,tomato
Tomato,Vegetables,29.9,28.1,23.6,10.1,Delhi,2023-01-17,tomato
Tomato,Vegetables,35.6,25.6,23.0,5.5,Delhi,2023-01-18,tomato
Tomato,Vegetables,33.3,28.9,25.9,9.2,Delhi,2023-01-19,tomato
Tomato,Vegetables,30.2,33.4,25.7,11.8,Delhi,2023-01-20,tomato
Tomato,Vegetables,30.8,32.4,24.2,14.8,Delhi,2023-01-21,tomato
Tomato,Vegetables,34.6,25.7,24.0,4.4,Delhi,2023-01-22,tomato
Tomato,Vegetables,30.9,21.1,18.5,10.6,Delhi,2023-01-23,tomato
Tomato,Vegetables,32.1,26.4,23.5,5.8,Delhi,2023-01-24,tomato
Tomato,Vegetables,31.0,30.2,23.0,13.2,Delhi,2023-01-25,tomato
Tomato,Vegetables,32.3,23.0,20.5,7.9,Delhi,2023-01-26,tomato
Tomato,Vegetables,34.5,26.1,23.1,6.3,Delhi,2023-01-27,tomato
Tomato,Vegetables,32.5,33.0,27.0,11.1,Delhi,2023-01-28,tomato
Tomato,Vegetables,35.0,29.6,23.3,9.2,Delhi,2023-01-29,tomato
Tomato,Vegetables,32.1,31.3,24.7,11.4,Delhi,2023-01-30,tomato
Tomato,Vegetables,34.7,23.2,19.8,10.2,Delhi,2023-01-31,tomato
Tomato,Vegetables,29.6,25.8,23.8,8.1,Delhi,2023-02-01,tomato
Tomato,Vegetables,34.1,25.0,20.0,11.9,Delhi,2023-02-02,tomato
Tomato,Vegetables,32.7,26.7,22.2,9.6,Delhi,2023-02-03,tomato
Tomato,Vegetables,35.3,31.1,27.7,9.6,Delhi,2023-02-04,tomato
Tomato,Vegetables,31.0,32.4,27.5,11.9,Delhi,2023-02-05,tomato
Tomato,Vegetables,34.4,21.2,19.4,6.6,Delhi,2023-02-06,tomato
Tomato,Vegetables,29.6,30.8,27.5,10.2,Delhi,2023-02-07,tomato
Tomato,Vegetables,29.8,22.3,21.0,3.5,Delhi,2023-02-08,tomato
Tomato,Vegetables,31.2,26.4,19.6,14.8,Delhi,2023-02-09,tomato
Tomato,Vegetables,32.8,26.4,21.6,12.4,Delhi,2023-02-10,tomato
Tomato,Vegetables,34.4,29.8,26.6,7.8,Delhi,2023-02-11,tomato
Tomato,Vegetables,32.8,30.5,24.1,9.3,Delhi,2023-02-12,tomato
Tomato,Vegetables,29.9,27.9,23.1,10.8,Delhi,2023-02-13,tomato
Tomato,Vegetables,34.0,26.2,22.0,7.7,Delhi,2023-02-14,tomato
Tomato,Vegetables,32.5,23.6,17.9,11.5,Delhi,2023-02-15,tomato
Tomato,Vegetables,32.0,23.3,21.5,8.3,Delhi,2023-02-16,tomato
Tomato,Vegetables,31.5,32.1,25.5,11.8,Delhi,2023-02-17,tomato
Tomato,Vegetables,33.5,33.8,31.5,8.3,Delhi,2023-02-18,tomato
Tomato,Vegetables,30.7,34.3,27.3,13.5,Delhi,2023-02-19,tomato
Tomato,Vegetables,34.0,16.3,15.1,5.5,Delhi,2023-02-20,tomato
Tomato,Vegetables,31.2,29.6,26.7,7.9,Delhi,2023-02-21,tomato
Tomato,Vegetables,35.1,23.2,18.3,11.3,Delhi,2023-02-22,tomato
Tomato,Vegetables,34.9,26.6,24.9,4.0,Delhi,2023-02-23,tomato
Tomato,Vegetables,31.6,22.8,20.6,7.3,Delhi,2023-02-24,tomato
Tomato,Vegetables,30.6,31.2,26.0,8.6,Delhi,2023-02-25,tomato
Tomato,Vegetables,33.5,34.6,26.9,12.7,Delhi,2023-02-26,tomato
Tomato,Vegetables,31.3,25.6,20.2,10.1,Delhi,2023-02-27,tomato
Tomato,Vegetables,35.2,28.1,21.2,9.7,Delhi,2023-02-28,tomato
Tomato,Vegetables,35.8,27.6,21.3,8.4,Delhi,2023-03-01,tomato
Tomato,Vegetables,35.7,26.0,21.9,11.6,Delhi,2023-03-02,tomato
Tomato,Vegetables,31.9,24.3,21.0,11.0,Delhi,2023-03-03,tomato
Tomato,Vegetables,33.9,38.5,29.6,14.2,Delhi,2023-03-04,tomato
Tomato,Vegetables,35.3,31.0,24.2,8.9,Delhi,2023-03-05,tomato
Tomato,Vegetables,34.7,24.8,21.6,8.8,Delhi,2023-03-06,tomato
Tomato,Vegetables,34.2,33.1,25.1,12.2,Delhi,2023-03-07,tomato
Tomato,Vegetables,32.9,27.2,24.7,7.3,Delhi,2023-03-08,tomato
Tomato,Vegetables,30.4,24.3,18.6,9.8,Delhi,2023-03-09,tomato
Tomato,Vegetables,31.3,30.1,25.1,8.1,Delhi,2023-03-10,tomato
Tomato,Vegetables,30.7,29.2,26.3,5.1,Delhi,2023-03-11,tomato
Tomato,Vegetables,32.4,38.8,30.5,12.4,Delhi,2023-03-12,tomato
Tomato,Vegetables,31.0,27.8,23.6,7.8,Delhi,2023-03-13,tomato
Tomato,Vegetables,33.1,27.7,21.4,8.4,Delhi,2023-03-14,tomato
Tomato,Vegetables,33.0,27.2,20.5,12.2,Delhi,2023-03-15,tomato
Tomato,Vegetables,32.7,31.1,23.2,10.7,Delhi,2023-03-16,tomato
Tomato,Vegetables,34.2,22.4,21.3,6.2,Delhi,2023-03-17,tomato
Tomato,Vegetables,30.4,37.5,30.8,13.1,Delhi,2023-03-18,tomato
Tomato,Vegetables,32.8,25.0,23.2,8.9,Delhi,2023-03-19,tomato
Tomato,Vegetables,29.8,26.6,23.4,10.8,Delhi,2023-03-20,tomato
Tomato,Vegetables,32.4,21.5,19.0,7.6,Delhi,2023-03-21,tomato
Tomato,Vegetables,33.5,31.3,23.4,13.3,Delhi,2023-03-22,tomato
Tomato,Vegetables,30.1,21.4,19.0,7.4,Delhi,2023-03-23,tomato
Tomato,Vegetables,31.5,23.1,20.3,10.6,Delhi,2023-03-24,tomato
Tomato,Vegetables,33.2,29.5,22.8,14.0,Delhi,2023-03-25,tomato
Tomato,Vegetables,33.8,26.5,22.5,10.6,Delhi,2023-03-26,tomato
Tomato,Vegetables,35.4,28.2,21.6,10.8,Delhi,2023-03-27,tomato
Tomato,Vegetables,31.3,26.5,21.7,8.4,Delhi,2023-03-28,tomato
Tomato,Vegetables,30.4,26.7,22.4,7.1,Delhi,2023-03-29,tomato
Tomato,Vegetables,32.7,29.9,23.5,9.9,Delhi,2023-03-30,tomato
Tomato,Vegetables,31.8,27.2,20.8,9.8,Delhi,2023-03-31,tomato
Tomato,Vegetables,29.6,28.2,23.3,10.4,Delhi,2023-04-01,tomato
Tomato,Vegetables,31.5,28.8,25.0,6.7,Delhi,2023-04-02,tomato
Tomato,Vegetables,30.9,26.3,22.6,8.7,Delhi,2023-04-03,tomato
Tomato,Vegetables,30.0,27.4,23.4,7.1,Delhi,2023-04-04,tomato
Tomato,Vegetables,30.9,26.0,20.5,7.8,Delhi,2023-04-05,tomato
Tomato,Vegetables,32.7,31.9,24.8,13.2,Delhi,2023-04-06,tomato
Tomato,Vegetables,31.9,25.7,20.7,10.8,Delhi,2023-04-07,tomato
Tomato,Vegetables,31.6,35.0,29.2,10.6,Delhi,2023-04-08,tomato
Tomato,Vegetables,31.9,27.4,24.1,10.8,Delhi,2023-04-09,tomato
Tomato,Vegetables,34.2,32.3,25.5,10.4,Delhi,2023-04-10,tomato
Tomato,Vegetables,30.6,27.8,21.4,13.3,Delhi,2023-04-11,tomato
Tomato,Vegetables,35.8,26.6,21.1,11.0,Delhi,2023-04-12,tomato
Tomato,Vegetables,34.0,22.4,20.5,3.9,Delhi,2023-04-13,tomato
Tomato,Vegetables,30.0,24.1,18.4,8.2,Delhi,2023-04-14,tomato
Tomato,Vegetables,32.3,30.1,22.5,12.6,Delhi,2023-04-15,tomato
Tomato,Vegetables,30.3,30.9,29.3,9.4,Delhi,2023-04-16,tomato
Tomato,Vegetables,33.1,22.6,17.9,9.7,Delhi,2023-04-17,tomato
Tomato,Vegetables,35.6,33.4,25.5,15.1,Delhi,2023-04-18,tomato
Tomato,Vegetables,29.6,28.7,25.3,6.9,Delhi,2023-04-19,tomato
Tomato,Vegetables,29.5,25.0,21.7,5.9,Delhi,2023-04-20,tomato
Tomato,Vegetables,35.8,29.7,22.9,12.2,Delhi,2023-04-21,tomato
Tomato,Vegetables,34.4,30.0,27.2,9.1,Delhi,2023-04-22,tomato
Tomato,Vegetables,33.1,37.0,29.2,13.1,Delhi,2023-04-23,tomato
Tomato,Vegetables,35.6,31.1,23.9,11.5,Delhi,2023-04-24,tomato
Tomato,Vegetables,31.5,32.7,27.2,11.0,Delhi,2023-04-25,tomato
Tomato,Vegetables,30.9,30.6,25.0,10.7,Delhi,2023-04-26,tomato
Tomato,Vegetables,31.3,31.5,23.8,14.2,Delhi,2023-04-27,tomato
Tomato,Vegetables,32.5,19.8,18.5,4.5,Delhi,2023-04-28,tomato
Tomato,Vegetables,29.9,36.8,30.6,11.9,Delhi,2023-04-29,tomato
Tomato,Vegetables,31.9,29.8,23.3,8.7,Delhi,2023-04-30,tomato
Tomato,Vegetables,33.5,25.7,21.8,7.0,Delhi,2023-05-01,tomato
Tomato,Vegetables,32.8,24.0,20.7,6.2,Delhi,2023-05-02,tomato
Tomato,Vegetables,33.2,32.8,25.3,12.9,Delhi,2023-05-03,tomato
Tomato,Vegetables,30.5,28.6,22.0,14.1,Delhi,2023-05-04,tomato
Tomato,Vegetables,33.3,28.7,21.8,9.4,Delhi,2023-05-05,tomato
Tomato,Vegetables,30.9,35.5,29.7,9.9,Delhi,2023-05-06,tomato
Tomato,Vegetables,30.5,31.3,24.2,9.2,Delhi,2023-05-07,tomato
Tomato,Vegetables,31.6,22.8,20.7,7.1,Delhi,2023-05-08,tomato
Tomato,Vegetables,32.2,25.3,21.0,10.7,Delhi,2023-05-09,tomato
Tomato,Vegetables,35.2,24.2,22.4,8.1,Delhi,2023-05-10,tomato
Tomato,Vegetables,33.0,21.3,16.7,8.7,Delhi,2023-05-11,tomato
Tomato,Vegetables,32.0,23.8,20.4,5.5,Delhi,2023-05-12,tomato
Tomato,Vegetables,33.0,36.7,28.1,10.8,Delhi,2023-05-13,tomato
Tomato,Vegetables,33.4,29.2,25.5,11.7,Delhi,2023-05-14,tomato
Tomato,Vegetables,29.9,28.8,25.9,10.2,Delhi,2023-05-15,tomato
Tomato,Vegetables,31.3,26.9,20.8,12.2,Delhi,2023-05-16,tomato
Tomato,Vegetables,32.4,29.7,24.6,8.2,Delhi,2023-05-17,tomato
Tomato,Vegetables,30.2,31.2,24.6,14.1,Delhi,2023-05-18,tomato
Tomato,Vegetables,35.1,28.7,22.4,13.7,Delhi,2023-05-19,tomato
Tomato,Vegetables,30.5,32.1,29.3,10.3,Delhi,2023-05-20,tomato
Tomato,Vegetables,29.5,34.8,29.5,7.4,Delhi,2023-05-21,tomato
Tomato,Vegetables,32.8,33.8,26.4,14.0,Delhi,2023-05-22,tomato
Tomato,Vegetables,34.1,19.7,18.2,6.0,Delhi,2023-05-23,tomato
Tomato,Vegetables,34.7,27.6,24.7,6.9,Delhi,2023-05-24,tomato
Tomato,Vegetables,35.6,31.2,23.9,10.3,Delhi,2023-05-25,tomato
Tomato,Vegetables,32.9,16.9,14.2,8.6,Delhi,2023-05-26,tomato
Tomato,Vegetables,35.6,30.7,23.4,14.6,Delhi,2023-05-27,tomato
Tomato,Vegetables,33.9,30.3,25.2,12.2,Delhi,2023-05-28,tomato
Tomato,Vegetables,35.3,24.1,20.3,7.6,Delhi,2023-05-29,tomato
Tomato,Vegetables,31.6,23.6,17.8,10.3,Delhi,2023-05-30,tomato
Tomato,Vegetables,35.8,24.4,22.5,5.0,Delhi,2023-05-31,tomato
Tomato,Vegetables,32.7,27.2,20.9,10.9,Delhi,2023-06-01,tomato
Tomato,Vegetables,34.9,26.6,23.5,7.9,Delhi,2023-06-02,tomato
Tomato,Vegetables,31.2,28.8,25.0,10.5,Delhi,2023-06-03,tomato
Tomato,Vegetables,34.2,24.3,21.0,11.3,Delhi,2023-06-04,tomato
Tomato,Vegetables,35.7,25.2,21.5,7.6,Delhi,2023-06-05,tomato
Tomato,Vegetables,29.5,30.9,24.9,11.3,Delhi,2023-06-06,tomato
Tomato,Vegetables,33.5,23.7,18.8,9.1,Delhi,2023-06-07,tomato
Tomato,Vegetables,32.7,26.0,22.4,5.7,Delhi,2023-06-08,tomato
Tomato,Vegetables,35.0,28.8,21.9,10.2,Delhi,2023-06-09,tomato
Tomato,Vegetables,32.1,26.2,22.5,6.2,Delhi,2023-06-10,tomato
Tomato,Vegetables,32.2,29.3,24.5,7.4,Delhi,2023-06-11,tomato
Tomato,Vegetables,35.2,26.3,21.1,7.5,Delhi,2023-06-12,tomato
Tomato,Vegetables,34.7,20.4,18.1,7.9,Delhi,2023-06-13,tomato
Tomato,Vegetables,30.0,22.3,20.9,7.2,Delhi,2023-06-14,tomato
Tomato,Vegetables,35.7,19.3,14.5,8.2,Delhi,2023-06-15,tomato
Tomato,Vegetables,31.0,27.8,21.0,12.7,Delhi,2023-06-16,tomato
Tomato,Vegetables,29.8,33.9,29.9,8.3,Delhi,2023-06-17,tomato
Tomato,Vegetables,30.7,34.8,28.1,12.7,Delhi,2023-06-18,tomato
Tomato,Vegetables,29.9,27.3,25.7,6.9,Delhi,2023-06-19,tomato
Tomato,Vegetables,33.4,29.5,25.0,11.9,Delhi,2023-06-20,tomato
Tomato,Vegetables,31.5,28.0,22.7,13.2,Delhi,2023-06-21,tomato
Tomato,Vegetables,30.9,24.5,21.0,8.3,Delhi,2023-06-22,tomato
Tomato,Vegetables,35.0,27.3,24.9,6.9,Delhi,2023-06-23,tomato
Tomato,Vegetables,30.4,33.5,25.1,11.5,Delhi,2023-06-24,tomato
Tomato,Vegetables,32.1,28.9,27.2,4.7,Delhi,2023-06-25,tomato
Tomato,Vegetables,31.9,27.6,22.3,9.3,Delhi,2023-06-26,tomato
Tomato,Vegetables,34.0,26.2,22.4,8.8,Delhi,2023-06-27,tomato
Tomato,Vegetables,33.1,20.0,18.7,8.8,Delhi,2023-06-28,tomato
Tomato,Vegetables,34.5,27.3,25.8,6.5,Delhi,2023-06-29,tomato
Tomato,Vegetables,32.2,18.9,16.3,9.5,Delhi,2023-06-30,tomato
Tomato,Vegetables,30.6,33.5,26.7,8.9,Delhi,2023-07-01,tomato
Tomato,Vegetables,32.9,24.6,21.6,9.5,Delhi,2023-07-02,tomato
Tomato,Vegetables,32.4,27.3,21.0,12.6,Delhi,2023-07-03,tomato
Tomato,Vegetables,34.7,31.3,24.2,12.0,Delhi,2023-07-04,tomato
Tomato,Vegetables,31.8,21.9,20.3,8.8,Delhi,2023-07-05,tomato
Tomato,Vegetables,32.0,27.7,25.4,8.2,Delhi,2023-07-06,tomato
Tomato,Vegetables,35.1,23.3,21.6,7.9,Delhi,2023-07-07,tomato
Tomato,Vegetables,33.3,32.3,29.0,10.7,Delhi,2023-07-08,tomato
Tomato,Vegetables,30.0,32.0,24.2,10.0,Delhi,2023-07-09,tomato
Tomato,Vegetables,32.2,27.9,21.3,10.1,Delhi,2023-07-10,tomato
Tomato,Vegetables,30.1,25.8,21.9,10.2,Delhi,2023-07-11,tomato
Tomato,Vegetables,31.0,24.7,19.6,13.1,Delhi,2023-07-12,tomato
Tomato,Vegetables,35.0,30.4,22.6,13.2,Delhi,2023-07-13,tomato
Tomato,Vegetables,31.2,30.1,22.7,14.5,Delhi,2023-07-14,tomato
Tomato,Vegetables,30.0,29.9,26.1,7.9,Delhi,2023-07-15,tomato
Tomato,Vegetables,31.5,33.6,27.9,11.2,Delhi,2023-07-16,tomato
Tomato,Vegetables,32.2,27.3,26.0,9.0,Delhi,2023-07-17,tomato
Tomato,Vegetables,34.0,25.2,20.0,9.7,Delhi,2023-07-18,tomato
Tomato,Vegetables,35.6,25.7,22.7,8.6,Delhi,2023-07-19,tomato
Tomato,Vegetables,32.8,28.9,23.9,10.6,Delhi,2023-07-20,tomato
Tomato,Vegetables,35.8,19.7,16.2,9.2,Delhi,2023-07-21,tomato
Tomato,Vegetables,31.4,34.5,27.8,12.4,Delhi,2023-07-22,tomato
Tomato,Vegetables,35.2,32.4,27.3,7.9,Delhi,2023-07-23,tomato
Tomato,Vegetables,31.5,20.7,19.4,5.2,Delhi,2023-07-24,tomato
Tomato,Vegetables,29.9,25.6,20.8,8.2,Delhi,2023-07-25,tomato
Tomato,Vegetables,30.6,27.2,22.3,9.0,Delhi,2023-07-26,tomato
Tomato,Vegetables,34.1,26.2,24.5,5.1,Delhi,2023-07-27,tomato
Tomato,Vegetables,33.1,29.7,22.6,14.0,Delhi,2023-07-28,tomato
Tomato,Vegetables,33.8,34.8,31.2,9.2,Delhi,2023-07-29,tomato
Tomato,Vegetables,32.6,33.9,29.1,12.1,Delhi,2023-07-30,tomato
Tomato,Vegetables,34.7,26.0,19.5,11.2,Delhi,2023-07-31,tomato
Tomato,Vegetables,34.6,22.3,19.6,9.9,Delhi,2023-08-01,tomato
Tomato,Vegetables,34.8,35.0,26.1,13.6,Delhi,2023-08-02,tomato
Tomato,Vegetables,32.6,28.3,22.3,10.3,Delhi,2023-08-03,tomato
Tomato,Vegetables,35.6,26.3,20.8,10.1,Delhi,2023-08-04,tomato
Tomato,Vegetables,31.1,29.0,24.7,11.6,Delhi,2023-08-05,tomato
Tomato,Vegetables,32.9,36.4,29.5,12.3,Delhi,2023-08-06,tomato
Tomato,Vegetables,31.9,20.3,18.9,7.1,Delhi,2023-08-07,tomato
Tomato,Vegetables,32.1,20.2,18.0,8.9,Delhi,2023-08-08,tomato
Tomato,Vegetables,32.5,22.5,20.8,4.0,Delhi,2023-08-09,tomato
Tomato,Vegetables,30.9,31.4,28.7,7.3,Delhi,2023-08-10,tomato
Tomato,Vegetables,29.9,23.2,21.9,8.5,Delhi,2023-08-11,tomato
Tomato,Vegetables,33.7,27.1,23.6,8.2,Delhi,2023-08-12,tomato
Tomato,Vegetables,33.7,32.8,27.1,11.0,Delhi,2023-08-13,tomato
Tomato,Vegetables,30.4,31.3,26.0,8.5,Delhi,2023-08-14,tomato
Tomato,Vegetables,32.1,27.7,21.7,8.8,Delhi,2023-08-15,tomato
Tomato,Vegetables,33.2,22.8,21.4,7.2,Delhi,2023-08-16,tomato
Tomato,Vegetables,29.7,26.2,23.7,4.8,Delhi,2023-08-17,tomato
Tomato,Vegetables,30.5,27.2,23.6,11.0,Delhi,2023-08-18,tomato
Tomato,Vegetables,33.7,32.6,27.5,7.5,Delhi,2023-08-19,tomato
Tomato,Vegetables,34.1,23.6,20.8,4.8,Delhi,2023-08-20,tomato
Tomato,Vegetables,34.2,20.8,19.0,6.9,Delhi,2023-08-21,tomato
Tomato,Vegetables,29.5,23.3,18.8,7.0,Delhi,2023-08-22,tomato
Tomato,Vegetables,31.1,28.2,26.0,8.1,Delhi,2023-08-23,tomato
Tomato,Vegetables,30.1,26.5,19.9,11.1,Delhi,2023-08-24,tomato
Tomato,Vegetables,30.3,24.8,23.3,5.5,Delhi,2023-08-25,tomato
Tomato,Vegetables,35.1,30.7,26.1,11.4,Delhi,2023-08-26,tomato
Tomato,Vegetables,35.0,32.0,23.7,10.7,Delhi,2023-08-27,tomato
Tomato,Vegetables,34.5,25.9,20.8,9.8,Delhi,2023-08-28,tomato
Tomato,Vegetables,33.1,27.5,20.5,13.9,Delhi,2023-08-29,tomato
Tomato,Vegetables,31.8,24.4,20.6,9.5,Delhi,2023-08-30,tomato
Tomato,Vegetables,34.0,28.8,21.8,10.7,Delhi,2023-08-31,tomato
Tomato,Vegetables,35.2,22.9,19.7,8.1,Delhi,2023-09-01,tomato
Tomato,Vegetables,31.7,29.1,26.8,7.6,Delhi,2023-09-02,tomato
Tomato,Vegetables,30.3,29.3,24.1,10.8,Delhi,2023-09-03,tomato
Tomato,Vegetables,35.1,22.6,21.1,7.7,Delhi,2023-09-04,tomato
Tomato,Vegetables,33.0,27.1,21.5,9.6,Delhi,2023-09-05,tomato
Tomato,Vegetables,35.8,27.6,20.9,12.1,Delhi,2023-09-06,tomato
Tomato,Vegetables,33.5,33.2,25.3,9.9,Delhi,2023-09-07,tomato
Tomato,Vegetables,32.6,18.2,14.7,6.5,Delhi,2023-09-08,tomato
Tomato,Vegetables,29.9,39.3,34.2,12.4,Delhi,2023-09-09,tomato
Tomato,Vegetables,31.4,38.1,31.6,9.6,Delhi,2023-09-10,tomato
Tomato,Vegetables,29.5,32.4,25.3,11.8,Delhi,2023-09-11,tomato
Tomato,Vegetables,31.2,19.0,15.4,7.9,Delhi,2023-09-12,tomato
Tomato,Vegetables,30.9,25.0,22.5,8.5,Delhi,2023-09-13,tomato
Tomato,Vegetables,34.6,30.2,23.6,12.2,Delhi,2023-09-14,tomato
Tomato,Vegetables,32.8,28.9,23.7,11.1,Delhi,2023-09-15,tomato
Tomato,Vegetables,30.5,31.2,29.5,9.3,Delhi,2023-09-16,tomato
Tomato,Vegetables,35.4,25.5,23.3,6.3,Delhi,2023-09-17,tomato
Tomato,Vegetables,34.1,28.3,24.6,10.5,Delhi,2023-09-18,tomato
Tomato,Vegetables,33.7,30.6,23.2,13.7,Delhi,2023-09-19,tomato
Tomato,Vegetables,30.7,30.5,22.9,11.0,Delhi,2023-09-20,tomato
Tomato,Vegetables,31.8,25.8,20.8,9.7,Delhi,2023-09-21,tomato
Tomato,Vegetables,33.4,30.8,23.0,14.7,Delhi,2023-09-22,tomato
Tomato,Vegetables,31.3,27.7,22.4,7.6,Delhi,2023-09-23,tomato
Tomato,Vegetables,30.6,34.0,27.4,11.0,Delhi,2023-09-24,tomato
Tomato,Vegetables,31.5,30.7,24.5,11.0,Delhi,2023-09-25,tomato
Tomato,Vegetables,33.7,28.3,22.5,12.5,Delhi,2023-09-26,tomato
Tomato,Vegetables,31.4,25.1,23.1,6.8,Delhi,2023-09-27,tomato
Tomato,Vegetables,30.9,23.5,20.4,7.9,Delhi,2023-09-28,tomato
Tomato,Vegetables,35.2,24.7,18.8,10.9,Delhi,2023-09-29,tomato
Tomato,Vegetables,30.7,33.8,28.0,8.9,Delhi,2023-09-30,tomato
Tomato,Vegetables,31.8,33.2,27.8,8.8,Delhi,2023-10-01,tomato
Tomato,Vegetables,31.2,33.7,25.1,12.7,Delhi,2023-10-02,tomato
Tomato,Vegetables,33.4,27.3,20.5,9.3,Delhi,2023-10-03,tomato
Tomato,Vegetables,33.7,27.8,21.5,12.8,Delhi,2023-10-04,tomato
Tomato,Vegetables,34.6,26.9,20.4,14.0,Delhi,2023-10-05,tomato
Tomato,Vegetables,32.2,31.4,26.3,10.0,Delhi,2023-10-06,tomato
Tomato,Vegetables,31.2,32.8,25.2,12.9,Delhi,2023-10-07,tomato
Tomato,Vegetables,34.9,29.9,23.5,10.5,Delhi,2023-10-08,tomato
Tomato,Vegetables,30.6,31.6,24.3,13.9,Delhi,2023-10-09,tomato
Tomato,Vegetables,34.3,26.2,21.7,7.5,Delhi,2023-10-10,tomato
Tomato,Vegetables,31.3,22.5,17.5,9.2,Delhi,2023-10-11,tomato
Tomato,Vegetables,30.2,31.5,24.5,13.2,Delhi,2023-10-12,tomato
Tomato,Vegetables,31.1,27.7,22.1,13.1,Delhi,2023-10-13,tomato
Tomato,Vegetables,30.4,35.9,27.3,14.8,Delhi,2023-10-14,tomato
Tomato,Vegetables,30.5,37.5,29.1,15.0,Delhi,2023-10-15,tomato
Tomato,Vegetables,30.5,25.9,23.4,7.8,Delhi,2023-10-16,tomato
Tomato,Vegetables,33.2,24.6,21.6,6.1,Delhi,2023-10-17,tomato
Tomato,Vegetables,29.8,26.2,24.5,7.1,Delhi,2023-10-18,tomato
Tomato,Vegetables,30.6,30.4,23.2,11.8,Delhi,2023-10-19,tomato
Tomato,Vegetables,33.3,29.6,24.5,13.0,Delhi,2023-10-20,tomato
Tomato,Vegetables,34.5,34.0,30.2,10.2,Delhi,2023-10-21,tomato
Tomato,Vegetables,35.7,31.9,29.3,8.4,Delhi,2023-10-22,tomato
Tomato,Vegetables,32.8,25.2,23.1,7.8,Delhi,2023-10-23,tomato
Tomato,Vegetables,35.0,20.3,19.1,3.4,Delhi,2023-10-24,tomato
Tomato,Vegetables,35.8,21.6,18.9,10.6,Delhi,2023-10-25,tomato
Tomato,Vegetables,30.9,29.9,23.4,9.9,Delhi,2023-10-26,tomato
Tomato,Vegetables,32.0,26.9,21.7,7.4,Delhi,2023-10-27,tomato
Tomato,Vegetables,32.1,23.0,19.9,5.3,Delhi,2023-10-28,tomato
Tomato,Vegetables,31.7,31.4,25.6,9.6,Delhi,2023-10-29,tomato
Tomato,Vegetables,30.1,26.5,23.3,8.0,Delhi,2023-10-30,tomato
Tomato,Vegetables,31.3,25.3,23.6,8.0,Delhi,2023-10-31,tomato
Tomato,Vegetables,29.4,24.3,23.1,4.0,Delhi,2023-11-01,tomato
Tomato,Vegetables,32.5,27.4,21.9,8.9,Delhi,2023-11-02,tomato
Tomato,Vegetables,33.1,23.0,20.4,5.9,Delhi,2023-11-03,tomato
Tomato,Vegetables,34.7,31.4,28.2,7.3,Delhi,2023-11-04,tomato
Tomato,Vegetables,30.1,29.9,24.9,9.3,Delhi,2023-11-05,tomato
Tomato,Vegetables,29.5,26.8,20.6,11.2,Delhi,2023-11-06,tomato
Tomato,Vegetables,33.9,27.6,21.3,8.6,Delhi,2023-11-07,tomato
Tomato,Vegetables,31.6,26.1,22.0,6.5,Delhi,2023-11-08,tomato
Tomato,Vegetables,31.1,23.4,20.8,6.4,Delhi,2023-11-09,tomato
Tomato,Vegetables,33.5,24.3,18.9,9.9,Delhi,2023-11-10,tomato
Tomato,Vegetables,32.8,32.4,29.6,6.2,Delhi,2023-11-11,tomato
Tomato,Vegetables,34.1,33.4,30.4,9.5,Delhi,2023-11-12,tomato
Tomato,Vegetables,33.0,26.5,20.7,11.1,Delhi,2023-11-13,tomato
Tomato,Vegetables,33.3,31.0,23.8,14.4,Delhi,2023-11-14,tomato
Tomato,Vegetables,29.6,24.9,20.1,12.7,Delhi,2023-11-15,tomato
Tomato,Vegetables,33.2,20.9,19.3,6.4,Delhi,2023-11-16,tomato
Tomato,Vegetables,33.4,28.0,21.2,13.0,Delhi,2023-11-17,tomato
Tomato,Vegetables,34.8,24.4,19.9,10.7,Delhi,2023-11-18,tomato
Tomato,Vegetables,33.1,26.1,23.1,7.2,Delhi,2023-11-19,tomato
Tomato,Vegetables,32.3,29.0,26.3,8.0,Delhi,2023-11-20,tomato
Tomato,Vegetables,35.4,23.7,21.3,6.5,Delhi,2023-11-21,tomato
Tomato,Vegetables,31.9,30.1,25.8,10.3,Delhi,2023-11-22,tomato
Tomato,Vegetables,32.5,19.3,17.6,9.4,Delhi,2023-11-23,tomato
Tomato,Vegetables,31.0,27.2,20.5,14.3,Delhi,2023-11-24,tomato
Tomato,Vegetables,31.8,28.6,26.3,8.9,Delhi,2023-11-25,tomato
Tomato,Vegetables,31.1,34.2,27.9,13.5,Delhi,2023-11-26,tomato
Tomato,Vegetables,30.9,30.4,23.0,10.8,Delhi,2023-11-27,tomato
Tomato,Vegetables,30.9,29.3,22.7,13.4,Delhi,2023-11-28,tomato
Tomato,Vegetables,33.6,26.8,24.2,8.8,Delhi,2023-11-29,tomato
Tomato,Vegetables,29.8,31.9,24.1,14.4,Delhi,2023-11-30,tomato
Tomato,Vegetables,31.6,24.6,19.0,13.4,Delhi,2023-12-01,tomato
Tomato,Vegetables,31.6,28.7,24.5,6.5,Delhi,2023-12-02,tomato
Tomato,Vegetables,32.6,30.6,24.1,11.7,Delhi,2023-12-03,tomato
Tomato,Vegetables,35.6,24.2,20.3,11.5,Delhi,2023-12-04,tomato
Tomato,Vegetables,30.1,25.1,22.5,8.9,Delhi,2023-12-05,tomato
Tomato,Vegetables,31.3,27.1,21.0,11.4,Delhi,2023-12-06,tomato
Tomato,Vegetables,30.0,31.0,26.6,8.4,Delhi,2023-12-07,tomato
Tomato,Vegetables,34.6,28.6,24.6,10.2,Delhi,2023-12-08,tomato
Tomato,Vegetables,29.9,30.2,28.5,5.4,Delhi,2023-12-09,tomato
Tomato,Vegetables,34.4,23.7,18.0,10.7,Delhi,2023-12-10,tomato
Tomato,Vegetables,33.4,32.3,24.0,13.4,Delhi,2023-12-11,tomato
Tomato,Vegetables,34.5,26.1,20.1,13.7,Delhi,2023-12-12,tomato
Tomato,Vegetables,32.2,26.1,21.7,8.9,Delhi,2023-12-13,tomato
Tomato,Vegetables,35.8,23.6,22.3,6.0,Delhi,2023-12-14,tomato
Tomato,Vegetables,30.4,34.2,26.1,10.2,Delhi,2023-12-15,tomato
Tomato,Vegetables,35.0,35.0,26.2,15.6,Delhi,2023-12-16,tomato
Tomato,Vegetables,33.9,40.8,30.7,13.1,Delhi,2023-12-17,tomato
Tomato,Vegetables,31.8,26.1,22.1,8.0,Delhi,2023-12-18,tomato
Tomato,Vegetables,30.4,24.4,22.6,6.3,Delhi,2023-12-19,tomato
Tomato,Vegetables,34.8,17.2,15.0,5.1,Delhi,2023-12-20,tomato
Tomato,Vegetables,35.8,26.5,25.1,5.3,Delhi,2023-12-21,tomato
Tomato,Vegetables,34.4,22.0,16.3,11.4,Delhi,2023-12-22,tomato
Tomato,Vegetables,31.3,35.1,26.9,11.1,Delhi,2023-12-23,tomato
Tomato,Vegetables,32.4,27.7,22.7,12.7,Delhi,2023-12-24,tomato
Tomato,Vegetables,33.7,25.5,20.7,8.7,Delhi,2023-12-25,tomato
Tomato,Vegetables,33.3,23.5,20.9,7.5,Delhi,2023-12-26,tomato
Tomato,Vegetables,31.8,29.1,24.4,7.3,Delhi,2023-12-27,tomato
Tomato,Vegetables,31.6,28.4,21.2,13.5,Delhi,2023-12-28,tomato
Tomato,Vegetables,31.8,28.4,25.2,9.3,Delhi,2023-12-29,tomato
Tomato,Vegetables,31.4,32.7,29.7,8.5,Delhi,2023-12-30,tomato
Tomato,Vegetables,30.4,33.6,27.6,8.1,Delhi,2023-12-31,tomato
Tomato,Vegetables,34.7,29.7,25.2,10.3,Mumbai,2022-01-01,tomato
Tomato,Vegetables,32.6,29.4,26.7,7.5,Mumbai,2022-01-02,tomato
Tomato,Vegetables,35.7,23.5,17.6,10.2,Mumbai,2022-01-03,tomato
Tomato,Vegetables,31.9,30.1,24.4,11.1,Mumbai,2022-01-04,tomato
Tomato,Vegetables,31.3,21.4,16.8,7.3,Mumbai,2022-01-05,tomato
Tomato,Vegetables,34.2,22.4,20.4,5.8,Mumbai,2022-01-06,tomato
Tomato,Vegetables,31.6,28.5,22.2,11.6,Mumbai,2022-01-07,tomato
Tomato,Vegetables,35.7,27.8,25.2,8.2,Mumbai,2022-01-08,tomato
Tomato,Vegetables,34.5,34.0,27.6,13.4,Mumbai,2022-01-09,tomato
Tomato,Vegetables,30.6,26.1,23.1,7.7,Mumbai,2022-01-10,tomato
Tomato,Vegetables,34.9,30.5,26.1,11.2,Mumbai,2022-01-11,tomato
Tomato,Vegetables,30.7,23.8,19.4,9.9,Mumbai,2022-01-12,tomato
Tomato,Vegetables,32.0,26.8,20.8,9.8,Mumbai,2022-01-13,tomato
Tomato,Vegetables,30.6,29.2,25.0,11.0,Mumbai,2022-01-14,tomato
Tomato,Vegetables,33.9,32.0,27.3,8.8,Mumbai,2022-01-15,tomato
Tomato,Vegetables,30.4,27.8,26.0,5.9,Mumbai,2022-01-16,tomato
Tomato,Vegetables,30.0,30.5,25.6,9.8,Mumbai,2022-01-17,tomato
Tomato,Vegetables,31.1,24.1,21.9,5.5,Mumbai,2022-01-18,tomato
Tomato,Vegetables,33.1,21.2,18.1,8.5,Mumbai,2022-01-19,tomato
Tomato,Vegetables,34.3,25.9,22.6,6.9,Mumbai,2022-01-20,tomato
Tomato,Vegetables,34.1,27.2,24.4,9.4,Mumbai,2022-01-21,tomato
Tomato,Vegetables,30.5,32.6,26.6,9.7,Mumbai,2022-01-22,tomato
Tomato,Vegetables,30.1,32.4,27.1,10.9,Mumbai,2022-01-23,tomato
Tomato,Vegetables,31.8,35.5,28.4,9.9,Mumbai,2022-01-24,tomato
Tomato,Vegetables,34.0,22.1,20.3,5.5,Mumbai,2022-01-25,tomato
Tomato,Vegetables,31.3,32.8,29.3,11.2,Mumbai,2022-01-26,tomato
Tomato,Vegetables,35.3,23.2,17.5,12.2,Mumbai,2022-01-27,tomato
Tomato,Vegetables,29.7,27.9,23.3,10.2,Mumbai,2022-01-28,tomato
Tomato,Vegetables,29.9,27.8,26.5,3.6,Mumbai,2022-01-29,tomato
Tomato,Vegetables,30.5,32.3,24.4,14.5,Mumbai,2022-01-30,tomato
Tomato,Vegetables,32.3,32.3,27.1,7.6,Mumbai,2022-01-31,tomato
Tomato,Vegetables,34.2,22.3,20.9,6.3,Mumbai,2022-02-01,tomato
Tomato,Vegetables,35.0,23.5,22.1,9.4,Mumbai,2022-02-02,tomato
Tomato,Vegetables,33.8,26.5,19.8,12.7,Mumbai,2022-02-03,tomato
Tomato,Vegetables,31.0,27.9,22.8,9.7,Mumbai,2022-02-04,tomato
Tomato,Vegetables,31.3,34.2,28.3,10.1,Mumbai,2022-02-05,tomato
Tomato,Vegetables,34.9,32.8,25.2,9.8,Mumbai,2022-02-06,tomato
Tomato,Vegetables,31.2,22.3,20.9,7.0,Mumbai,2022-02-07,tomato
Tomato,Vegetables,31.5,27.3,22.4,12.4,Mumbai,2022-02-08,tomato
Tomato,Vegetables,30.9,28.6,23.5,10.4,Mumbai,2022-02-09,tomato
Tomato,Vegetables,30.0,30.4,23.1,15.2,Mumbai,2022-02-10,tomato
Tomato,Vegetables,32.5,29.6,22.9,12.2,Mumbai,2022-02-11,tomato
Tomato,Vegetables,35.7,28.5,24.1,6.9,Mumbai,2022-02-12,tomato
Tomato,Vegetables,30.8,27.7,25.7,6.9,Mumbai,2022-02-13,tomato
Tomato,Vegetables,31.1,24.0,19.9,6.9,Mumbai,2022-02-14,tomato
Tomato,Vegetables,30.1,25.6,22.4,10.4,Mumbai,2022-02-15,tomato
Tomato,Vegetables,34.5,24.2,21.2,10.8,Mumbai,2022-02-16,tomato
Tomato,Vegetables,31.9,24.7,23.5,8.1,Mumbai,2022-02-17,tomato
Tomato,Vegetables,30.5,23.9,22.3,8.9,Mumbai,2022-02-18,tomato
Tomato,Vegetables,34.2,25.5,22.2,8.9,Mumbai,2022-02-19,tomato
Tomato,Vegetables,34.0,31.1,23.6,15.2,Mumbai,2022-02-20,tomato
Tomato,Vegetables,30.7,34.7,26.2,14.8,Mumbai,2022-02-21,tomato
Tomato,Vegetables,35.1,29.0,25.9,9.6,Mumbai,2022-02-22,tomato
Tomato,Vegetables,33.2,23.2,19.4,10.0,Mumbai,2022-02-23,tomato
Tomato,Vegetables,33.0,29.8,23.1,10.5,Mumbai,2022-02-24,tomato
Tomato,Vegetables,35.7,27.5,22.1,9.3,Mumbai,2022-02-25,tomato
Tomato,Vegetables,29.7,30.0,26.8,8.1,Mumbai,2022-02-26,tomato
Tomato,Vegetables,32.0,35.1,26.3,13.8,Mumbai,2022-02-27,tomato
Tomato,Vegetables,32.5,22.8,20.6,8.8,Mumbai,2022-02-28,tomato
Tomato,Vegetables,35.3,26.0,24.4,8.8,Mumbai,2022-03-01,tomato
Tomato,Vegetables,32.2,21.7,20.3,4.5,Mumbai,2022-03-02,tomato
Tomato,Vegetables,34.2,23.4,18.6,11.4,Mumbai,2022-03-03,tomato
Tomato,Vegetables,30.5,25.7,22.3,10.1,Mumbai,2022-03-04,tomato
Tomato,Vegetables,32.9,31.8,23.9,10.3,Mumbai,2022-03-05,tomato
Tomato,Vegetables,31.8,28.1,22.9,7.4,Mumbai,2022-03-06,tomato
Tomato,Vegetables,34.0,22.1,20.8,8.5,Mumbai,2022-03-07,tomato
Tomato,Vegetables,29.9,21.1,19.4,8.0,Mumbai,2022-03-08,tomato
Tomato,Vegetables,34.4,26.7,21.0,10.1,Mumbai,2022-03-09,tomato
Tomato,Vegetables,35.8,24.3,18.0,14.2,Mumbai,2022-03-10,tomato
Tomato,Vegetables,33.2,21.9,19.7,5.6,Mumbai,2022-03-11,tomato
Tomato,Vegetables,32.8,30.9,23.7,12.4,Mumbai,2022-03-12,tomato
Tomato,Vegetables,35.8,32.8,25.7,12.1,Mumbai,2022-03-13,tomato
Tomato,Vegetables,30.3,26.2,19.8,9.8,Mumbai,2022-03-14,tomato
Tomato,Vegetables,35.0,24.5,21.5,6.3,Mumbai,2022-03-15,tomato
Tomato,Vegetables,31.4,24.7,22.8,4.7,Mumbai,2022-03-16,tomato
Tomato,Vegetables,31.9,31.0,26.9,11.2,Mumbai,2022-03-17,tomato
Tomato,Vegetables,33.1,29.3,22.5,13.5,Mumbai,2022-03-18,tomato
Tomato,Vegetables,34.5,26.4,23.4,10.9,Mumbai,2022-03-19,tomato
Tomato,Vegetables,30.0,28.2,26.5,6.1,Mumbai,2022-03-20,tomato
Tomato,Vegetables,31.7,21.6,17.4,10.5,Mumbai,2022-03-21,tomato
Tomato,Vegetables,30.0,39.1,29.1,14.6,Mumbai,2022-03-22,tomato
Tomato,Vegetables,30.7,34.6,27.6,13.9,Mumbai,2022-03-23,tomato
Tomato,Vegetables,32.7,26.0,22.2,6.0,Mumbai,2022-03-24,tomato
Tomato,Vegetables,30.6,33.0,27.6,9.8,Mumbai,2022-03-25,tomato
Tomato,Vegetables,34.8,31.8,25.9,11.7,Mumbai,2022-03-26,tomato
Tomato,Vegetables,30.4,29.6,24.6,11.6,Mumbai,2022-03-27,tomato
Tomato,Vegetables,33.8,25.0,19.1,11.1,Mumbai,2022-03-28,tomato
Tomato,Vegetables,35.1,24.6,20.8,7.2,Mumbai,2022-03-29,tomato
Tomato,Vegetables,31.4,34.6,27.0,11.1,Mumbai,2022-03-30,tomato
Tomato,Vegetables,30.6,21.0,18.9,9.7,Mumbai,2022-03-31,tomato
Tomato,Vegetables,30.5,26.6,21.9,11.8,Mumbai,2022-04-01,tomato
Tomato,Vegetables,30.2,21.3,19.7,5.5,Mumbai,2022-04-02,tomato
Tomato,Vegetables,32.1,28.3,21.7,13.6,Mumbai,2022-04-03,tomato
Tomato,Vegetables,34.6,22.0,17.2,7.0,Mumbai,2022-04-04,tomato
Tomato,Vegetables,30.4,30.2,24.1,12.4,Mumbai,2022-04-05,tomato
Tomato,Vegetables,35.3,31.1,25.1,9.7,Mumbai,2022-04-06,tomato
Tomato,Vegetables,30.0,30.9,27.2,6.4,Mumbai,2022-04-07,tomato
Tomato,Vegetables,35.8,23.0,19.6,6.7,Mumbai,2022-04-08,tomato
Tomato,Vegetables,30.5,33.6,27.2,11.7,Mumbai,2022-04-09,tomato
Tomato,Vegetables,35.5,28.7,25.7,7.5,Mumbai,2022-04-10,tomato
Tomato,Vegetables,29.6,23.6,17.7,10.0,Mumbai,2022-04-11,tomato
Tomato,Vegetables,34.8,23.0,18.0,7.9,Mumbai,2022-04-12,tomato
Tomato,Vegetables,35.6,25.6,24.3,7.5,Mumbai,2022-04-13,tomato
Tomato,Vegetables,29.8,30.2,27.3,5.5,Mumbai,2022-04-14,tomato
Tomato,Vegetables,31.9,25.8,23.8,8.8,Mumbai,2022-04-15,tomato
Tomato,Vegetables,32.4,30.4,28.7,5.0,Mumbai,2022-04-16,tomato
Tomato,Vegetables,34.5,24.2,22.8,5.2,Mumbai,2022-04-17,tomato
Tomato,Vegetables,34.5,30.5,22.9,13.0,Mumbai,2022-04-18,tomato
Tomato,Vegetables,30.0,30.4,22.8,15.6,Mumbai,2022-04-19,tomato
Tomato,Vegetables,33.9,25.3,21.5,11.2,Mumbai,2022-04-20,tomato
Tomato,Vegetables,35.2,29.4,22.2,14.6,Mumbai,2022-04-21,tomato
Tomato,Vegetables,34.0,24.3,20.1,10.9,Mumbai,2022-04-22,tomato
Tomato,Vegetables,32.7,26.9,22.2,9.4,Mumbai,2022-04-23,tomato
Tomato,Vegetables,32.8,26.1,23.1,8.5,Mumbai,2022-04-24,tomato
Tomato,Vegetables,33.7,28.7,22.5,9.2,Mumbai,2022-04-25,tomato
Tomato,Vegetables,30.2,28.7,26.0,9.8,Mumbai,2022-04-26,tomato
Tomato,Vegetables,33.0,28.1,25.8,4.3,Mumbai,2022-04-27,tomato
Tomato,Vegetables,31.4,24.2,21.5,6.5,Mumbai,2022-04-28,tomato
Tomato,Vegetables,35.7,32.4,26.0,10.8,Mumbai,2022-04-29,tomato
Tomato,Vegetables,35.7,39.3,29.3,16.6,Mumbai,2022-04-30,tomato
Tomato,Vegetables,30.8,25.6,24.1,8.9,Mumbai,2022-05-01,tomato
Tomato,Vegetables,35.6,35.2,26.6,11.8,Mumbai,2022-05-02,tomato
Tomato,Vegetables,31.6,22.9,20.9,9.3,Mumbai,2022-05-03,tomato
Tomato,Vegetables,30.3,36.3,29.6,10.6,Mumbai,2022-05-04,tomato
Tomato,Vegetables,32.1,31.5,23.4,15.1,Mumbai,2022-05-05,tomato
Tomato,Vegetables,33.8,23.4,18.3,12.1,Mumbai,2022-05-06,tomato
Tomato,Vegetables,32.5,36.1,28.7,10.2,Mumbai,2022-05-07,tomato
Tomato,Vegetables,34.4,27.2,25.7,8.6,Mumbai,2022-05-08,tomato
Tomato,Vegetables,34.5,27.9,21.6,11.7,Mumbai,2022-05-09,tomato
Tomato,Vegetables,31.6,26.2,23.0,5.6,Mumbai,2022-05-10,tomato
Tomato,Vegetables,32.9,27.6,22.3,10.0,Mumbai,2022-05-11,tomato
Tomato,Vegetables,30.4,23.0,19.5,10.8,Mumbai,2022-05-12,tomato
Tomato,Vegetables,32.4,31.0,25.1,8.4,Mumbai,2022-05-13,tomato
Tomato,Vegetables,31.0,26.0,21.7,8.5,Mumbai,2022-05-14,tomato
Tomato,Vegetables,31.5,23.8,20.6,9.8,Mumbai,2022-05-15,tomato
Tomato,Vegetables,32.7,27.0,20.6,14.1,Mumbai,2022-05-16,tomato
Tomato,Vegetables,35.3,25.1,20.7,11.5,Mumbai,2022-05-17,tomato
Tomato,Vegetables,33.0,19.6,17.4,7.5,Mumbai,2022-05-18,tomato
Tomato,Vegetables,29.7,29.0,23.3,8.9,Mumbai,2022-05-19,tomato
Tomato,Vegetables,33.0,30.1,24.9,10.9,Mumbai,2022-05-20,tomato
Tomato,Vegetables,34.9,34.1,25.9,12.4,Mumbai,2022-05-21,tomato
Tomato,Vegetables,32.6,38.1,30.6,12.1,Mumbai,2022-05-22,tomato
Tomato,Vegetables,31.8,25.3,22.8,5.3,Mumbai,2022-05-23,tomato
Tomato,Vegetables,30.6,25.3,20.1,8.0,Mumbai,2022-05-24,tomato
Tomato,Vegetables,35.7,24.1,19.6,6.5,Mumbai,2022-05-25,tomato
Tomato,Vegetables,34.8,28.2,24.9,5.7,Mumbai,2022-05-26,tomato
Tomato,Vegetables,34.3,30.4,23.3,13.8,Mumbai,2022-05-27,tomato
Tomato,Vegetables,31.6,26.6,20.3,10.6,Mumbai,2022-05-28,tomato
Tomato,Vegetables,32.6,29.1,23.7,10.9,Mumbai,2022-05-29,tomato
Tomato,Vegetables,35.0,25.1,21.7,6.9,Mumbai,2022-05-30,tomato
Tomato,Vegetables,32.5,25.6,23.5,6.2,Mumbai,2022-05-31,tomato
Tomato,Vegetables,29.8,35.1,27.6,14.8,Mumbai,2022-06-01,tomato
Tomato,Vegetables,29.7,35.2,29.8,10.4,Mumbai,2022-06-02,tomato
Tomato,Vegetables,34.0,28.8,24.1,12.2,Mumbai,2022-06-03,tomato
Tomato,Vegetables,32.9,32.5,26.9,12.0,Mumbai,2022-06-04,tomato
Tomato,Vegetables,32.7,25.8,24.2,5.8,Mumbai,2022-06-05,tomato
Tomato,Vegetables,33.4,27.5,22.3,8.9,Mumbai,2022-06-06,tomato
Tomato,Vegetables,29.7,29.5,22.9,13.9,Mumbai,2022-06-07,tomato
Tomato,Vegetables,33.4,27.6,24.6,7.4,Mumbai,2022-06-08,tomato
Tomato,Vegetables,32.7,23.1,21.7,7.5,Mumbai,2022-06-09,tomato
Tomato,Vegetables,30.6,24.8,20.0,7.2,Mumbai,2022-06-10,tomato
Tomato,Vegetables,31.6,23.3,20.6,4.7,Mumbai,2022-06-11,tomato
Tomato,Vegetables,33.9,30.2,23.4,9.0,Mumbai,2022-06-12,tomato
Tomato,Vegetables,35.2,25.0,19.9,8.1,Mumbai,2022-06-13,tomato
Tomato,Vegetables,31.7,27.6,22.4,11.1,Mumbai,2022-06-14,tomato
Tomato,Vegetables,32.4,25.6,23.3,5.2,Mumbai,2022-06-15,tomato
Tomato,Vegetables,33.8,24.7,20.6,12.1,Mumbai,2022-06-16,tomato
Tomato,Vegetables,31.1,28.1,24.1,8.2,Mumbai,2022-06-17,tomato
Tomato,Vegetables,29.6,24.1,22.1,8.3,Mumbai,2022-06-18,tomato
Tomato,Vegetables,34.3,33.4,25.4,15.6,Mumbai,2022-06-19,tomato
Tomato,Vegetables,35.0,22.2,20.4,5.9,Mumbai,2022-06-20,tomato
Tomato,Vegetables,30.2,26.7,21.4,11.6,Mumbai,2022-06-21,tomato
Tomato,Vegetables,30.5,25.7,21.8,7.6,Mumbai,2022-06-22,tomato
Tomato,Vegetables,35.8,28.1,21.2,9.8,Mumbai,2022-06-23,tomato
Tomato,Vegetables,35.3,30.7,25.4,11.7,Mumbai,2022-06-24,tomato
Tomato,Vegetables,31.6,22.0,20.5,6.0,Mumbai,2022-06-25,tomato
Tomato,Vegetables,32.9,31.9,30.0,9.8,Mumbai,2022-06-26,tomato
Tomato,Vegetables,35.8,23.4,21.7,5.8,Mumbai,2022-06-27,tomato
Tomato,Vegetables,33.2,24.2,21.1,9.4,Mumbai,2022-06-28,tomato
Tomato,Vegetables,31.8,18.7,15.9,8.3,Mumbai,2022-06-29,tomato
Tomato,Vegetables,35.6,22.0,19.2,7.3,Mumbai,2022-06-30,tomato
Tomato,Vegetables,34.2,26.2,22.1,10.1,Mumbai,2022-07-01,tomato
Tomato,Vegetables,34.8,32.9,25.8,14.0,Mumbai,2022-07-02,tomato
Tomato,Vegetables,35.6,27.2,23.8,8.0,Mumbai,2022-07-03,tomato
Tomato,Vegetables,31.1,25.0,19.1,8.3,Mumbai,2022-07-04,tomato
Tomato,Vegetables,30.7,23.6,19.1,11.1,Mumbai,2022-07-05,tomato
Tomato,Vegetables,33.9,23.5,21.3,10.1,Mumbai,2022-07-06,tomato
Tomato,Vegetables,35.8,20.8,19.5,7.3,Mumbai,2022-07-07,tomato
Tomato,Vegetables,34.6,27.0,24.4,5.4,Mumbai,2022-07-08,tomato
Tomato,Vegetables,35.4,27.0,21.7,12.2,Mumbai,2022-07-09,tomato
Tomato,Vegetables,32.8,32.2,24.5,9.8,Mumbai,2022-07-10,tomato
Tomato,Vegetables,30.8,22.0,19.5,6.1,Mumbai,2022-07-11,tomato
Tomato,Vegetables,30.1,28.4,21.9,10.6,Mumbai,2022-07-12,tomato
Tomato,Vegetables,32.4,26.7,22.5,10.5,Mumbai,2022-07-13,tomato
Tomato,Vegetables,34.1,25.9,24.6,6.3,Mumbai,2022-07-14,tomato
Tomato,Vegetables,32.8,26.3,23.4,8.2,Mumbai,2022-07-15,tomato
Tomato,Vegetables,32.4,26.7,22.6,10.7,Mumbai,2022-07-16,tomato
Tomato,Vegetables,32.1,30.7,25.7,12.8,Mumbai,2022-07-17,tomato
Tomato,Vegetables,35.0,21.0,17.9,9.2,Mumbai,2022-07-18,tomato
Tomato,Vegetables,33.1,27.9,23.2,11.6,Mumbai,2022-07-19,tomato
Tomato,Vegetables,33.8,21.7,19.5,5.8,Mumbai,2022-07-20,tomato
Tomato,Vegetables,32.0,33.2,26.1,9.3,Mumbai,2022-07-21,tomato
Tomato,Vegetables,34.7,24.9,21.3,6.3,Mumbai,2022-07-22,tomato
Tomato,Vegetables,31.3,33.9,31.3,9.5,Mumbai,2022-07-23,tomato
Tomato,Vegetables,32.7,39.4,30.8,11.9,Mumbai,2022-07-24,tomato
Tomato,Vegetables,35.8,26.1,21.4,8.7,Mumbai,2022-07-25,tomato
Tomato,Vegetables,32.0,28.1,22.0,10.6,Mumbai,2022-07-26,tomato
Tomato,Vegetables,35.0,22.1,18.5,11.0,Mumbai,2022-07-27,tomato
Tomato,Vegetables,33.9,22.2,20.1,9.3,Mumbai,2022-07-28,tomato
Tomato,Vegetables,35.7,31.0,24.0,13.4,Mumbai,2022-07-29,tomato
Tomato,Vegetables,29.4,32.7,27.9,6.9,Mumbai,2022-07-30,tomato
Tomato,Vegetables,34.2,27.2,23.1,10.1,Mumbai,2022-07-31,tomato
Tomato,Vegetables,32.4,28.4,22.1,9.2,Mumbai,2022-08-01,tomato
Tomato,Vegetables,35.1,22.8,20.6,6.7,Mumbai,2022-08-02,tomato
Tomato,Vegetables,32.8,27.6,21.8,12.1,Mumbai,2022-08-03,tomato
Tomato,Vegetables,35.3,21.1,16.1,12.9,Mumbai,2022-08-04,tomato
Tomato,Vegetables,33.3,20.1,17.9,5.1,Mumbai,2022-08-05,tomato
Tomato,Vegetables,34.1,29.4,23.6,9.6,Mumbai,2022-08-06,tomato
Tomato,Vegetables,35.1,24.4,22.8,4.5,Mumbai,2022-08-07,tomato
Tomato,Vegetables,30.8,29.7,22.6,13.8,Mumbai,2022-08-08,tomato
Tomato,Vegetables,30.7,31.9,24.3,11.5,Mumbai,2022-08-09,tomato
Tomato,Vegetables,32.8,24.2,18.4,12.4,Mumbai,2022-08-10,tomato
Tomato,Vegetables,35.1,25.6,23.6,7.7,Mumbai,2022-08-11,tomato
Tomato,Vegetables,31.4,24.2,19.2,7.9,Mumbai,2022-08-12,tomato
Tomato,Vegetables,33.7,34.8,27.7,12.2,Mumbai,2022-08-13,tomato
Tomato,Vegetables,34.5,30.1,26.5,9.7,Mumbai,2022-08-14,tomato
Tomato,Vegetables,34.1,22.5,19.7,5.4,Mumbai,2022-08-15,tomato
Tomato,Vegetables,31.6,23.4,21.5,6.5,Mumbai,2022-08-16,tomato
Tomato,Vegetables,34.4,23.0,21.6,8.7,Mumbai,2022-08-17,tomato
Tomato,Vegetables,35.3,23.1,19.3,10.4,Mumbai,2022-08-18,tomato
Tomato,Vegetables,33.2,23.6,18.5,9.7,Mumbai,2022-08-19,tomato
Tomato,Vegetables,35.3,30.5,22.7,11.1,Mumbai,2022-08-20,tomato
Tomato,Vegetables,33.0,36.5,29.0,13.1,Mumbai,2022-08-21,tomato
Tomato,Vegetables,33.8,25.4,21.8,11.4,Mumbai,2022-08-22,tomato
Tomato,Vegetables,29.8,24.6,22.4,7.5,Mumbai,2022-08-23,tomato
Tomato,Vegetables,29.5,25.7,21.6,7.9,Mumbai,2022-08-24,tomato
Tomato,Vegetables,30.7,31.7,25.4,9.3,Mumbai,2022-08-25,tomato
Tomato,Vegetables,32.6,28.5,21.4,11.7,Mumbai,2022-08-26,tomato
Tomato,Vegetables,32.5,30.1,23.0,9.4,Mumbai,2022-08-27,tomato
Tomato,Vegetables,35.8,35.9,28.0,11.6,Mumbai,2022-08-28,tomato
Tomato,Vegetables,34.3,21.9,20.8,3.8,Mumbai,2022-08-29,tomato
Tomato,Vegetables,35.1,30.9,23.0,15.3,Mumbai,2022-08-30,tomato
Tomato,Vegetables,32.3,23.5,21.7,5.8,Mumbai,2022-08-31,tomato
Tomato,Vegetables,35.8,27.5,22.2,9.3,Mumbai,2022-09-01,tomato
Tomato,Vegetables,33.4,22.3,20.1,4.3,Mumbai,2022-09-02,tomato
Tomato,Vegetables,31.1,33.1,26.0,10.3,Mumbai,2022-09-03,tomato
Tomato,Vegetables,32.8,28.6,27.1,5.7,Mumbai,2022-09-04,tomato
Tomato,Vegetables,32.3,30.8,26.7,9.4,Mumbai,2022-09-05,tomato
Tomato,Vegetables,32.7,25.6,23.3,7.1,Mumbai,2022-09-06,tomato
Tomato,Vegetables,34.3,24.6,19.5,9.7,Mumbai,2022-09-07,tomato
Tomato,Vegetables,34.5,25.5,19.3,9.1,Mumbai,2022-09-08,tomato
Tomato,Vegetables,31.7,32.7,26.0,13.9,Mumbai,2022-09-09,tomato
Tomato,Vegetables,31.5,29.4,25.3,8.1,Mumbai,2022-09-10,tomato
Tomato,Vegetables,34.8,27.0,25.2,4.2,Mumbai,2022-09-11,tomato
Tomato,Vegetables,32.3,21.3,18.9,10.2,Mumbai,2022-09-12,tomato
Tomato,Vegetables,32.7,22.6,21.0,3.9,Mumbai,2022-09-13,tomato
Tomato,Vegetables,29.7,33.0,25.4,11.8,Mumbai,2022-09-14,tomato
Tomato,Vegetables,34.4,26.3,20.6,10.6,Mumbai,2022-09-15,tomato
Tomato,Vegetables,32.0,23.6,20.5,10.0,Mumbai,2022-09-16,tomato
Tomato,Vegetables,33.0,25.6,23.1,5.1,Mumbai,2022-09-17,tomato
Tomato,Vegetables,32.6,37.3,28.9,15.3,Mumbai,2022-09-18,tomato
Tomato,Vegetables,32.3,30.5,23.3,11.9,Mumbai,2022-09-19,tomato
Tomato,Vegetables,30.5,21.0,18.0,9.0,Mumbai,2022-09-20,tomato
Tomato,Vegetables,33.6,21.0,18.8,6.1,Mumbai,2022-09-21,tomato
Tomato,Vegetables,33.3,24.6,22.3,9.4,Mumbai,2022-09-22,tomato
Tomato,Vegetables,32.0,23.0,20.6,8.4,Mumbai,2022-09-23,tomato
Tomato,Vegetables,33.0,31.8,26.8,7.9,Mumbai,2022-09-24,tomato
Tomato,Vegetables,34.5,26.2,24.0,10.0,Mumbai,2022-09-25,tomato
Tomato,Vegetables,32.3,23.2,21.0,8.7,Mumbai,2022-09-26,tomato
Tomato,Vegetables,31.3,33.5,26.7,10.3,Mumbai,2022-09-27,tomato
Tomato,Vegetables,31.0,31.8,25.8,8.4,Mumbai,2022-09-28,tomato
Tomato,Vegetables,34.1,25.7,21.0,10.4,Mumbai,2022-09-29,tomato
Tomato,Vegetables,31.7,17.8,16.6,8.3,Mumbai,2022-09-30,tomato
Tomato,Vegetables,33.8,35.3,28.2,10.3,Mumbai,2022-10-01,tomato
Tomato,Vegetables,33.7,31.9,27.7,7.1,Mumbai,2022-10-02,tomato
Tomato,Vegetables,35.2,20.0,18.5,8.1,Mumbai,2022-10-03,tomato
Tomato,Vegetables,30.1,24.9,20.7,7.3,Mumbai,2022-10-04,tomato
Tomato,Vegetables,35.0,25.9,22.1,5.9,Mumbai,2022-10-05,tomato
Tomato,Vegetables,33.5,28.9,24.5,8.9,Mumbai,2022-10-06,tomato
Tomato,Vegetables,32.3,28.1,21.5,12.1,Mumbai,2022-10-07,tomato
Tomato,Vegetables,33.7,34.1,26.2,15.5,Mumbai,2022-10-08,tomato
Tomato,Vegetables,31.6,29.5,26.5,6.2,Mumbai,2022-10-09,tomato
Tomato,Vegetables,34.9,23.9,22.4,5.4,Mumbai,2022-10-10,tomato
Tomato,Vegetables,34.1,27.1,24.1,8.7,Mumbai,2022-10-11,tomato
Tomato,Vegetables,32.9,25.0,22.2,10.2,Mumbai,2022-10-12,tomato
Tomato,Vegetables,32.9,23.2,21.5,8.7,Mumbai,2022-10-13,tomato
Tomato,Vegetables,34.5,28.4,22.5,13.3,Mumbai,2022-10-14,tomato
Tomato,Vegetables,30.3,32.1,29.9,5.0,Mumbai,2022-10-15,tomato
Tomato,Vegetables,35.0,23.2,21.2,6.7,Mumbai,2022-10-16,tomato
Tomato,Vegetables,34.7,28.3,21.9,13.5,Mumbai,2022-10-17,tomato
Tomato,Vegetables,34.4,26.2,21.7,10.9,Mumbai,2022-10-18,tomato
Tomato,Vegetables,32.5,25.3,21.2,6.9,Mumbai,2022-10-19,tomato
Tomato,Vegetables,35.2,26.9,24.2,6.9,Mumbai,2022-10-20,tomato
Tomato,Vegetables,35.0,18.5,16.6,5.1,Mumbai,2022-10-21,tomato
Tomato,Vegetables,31.1,31.5,28.6,9.1,Mumbai,2022-10-22,tomato
Tomato,Vegetables,35.2,36.5,32.9,9.6,Mumbai,2022-10-23,tomato
Tomato,Vegetables,33.2,27.2,24.4,9.8,Mumbai,2022-10-24,tomato
Tomato,Vegetables,29.6,22.6,18.5,8.0,Mumbai,2022-10-25,tomato
Tomato,Vegetables,35.1,32.9,24.8,12.1,Mumbai,2022-10-26,tomato
Tomato,Vegetables,35.1,26.9,21.2,8.3,Mumbai,2022-10-27,tomato
Tomato,Vegetables,30.1,26.6,22.2,11.7,Mumbai,2022-10-28,tomato
Tomato,Vegetables,35.2,31.4,29.0,6.6,Mumbai,2022-10-29,tomato
Tomato,Vegetables,35.2,28.9,26.7,7.9,Mumbai,2022-10-30,tomato
Tomato,Vegetables,33.2,26.2,23.8,9.0,Mumbai,2022-10-31,tomato
Tomato,Vegetables,31.4,19.6,18.2,6.5,Mumbai,2022-11-01,tomato
Tomato,Vegetables,31.4,27.5,25.7,5.0,Mumbai,2022-11-02,tomato
Tomato,Vegetables,33.4,25.4,19.1,11.2,Mumbai,2022-11-03,tomato
Tomato,Vegetables,30.2,27.7,21.6,12.8,Mumbai,2022-11-04,tomato
Tomato,Vegetables,35.2,29.4,24.2,9.5,Mumbai,2022-11-05,tomato
Tomato,Vegetables,34.2,31.4,25.6,12.2,Mumbai,2022-11-06,tomato
Tomato,Vegetables,30.6,23.3,17.3,8.1,Mumbai,2022-11-07,tomato
Tomato,Vegetables,34.7,18.1,16.8,3.8,Mumbai,2022-11-08,tomato
Tomato,Vegetables,31.5,30.8,24.9,12.5,Mumbai,2022-11-09,tomato
Tomato,Vegetables,30.9,31.6,25.5,11.9,Mumbai,2022-11-10,tomato
Tomato,Vegetables,33.6,23.8,18.0,13.7,Mumbai,2022-11-11,tomato
Tomato,Vegetables,33.9,31.7,26.8,10.1,Mumbai,2022-11-12,tomato
Tomato,Vegetables,30.1,33.0,27.2,11.2,Mumbai,2022-11-13,tomato
Tomato,Vegetables,35.5,27.6,21.0,12.0,Mumbai,2022-11-14,tomato
Tomato,Vegetables,31.2,23.9,22.2,7.3,Mumbai,2022-11-15,tomato
Tomato,Vegetables,31.8,26.7,24.3,9.9,Mumbai,2022-11-16,tomato
Tomato,Vegetables,31.0,27.0,20.8,12.4,Mumbai,2022-11-17,tomato
Tomato,Vegetables,30.2,32.1,27.1,8.6,Mumbai,2022-11-18,tomato
Tomato,Vegetables,34.0,22.1,19.2,5.6,Mumbai,2022-11-19,tomato
Tomato,Vegetables,30.8,35.5,28.1,13.1,Mumbai,2022-11-20,tomato
Tomato,Vegetables,31.7,28.2,21.9,13.0,Mumbai,2022-11-21,tomato
Tomato,Vegetables,34.9,32.0,24.5,13.6,Mumbai,2022-11-22,tomato
Tomato,Vegetables,34.2,22.7,19.9,5.4,Mumbai,2022-11-23,tomato
Tomato,Vegetables,30.7,30.4,23.7,14.4,Mumbai,2022-11-24,tomato
Tomato,Vegetables,33.8,26.9,20.6,10.3,Mumbai,2022-11-25,tomato
Tomato,Vegetables,35.2,34.9,27.1,15.7,Mumbai,2022-11-26,tomato
Tomato,Vegetables,34.7,29.4,22.4,12.4,Mumbai,2022-11-27,tomato
Tomato,Vegetables,34.9,24.1,20.7,5.6,Mumbai,2022-11-28,tomato
Tomato,Vegetables,29.8,26.2,20.6,10.1,Mumbai,2022-11-29,tomato
Tomato,Vegetables,33.0,29.2,22.6,10.1,Mumbai,2022-11-30,tomato
Tomato,Vegetables,32.1,26.2,23.0,8.9,Mumbai,2022-12-01,tomato
Tomato,Vegetables,35.5,26.9,21.6,12.7,Mumbai,2022-12-02,tomato
Tomato,Vegetables,35.5,24.8,22.2,6.1,Mumbai,2022-12-03,tomato
Tomato,Vegetables,29.7,29.3,27.1,6.0,Mumbai,2022-12-04,tomato
Tomato,Vegetables,30.0,33.5,25.9,15.0,Mumbai,2022-12-05,tomato
Tomato,Vegetables,34.2,23.1,20.6,8.7,Mumbai,2022-12-06,tomato
Tomato,Vegetables,34.3,26.7,24.9,7.4,Mumbai,2022-12-07,tomato
Tomato,Vegetables,32.5,28.9,22.4,9.3,Mumbai,2022-12-08,tomato
Tomato,Vegetables,30.8,25.8,24.0,8.3,Mumbai,2022-12-09,tomato
Tomato,Vegetables,30.8,28.8,26.6,6.6,Mumbai,2022-12-10,tomato
Tomato,Vegetables,33.2,32.3,27.0,9.0,Mumbai,2022-12-11,tomato
Tomato,Vegetables,31.3,32.2,25.1,9.8,Mumbai,2022-12-12,tomato
Tomato,Vegetables,30.4,26.0,23.2,5.0,Mumbai,2022-12-13,tomato
Tomato,Vegetables,34.8,22.7,18.9,5.9,Mumbai,2022-12-14,tomato
Tomato,Vegetables,35.2,30.0,25.5,7.6,Mumbai,2022-12-15,tomato
Tomato,Vegetables,32.4,25.7,22.6,6.9,Mumbai,2022-12-16,tomato
Tomato,Vegetables,33.6,30.1,24.8,11.6,Mumbai,2022-12-17,tomato
Tomato,Vegetables,33.5,30.3,23.0,15.3,Mumbai,2022-12-18,tomato
Tomato,Vegetables,35.4,24.5,23.1,6.6,Mumbai,2022-12-19,tomato
Tomato,Vegetables,33.7,28.5,24.3,8.5,Mumbai,2022-12-20,tomato
Tomato,Vegetables,32.9,24.7,21.1,9.5,Mumbai,2022-12-21,tomato
Tomato,Vegetables,30.6,30.6,23.5,13.1,Mumbai,2022-12-22,tomato
Tomato,Vegetables,31.7,25.0,19.5,7.9,Mumbai,2022-12-23,tomato
Tomato,Vegetables,32.2,32.6,28.9,10.6,Mumbai,2022-12-24,tomato
Tomato,Vegetables,34.3,34.3,26.6,12.3,Mumbai,2022-12-25,tomato
Tomato,Vegetables,33.8,25.5,24.1,8.7,Mumbai,2022-12-26,tomato
Tomato,Vegetables,33.8,25.6,22.5,6.7,Mumbai,2022-12-27,tomato
Tomato,Vegetables,34.6,25.0,22.6,5.1,Mumbai,2022-12-28,tomato
Tomato,Vegetables,29.5,27.2,21.1,11.0,Mumbai,2022-12-29,tomato
Tomato,Vegetables,31.1,26.5,21.5,7.4,Mumbai,2022-12-30,tomato
Tomato,Vegetables,34.1,28.2,24.6,10.1,Mumbai,2022-12-31,tomato
Tomato,Vegetables,30.6,35.3,26.4,16.3,Mumbai,2023-01-01,tomato
Tomato,Vegetables,34.4,23.7,20.8,5.7,Mumbai,2023-01-02,tomato
Tomato,Vegetables,35.8,21.2,19.4,5.7,Mumbai,2023-01-03,tomato
Tomato,Vegetables,35.1,28.1,20.9,10.7,Mumbai,2023-01-04,tomato
Tomato,Vegetables,33.9,19.9,18.5,7.0,Mumbai,2023-01-05,tomato
Tomato,Vegetables,31.6,23.4,20.5,8.2,Mumbai,2023-01-06,tomato
Tomato,Vegetables,30.3,41.5,32.1,15.9,Mumbai,2023-01-07,tomato
Tomato,Vegetables,32.9,34.5,27.8,10.4,Mumbai,2023-01-08,tomato
Tomato,Vegetables,34.6,25.7,20.7,7.8,Mumbai,2023-01-09,tomato
Tomato,Vegetables,30.2,27.6,22.1,7.7,Mumbai,2023-01-10,tomato
Tomato,Vegetables,33.0,25.2,22.5,5.5,Mumbai,2023-01-11,tomato
Tomato,Vegetables,34.4,24.1,22.9,4.9,Mumbai,2023-01-12,tomato
Tomato,Vegetables,31.8,30.7,24.4,12.8,Mumbai,2023-01-13,tomato
Tomato,Vegetables,33.5,29.6,24.4,7.6,Mumbai,2023-01-14,tomato
Tomato,Vegetables,32.2,35.6,30.2,11.1,Mumbai,2023-01-15,tomato
Tomato,Vegetables,31.9,21.8,20.0,8.0,Mumbai,2023-01-16,tomato
Tomato,Vegetables,33.4,24.0,19.6,9.6,Mumbai,2023-01-17,tomato
Tomato,Vegetables,31.8,18.2,16.6,7.6,Mumbai,2023-01-18,tomato
Tomato,Vegetables,33.0,24.5,18.2,11.8,Mumbai,2023-01-19,tomato
Tomato,Vegetables,31.3,29.1,23.0,8.9,Mumbai,2023-01-20,tomato
Tomato,Vegetables,31.6,29.9,26.2,10.8,Mumbai,2023-01-21,tomato
Tomato,Vegetables,33.4,31.9,24.1,10.1,Mumbai,2023-01-22,tomato
Tomato,Vegetables,31.8,24.6,23.3,4.4,Mumbai,2023-01-23,tomato
Tomato,Vegetables,35.6,25.3,21.6,6.1,Mumbai,2023-01-24,tomato
Tomato,Vegetables,34.5,26.8,22.4,8.3,Mumbai,2023-01-25,tomato
Tomato,Vegetables,31.7,38.9,30.0,15.5,Mumbai,2023-01-26,tomato
Tomato,Vegetables,34.3,28.2,22.2,12.5,Mumbai,2023-01-27,tomato
Tomato,Vegetables,33.8,31.2,25.9,11.5,Mumbai,2023-01-28,tomato
Tomato,Vegetables,30.5,38.4,29.9,16.1,Mumbai,2023-01-29,tomato
Tomato,Vegetables,31.3,27.1,21.2,11.3,Mumbai,2023-01-30,tomato
Tomato,Vegetables,33.8,23.8,21.8,8.9,Mumbai,2023-01-31,tomato
Tomato,Vegetables,31.1,30.5,24.5,8.3,Mumbai,2023-02-01,tomato
Tomato,Vegetables,34.2,33.1,25.7,12.2,Mumbai,2023-02-02,tomato
Tomato,Vegetables,32.1,30.0,23.5,12.7,Mumbai,2023-02-03,tomato
Tomato,Vegetables,35.4,28.1,24.3,9.6,Mumbai,2023-02-04,tomato
Tomato,Vegetables,33.8,24.8,23.0,6.9,Mumbai,2023-02-05,tomato
Tomato,Vegetables,30.5,23.5,21.9,9.4,Mumbai,2023-02-06,tomato
Tomato,Vegetables,35.5,31.2,23.8,12.2,Mumbai,2023-02-07,tomato
Tomato,Vegetables,30.9,22.4,20.6,4.6,Mumbai,2023-02-08,tomato
Tomato,Vegetables,34.5,30.7,25.3,9.8,Mumbai,2023-02-09,tomato
Tomato,Vegetables,30.2,23.0,20.0,10.0,Mumbai,2023-02-10,tomato
Tomato,Vegetables,34.6,28.5,22.9,11.0,Mumbai,2023-02-11,tomato
Tomato,Vegetables,33.6,31.0,29.1,9.5,Mumbai,2023-02-12,tomato
Tomato,Vegetables,29.6,30.4,23.3,13.9,Mumbai,2023-02-13,tomato
Tomato,Vegetables,31.0,28.1,21.4,9.1,Mumbai,2023-02-14,tomato
Tomato,Vegetables,31.6,24.6,20.1,9.9,Mumbai,2023-02-15,tomato
Tomato,Vegetables,35.8,25.8,20.9,9.3,Mumbai,2023-02-16,tomato
Tomato,Vegetables,34.5,23.9,22.4,5.4,Mumbai,2023-02-17,tomato
Tomato,Vegetables,32.8,24.5,19.4,7.7,Mumbai,2023-02-18,tomato
Tomato,Vegetables,34.5,31.1,24.3,9.9,Mumbai,2023-02-19,tomato
Tomato,Vegetables,32.8,29.9,23.2,11.0,Mumbai,2023-02-20,tomato
Tomato,Vegetables,29.6,28.1,26.0,4.3,Mumbai,2023-02-21,tomato
Tomato,Vegetables,34.6,24.5,21.7,7.0,Mumbai,2023-02-22,tomato
Tomato,Vegetables,30.0,28.2,23.2,8.8,Mumbai,2023-02-23,tomato
Tomato,Vegetables,32.3,23.1,19.8,9.5,Mumbai,2023-02-24,tomato
Tomato,Vegetables,35.0,32.1,24.6,10.9,Mumbai,2023-02-25,tomato
Tomato,Vegetables,35.1,24.2,22.3,4.3,Mumbai,2023-02-26,tomato
Tomato,Vegetables,35.3,23.9,20.8,6.0,Mumbai,2023-02-27,tomato
Tomato,Vegetables,33.5,24.6,18.4,12.1,Mumbai,2023-02-28,tomato
Tomato,Vegetables,31.7,24.6,20.1,9.3,Mumbai,2023-03-01,tomato
Tomato,Vegetables,31.7,29.6,23.3,9.0,Mumbai,2023-03-02,tomato
Tomato,Vegetables,32.8,23.6,20.9,8.7,Mumbai,2023-03-03,tomato
Tomato,Vegetables,34.4,30.1,26.5,7.8,Mumbai,2023-03-04,tomato
Tomato,Vegetables,34.2,31.0,28.2,7.3,Mumbai,2023-03-05,tomato
Tomato,Vegetables,33.8,21.7,18.3,5.5,Mumbai,2023-03-06,tomato
Tomato,Vegetables,32.0,21.6,20.5,3.4,Mumbai,2023-03-07,tomato
Tomato,Vegetables,35.5,25.9,20.3,13.2,Mumbai,2023-03-08,tomato
Tomato,Vegetables,30.2,21.5,20.3,6.0,Mumbai,2023-03-09,tomato
Tomato,Vegetables,33.6,23.4,21.9,5.7,Mumbai,2023-03-10,tomato
Tomato,Vegetables,30.0,29.0,25.2,9.3,Mumbai,2023-03-11,tomato
Tomato,Vegetables,33.2,21.6,18.8,7.1,Mumbai,2023-03-12,tomato
Tomato,Vegetables,32.3,27.7,25.4,9.4,Mumbai,2023-03-13,tomato
Tomato,Vegetables,31.6,25.9,20.4,12.8,Mumbai,2023-03-14,tomato
Tomato,Vegetables,35.1,20.9,17.0,7.0,Mumbai,2023-03-15,tomato
Tomato,Vegetables,34.5,25.9,20.5,12.2,Mumbai,2023-03-16,tomato
Tomato,Vegetables,32.2,24.5,19.5,9.9,Mumbai,2023-03-17,tomato
Tomato,Vegetables,32.7,34.2,26.2,14.6,Mumbai,2023-03-18,tomato
Tomato,Vegetables,32.9,27.0,23.4,6.5,Mumbai,2023-03-19,tomato
Tomato,Vegetables,33.6,20.5,16.3,12.0,Mumbai,2023-03-20,tomato
Tomato,Vegetables,32.4,24.1,20.0,11.2,Mumbai,2023-03-21,tomato
Tomato,Vegetables,35.5,31.3,26.4,11.5,Mumbai,2023-03-22,tomato
Tomato,Vegetables,35.4,28.3,21.0,11.4,Mumbai,2023-03-23,tomato
Tomato,Vegetables,33.4,21.1,16.9,7.1,Mumbai,2023-03-24,tomato
Tomato,Vegetables,34.6,31.3,25.2,10.6,Mumbai,2023-03-25,tomato
Tomato,Vegetables,31.5,21.6,17.8,7.9,Mumbai,2023-03-26,tomato
Tomato,Vegetables,32.2,25.6,19.9,7.8,Mumbai,2023-03-27,tomato
Tomato,Vegetables,33.3,26.7,21.2,8.6,Mumbai,2023-03-28,tomato
Tomato,Vegetables,30.3,23.4,20.3,9.0,Mumbai,2023-03-29,tomato
Tomato,Vegetables,32.4,28.1,24.8,5.6,Mumbai,2023-03-30,tomato
Tomato,Vegetables,34.5,22.2,20.8,4.1,Mumbai,2023-03-31,tomato
Tomato,Vegetables,32.1,30.4,26.7,6.1,Mumbai,2023-04-01,tomato
Tomato,Vegetables,32.4,37.0,28.5,12.3,Mumbai,2023-04-02,tomato
Tomato,Vegetables,30.3,31.8,27.5,11.0,Mumbai,2023-04-03,tomato
Tomato,Vegetables,31.0,27.7,20.6,14.9,Mumbai,2023-04-04,tomato
Tomato,Vegetables,33.7,22.7,20.4,8.9,Mumbai,2023-04-05,tomato
Tomato,Vegetables,33.2,26.6,23.2,10.9,Mumbai,2023-04-06,tomato
Tomato,Vegetables,35.2,27.0,22.2,10.9,Mumbai,2023-04-07,tomato
Tomato,Vegetables,32.1,32.0,27.9,8.0,Mumbai,2023-04-08,tomato
Tomato,Vegetables,33.6,42.2,31.6,13.8,Mumbai,2023-04-09,tomato
Tomato,Vegetables,32.0,28.7,21.3,13.5,Mumbai,2023-04-10,tomato
Tomato,Vegetables,35.3,28.2,21.7,13.2,Mumbai,2023-04-11,tomato
Tomato,Vegetables,29.7,25.0,19.1,12.0,Mumbai,2023-04-12,tomato
Tomato,Vegetables,30.1,24.8,21.4,5.8,Mumbai,2023-04-13,tomato
Tomato,Vegetables,34.2,21.3,17.7,5.9,Mumbai,2023-04-14,tomato
Tomato,Vegetables,31.1,27.3,24.8,10.1,Mumbai,2023-04-15,tomato
Tomato,Vegetables,31.9,32.8,26.3,10.2,Mumbai,2023-04-16,tomato
Tomato,Vegetables,30.2,31.9,29.7,5.4,Mumbai,2023-04-17,tomato
Tomato,Vegetables,32.5,22.1,20.9,7.0,Mumbai,2023-04-18,tomato
Tomato,Vegetables,35.1,18.5,17.4,4.4,Mumbai,2023-04-19,tomato
Tomato,Vegetables,31.5,32.1,24.8,14.5,Mumbai,2023-04-20,tomato
Tomato,Vegetables,29.7,27.7,22.2,10.9,Mumbai,2023-04-21,tomato
Tomato,Vegetables,32.9,40.3,30.1,17.2,Mumbai,2023-04-22,tomato
Tomato,Vegetables,35.0,30.0,25.1,11.0,Mumbai,2023-04-23,tomato
Tomato,Vegetables,32.1,31.8,24.1,13.8,Mumbai,2023-04-24,tomato
Tomato,Vegetables,34.8,23.9,20.6,7.9,Mumbai,2023-04-25,tomato
Tomato,Vegetables,34.7,23.2,20.1,7.5,Mumbai,2023-04-26,tomato
Tomato,Vegetables,30.4,25.6,22.2,11.0,Mumbai,2023-04-27,tomato
Tomato,Vegetables,34.9,28.3,25.8,9.0,Mumbai,2023-04-28,tomato
Tomato,Vegetables,32.5,30.9,24.4,12.4,Mumbai,2023-04-29,tomato
Tomato,Vegetables,30.9,34.8,27.1,10.3,Mumbai,2023-04-30,tomato
Tomato,Vegetables,33.4,28.1,24.7,10.6,Mumbai,2023-05-01,tomato
Tomato,Vegetables,35.5,23.0,21.3,8.8,Mumbai,2023-05-02,tomato
Tomato,Vegetables,30.2,24.6,22.2,5.9,Mumbai,2023-05-03,tomato
Tomato,Vegetables,34.1,28.6,23.4,9.6,Mumbai,2023-05-04,tomato
Tomato,Vegetables,32.9,19.1,17.6,8.8,Mumbai,2023-05-05,tomato
Tomato,Vegetables,30.8,32.7,26.5,9.7,Mumbai,2023-05-06,tomato
Tomato,Vegetables,30.9,35.4,29.6,9.4,Mumbai,2023-05-07,tomato
Tomato,Vegetables,32.1,20.0,17.6,10.2,Mumbai,2023-05-08,tomato
Tomato,Vegetables,33.2,26.6,20.5,8.4,Mumbai,2023-05-09,tomato
Tomato,Vegetables,29.5,32.4,26.3,11.8,Mumbai,2023-05-10,tomato
Tomato,Vegetables,30.3,30.5,22.7,13.0,Mumbai,2023-05-11,tomato
Tomato,Vegetables,30.1,24.2,20.6,9.9,Mumbai,2023-05-12,tomato
Tomato,Vegetables,31.5,29.4,25.7,8.8,Mumbai,2023-05-13,tomato
Tomato,Vegetables,32.6,32.3,30.3,6.8,Mumbai,2023-05-14,tomato
Tomato,Vegetables,35.8,17.7,13.8,7.6,Mumbai,2023-05-15,tomato
Tomato,Vegetables,33.8,24.1,18.8,8.6,Mumbai,2023-05-16,tomato
Tomato,Vegetables,34.9,23.0,19.8,9.7,Mumbai,2023-05-17,tomato
Tomato,Vegetables,31.1,20.3,19.2,8.0,Mumbai,2023-05-18,tomato
Tomato,Vegetables,34.9,30.0,22.8,9.4,Mumbai,2023-05-19,tomato
Tomato,Vegetables,34.3,28.2,23.7,8.9,Mumbai,2023-05-20,tomato
Tomato,Vegetables,32.3,37.3,28.6,13.2,Mumbai,2023-05-21,tomato
Tomato,Vegetables,31.4,24.9,23.2,4.1,Mumbai,2023-05-22,tomato
Tomato,Vegetables,33.8,24.4,19.4,8.2,Mumbai,2023-05-23,tomato
Tomato,Vegetables,35.6,29.1,22.8,10.8,Mumbai,2023-05-24,tomato
Tomato,Vegetables,32.4,32.3,24.6,9.9,Mumbai,2023-05-25,tomato
Tomato,Vegetables,34.6,19.7,17.2,8.1,Mumbai,2023-05-26,tomato
Tomato,Vegetables,33.8,20.0,18.2,7.2,Mumbai,2023-05-27,tomato
Tomato,Vegetables,32.4,31.4,26.6,10.0,Mumbai,2023-05-28,tomato
Tomato,Vegetables,32.6,34.2,25.7,12.4,Mumbai,2023-05-29,tomato
Tomato,Vegetables,29.7,33.7,25.5,10.9,Mumbai,2023-05-30,tomato
Tomato,Vegetables,32.8,28.6,26.1,7.2,Mumbai,2023-05-31,tomato
Tomato,Vegetables,34.6,26.5,21.8,10.5,Mumbai,2023-06-01,tomato
Tomato,Vegetables,33.0,27.2,22.3,12.2,Mumbai,2023-06-02,tomato
Tomato,Vegetables,30.8,42.1,32.9,15.8,Mumbai,2023-06-03,tomato
Tomato,Vegetables,30.2,25.6,22.9,10.2,Mumbai,2023-06-04,tomato
Tomato,Vegetables,31.7,32.3,26.0,10.6,Mumbai,2023-06-05,tomato
Tomato,Vegetables,32.2,31.1,23.9,13.2,Mumbai,2023-06-06,tomato
Tomato,Vegetables,29.6,24.2,20.9,8.8,Mumbai,2023-06-07,tomato
Tomato,Vegetables,31.8,25.6,19.7,10.7,Mumbai,2023-06-08,tomato
Tomato,Vegetables,32.7,21.8,17.2,8.0,Mumbai,2023-06-09,tomato
Tomato,Vegetables,33.9,28.2,23.3,7.5,Mumbai,2023-06-10,tomato
Tomato,Vegetables,29.6,33.1,28.4,11.5,Mumbai,2023-06-11,tomato
Tomato,Vegetables,32.7,21.3,20.1,8.3,Mumbai,2023-06-12,tomato
Tomato,Vegetables,35.4,31.2,25.2,11.4,Mumbai,2023-06-13,tomato
Tomato,Vegetables,31.3,31.3,25.0,12.7,Mumbai,2023-06-14,tomato
Tomato,Vegetables,33.1,21.6,17.8,6.6,Mumbai,2023-06-15,tomato
Tomato,Vegetables,29.9,29.0,22.6,12.5,Mumbai,2023-06-16,tomato
Tomato,Vegetables,33.6,29.1,24.9,8.7,Mumbai,2023-06-17,tomato
Tomato,Vegetables,32.4,33.6,27.9,12.4,Mumbai,2023-06-18,tomato
Tomato,Vegetables,30.8,25.2,22.9,8.5,Mumbai,2023-06-19,tomato
Tomato,Vegetables,29.8,18.3,14.9,6.6,Mumbai,2023-06-20,tomato
Tomato,Vegetables,29.5,26.9,20.8,10.5,Mumbai,2023-06-21,tomato
Tomato,Vegetables,35.3,21.6,16.6,8.2,Mumbai,2023-06-22,tomato
Tomato,Vegetables,30.4,25.2,20.6,7.3,Mumbai,2023-06-23,tomato
Tomato,Vegetables,32.8,26.6,21.7,10.9,Mumbai,2023-06-24,tomato
Tomato,Vegetables,33.0,36.0,27.1,15.1,Mumbai,2023-06-25,tomato
Tomato,Vegetables,32.2,27.6,24.8,4.9,Mumbai,2023-06-26,tomato
Tomato,Vegetables,30.0,26.9,21.1,10.1,Mumbai,2023-06-27,tomato
Tomato,Vegetables,31.5,21.8,20.5,6.5,Mumbai,2023-06-28,tomato
Tomato,Vegetables,33.4,22.7,21.6,3.5,Mumbai,2023-06-29,tomato
Tomato,Vegetables,31.2,27.3,25.0,8.9,Mumbai,2023-06-30,tomato
Tomato,Vegetables,30.1,31.5,28.1,11.2,Mumbai,2023-07-01,tomato
Tomato,Vegetables,35.0,28.3,22.2,10.2,Mumbai,2023-07-02,tomato
Tomato,Vegetables,29.8,21.2,19.5,4.4,Mumbai,2023-07-03,tomato
Tomato,Vegetables,33.7,19.7,17.6,8.2,Mumbai,2023-07-04,tomato
Tomato,Vegetables,32.9,24.0,21.9,7.8,Mumbai,2023-07-05,tomato
Tomato,Vegetables,33.6,28.4,21.7,12.5,Mumbai,2023-07-06,tomato
Tomato,Vegetables,30.3,32.4,24.5,15.2,Mumbai,2023-07-07,tomato
Tomato,Vegetables,31.7,28.5,21.9,11.7,Mumbai,2023-07-08,tomato
Tomato,Vegetables,32.4,36.9,30.0,11.1,Mumbai,2023-07-09,tomato
Tomato,Vegetables,34.3,21.5,18.5,8.5,Mumbai,2023-07-10,tomato
Tomato,Vegetables,32.0,29.5,24.8,8.7,Mumbai,2023-07-11,tomato
Tomato,Vegetables,31.6,28.9,23.5,10.2,Mumbai,2023-07-12,tomato
Tomato,Vegetables,29.4,26.7,21.3,9.5,Mumbai,2023-07-13,tomato
Tomato,Vegetables,33.1,29.7,22.7,9.9,Mumbai,2023-07-14,tomato
Tomato,Vegetables,34.4,28.9,27.0,5.9,Mumbai,2023-07-15,tomato
Tomato,Vegetables,33.5,29.6,23.7,12.1,Mumbai,2023-07-16,tomato
Tomato,Vegetables,31.7,24.4,20.0,9.7,Mumbai,2023-07-17,tomato
Tomato,Vegetables,30.5,35.7,27.4,15.5,Mumbai,2023-07-18,tomato
Tomato,Vegetables,30.7,23.8,19.6,6.3,Mumbai,2023-07-19,tomato
Tomato,Vegetables,34.3,19.9,15.2,7.6,Mumbai,2023-07-20,tomato
Tomato,Vegetables,35.2,24.3,21.5,6.0,Mumbai,2023-07-21,tomato
Tomato,Vegetables,32.6,35.3,29.4,11.8,Mumbai,2023-07-22,tomato
Tomato,Vegetables,34.6,26.8,25.2,3.9,Mumbai,2023-07-23,tomato
Tomato,Vegetables,31.2,30.4,24.6,9.8,Mumbai,2023-07-24,tomato
Tomato,Vegetables,30.5,21.5,16.7,10.7,Mumbai,2023-07-25,tomato
Tomato,Vegetables,29.9,27.4,22.6,8.8,Mumbai,2023-07-26,tomato
Tomato,Vegetables,35.6,24.5,23.1,4.0,Mumbai,2023-07-27,tomato
Tomato,Vegetables,31.9,28.8,21.9,12.2,Mumbai,2023-07-28,tomato
Tomato,Vegetables,34.7,26.2,23.3,8.8,Mumbai,2023-07-29,tomato
Tomato,Vegetables,35.0,28.5,24.0,7.7,Mumbai,2023-07-30,tomato
Tomato,Vegetables,33.5,24.2,22.4,8.7,Mumbai,2023-07-31,tomato
Tomato,Vegetables,34.6,21.7,17.9,6.0,Mumbai,2023-08-01,tomato
Tomato,Vegetables,31.2,24.2,22.4,9.0,Mumbai,2023-08-02,tomato
Tomato,Vegetables,34.9,20.2,18.4,8.0,Mumbai,2023-08-03,tomato
Tomato,Vegetables,33.9,20.4,18.7,8.1,Mumbai,2023-08-04,tomato
Tomato,Vegetables,30.8,31.1,25.3,13.0,Mumbai,2023-08-05,tomato
Tomato,Vegetables,33.2,29.4,25.7,10.8,Mumbai,2023-08-06,tomato
Tomato,Vegetables,31.4,30.3,22.6,12.6,Mumbai,2023-08-07,tomato
Tomato,Vegetables,35.5,23.3,18.8,10.5,Mumbai,2023-08-08,tomato
Tomato,Vegetables,33.8,31.1,23.9,10.1,Mumbai,2023-08-09,tomato
Tomato,Vegetables,29.8,27.3,23.6,8.4,Mumbai,2023-08-10,tomato
Tomato,Vegetables,34.7,28.0,21.1,14.7,Mumbai,2023-08-11,tomato
Tomato,Vegetables,34.7,25.1,20.4,7.9,Mumbai,2023-08-12,tomato
Tomato,Vegetables,29.8,35.5,26.8,13.6,Mumbai,2023-08-13,tomato
Tomato,Vegetables,32.7,22.8,19.3,11.0,Mumbai,2023-08-14,tomato
Tomato,Vegetables,34.7,30.0,26.9,6.9,Mumbai,2023-08-15,tomato
Tomato,Vegetables,33.7,32.2,25.4,13.1,Mumbai,2023-08-16,tomato
Tomato,Vegetables,35.1,28.4,22.2,9.7,Mumbai,2023-08-17,tomato
Tomato,Vegetables,35.0,29.7,22.9,9.2,Mumbai,2023-08-18,tomato
Tomato,Vegetables,34.4,29.3,24.4,12.8,Mumbai,2023-08-19,tomato
Tomato,Vegetables,32.4,29.8,25.3,10.1,Mumbai,2023-08-20,tomato
Tomato,Vegetables,30.4,25.9,21.5,9.3,Mumbai,2023-08-21,tomato
Tomato,Vegetables,34.8,23.4,20.1,9.1,Mumbai,2023-08-22,tomato
Tomato,Vegetables,34.8,20.8,16.6,9.0,Mumbai,2023-08-23,tomato
Tomato,Vegetables,33.5,22.2,19.4,7.5,Mumbai,2023-08-24,tomato
Tomato,Vegetables,32.3,26.4,20.8,13.2,Mumbai,2023-08-25,tomato
Tomato,Vegetables,31.9,33.4,30.3,8.7,Mumbai,2023-08-26,tomato
Tomato,Vegetables,34.6,28.4,21.7,12.9,Mumbai,2023-08-27,tomato
Tomato,Vegetables,30.0,25.8,23.3,7.2,Mumbai,2023-08-28,tomato
Tomato,Vegetables,31.6,24.3,21.9,6.3,Mumbai,2023-08-29,tomato
Tomato,Vegetables,30.7,27.5,22.2,13.0,Mumbai,2023-08-30,tomato
Tomato,Vegetables,35.5,26.2,21.3,8.5,Mumbai,2023-08-31,tomato
Tomato,Vegetables,31.0,26.0,21.3,8.5,Mumbai,2023-09-01,tomato
Tomato,Vegetables,33.6,27.4,23.3,7.4,Mumbai,2023-09-02,tomato
Tomato,Vegetables,32.8,30.0,27.8,8.6,Mumbai,2023-09-03,tomato
Tomato,Vegetables,31.4,25.9,22.3,7.7,Mumbai,2023-09-04,tomato
Tomato,Vegetables,31.7,27.5,21.1,13.7,Mumbai,2023-09-05,tomato
Tomato,Vegetables,29.7,28.9,22.5,8.8,Mumbai,2023-09-06,tomato
Tomato,Vegetables,34.6,21.5,17.4,9.1,Mumbai,2023-09-07,tomato
Tomato,Vegetables,33.5,28.5,23.9,11.2,Mumbai,2023-09-08,tomato
Tomato,Vegetables,29.7,35.7,29.1,9.6,Mumbai,2023-09-09,tomato
Tomato,Vegetables,29.9,21.5,20.4,5.6,Mumbai,2023-09-10,tomato
Tomato,Vegetables,31.6,20.9,17.9,10.1,Mumbai,2023-09-11,tomato
Tomato,Vegetables,33.4,33.8,27.2,10.9,Mumbai,2023-09-12,tomato
Tomato,Vegetables,34.4,21.9,20.6,4.0,Mumbai,2023-09-13,tomato
Tomato,Vegetables,30.0,23.2,19.6,9.8,Mumbai,2023-09-14,tomato
Tomato,Vegetables,31.4,25.3,24.0,5.2,Mumbai,2023-09-15,tomato
Tomato,Vegetables,33.4,29.9,22.8,13.6,Mumbai,2023-09-16,tomato
Tomato,Vegetables,32.3,34.7,26.8,14.5,Mumbai,2023-09-17,tomato
Tomato,Vegetables,35.7,27.6,25.5,6.1,Mumbai,2023-09-18,tomato
Tomato,Vegetables,30.7,29.2,26.3,7.4,Mumbai,2023-09-19,tomato
Tomato,Vegetables,33.3,30.8,24.7,8.7,Mumbai,2023-09-20,tomato
Tomato,Vegetables,35.3,21.5,18.2,9.5,Mumbai,2023-09-21,tomato
Tomato,Vegetables,30.5,21.7,19.3,10.2,Mumbai,2023-09-22,tomato
Tomato,Vegetables,35.1,29.0,26.1,8.2,Mumbai,2023-09-23,tomato
Tomato,Vegetables,31.8,25.1,21.7,9.2,Mumbai,2023-09-24,tomato
Tomato,Vegetables,31.1,30.9,24.2,11.0,Mumbai,2023-09-25,tomato
Tomato,Vegetables,30.9,27.3,21.9,12.2,Mumbai,2023-09-26,tomato
Tomato,Vegetables,34.9,29.2,23.1,9.2,Mumbai,2023-09-27,tomato
Tomato,Vegetables,34.9,30.3,28.3,7.6,Mumbai,2023-09-28,tomato
Tomato,Vegetables,33.2,29.4,22.1,9.7,Mumbai,2023-09-29,tomato
Tomato,Vegetables,33.1,24.8,21.6,9.2,Mumbai,2023-09-30,tomato
Tomato,Vegetables,35.5,32.8,25.7,14.3,Mumbai,2023-10-01,tomato
Tomato,Vegetables,34.6,27.3,23.8,10.4,Mumbai,2023-10-02,tomato
Tomato,Vegetables,31.4,25.8,21.1,10.9,Mumbai,2023-10-03,tomato
Tomato,Vegetables,32.2,30.2,23.5,14.3,Mumbai,2023-10-04,tomato
Tomato,Vegetables,30.6,27.9,22.7,9.2,Mumbai,2023-10-05,tomato
Tomato,Vegetables,34.5,26.5,20.4,10.1,Mumbai,2023-10-06,tomato
Tomato,Vegetables,33.8,28.4,21.2,11.3,Mumbai,2023-10-07,tomato
Tomato,Vegetables,33.4,34.1,29.3,6.9,Mumbai,2023-10-08,tomato
Tomato,Vegetables,30.0,28.9,24.4,10.0,Mumbai,2023-10-09,tomato
Tomato,Vegetables,35.5,21.4,19.6,9.0,Mumbai,2023-10-10,tomato
Tomato,Vegetables,31.9,33.1,25.1,12.1,Mumbai,2023-10-11,tomato
Tomato,Vegetables,34.3,18.6,17.6,6.7,Mumbai,2023-10-12,tomato
Tomato,Vegetables,33.5,31.2,23.4,11.9,Mumbai,2023-10-13,tomato
Tomato,Vegetables,32.4,33.6,26.1,14.6,Mumbai,2023-10-14,tomato
Tomato,Vegetables,32.1,34.0,29.2,9.2,Mumbai,2023-10-15,tomato
Tomato,Vegetables,30.3,25.6,21.1,8.5,Mumbai,2023-10-16,tomato
Tomato,Vegetables,33.2,29.4,25.9,6.5,Mumbai,2023-10-17,tomato
Tomato,Vegetables,33.9,24.0,20.6,8.8,Mumbai,2023-10-18,tomato
Tomato,Vegetables,35.5,21.3,18.1,8.1,Mumbai,2023-10-19,tomato
Tomato,Vegetables,34.3,23.6,21.3,6.4,Mumbai,2023-10-20,tomato
Tomato,Vegetables,29.8,35.6,30.0,10.8,Mumbai,2023-10-21,tomato
Tomato,Vegetables,34.2,31.5,27.9,9.2,Mumbai,2023-10-22,tomato
Tomato,Vegetables,35.6,22.3,19.6,7.8,Mumbai,2023-10-23,tomato
Tomato,Vegetables,29.9,29.1,23.2,11.8,Mumbai,2023-10-24,tomato
Tomato,Vegetables,35.0,28.9,26.2,4.7,Mumbai,2023-10-25,tomato
Tomato,Vegetables,30.5,23.9,22.4,6.1,Mumbai,2023-10-26,tomato
Tomato,Vegetables,32.4,21.6,19.4,9.0,Mumbai,2023-10-27,tomato
Tomato,Vegetables,33.1,28.4,26.8,8.7,Mumbai,2023-10-28,tomato
Tomato,Vegetables,33.5,28.8,23.7,10.5,Mumbai,2023-10-29,tomato
Tomato,Vegetables,34.6,22.5,19.4,8.4,Mumbai,2023-10-30,tomato
Tomato,Vegetables,33.2,23.1,19.7,7.4,Mumbai,2023-10-31,tomato
Tomato,Vegetables,35.8,25.3,21.3,8.6,Mumbai,2023-11-01,tomato
Tomato,Vegetables,32.5,26.1,22.4,11.2,Mumbai,2023-11-02,tomato
Tomato,Vegetables,35.4,26.0,23.0,7.4,Mumbai,2023-11-03,tomato
Tomato,Vegetables,35.6,19.8,17.9,6.2,Mumbai,2023-11-04,tomato
Tomato,Vegetables,33.5,31.6,29.8,4.3,Mumbai,2023-11-05,tomato
Tomato,Vegetables,29.5,27.5,21.1,9.5,Mumbai,2023-11-06,tomato
Tomato,Vegetables,33.7,21.9,20.2,7.3,Mumbai,2023-11-07,tomato
Tomato,Vegetables,32.2,27.3,24.8,8.1,Mumbai,2023-11-08,tomato
Tomato,Vegetables,34.7,26.0,20.6,13.3,Mumbai,2023-11-09,tomato
Tomato,Vegetables,29.5,24.7,23.5,6.0,Mumbai,2023-11-10,tomato
Tomato,Vegetables,34.4,30.9,28.0,9.0,Mumbai,2023-11-11,tomato
Tomato,Vegetables,30.3,29.2,27.5,4.2,Mumbai,2023-11-12,tomato
Tomato,Vegetables,35.0,26.1,24.6,5.3,Mumbai,2023-11-13,tomato
Tomato,Vegetables,33.1,25.7,20.0,9.4,Mumbai,2023-11-14,tomato
Tomato,Vegetables,29.7,26.3,20.8,13.2,Mumbai,2023-11-15,tomato
Tomato,Vegetables,34.8,20.7,15.6,11.7,Mumbai,2023-11-16,tomato
Tomato,Vegetables,33.1,33.4,25.4,13.6,Mumbai,2023-11-17,tomato
Tomato,Vegetables,35.7,33.6,25.3,12.4,Mumbai,2023-11-18,tomato
Tomato,Vegetables,33.9,31.7,28.8,10.3,Mumbai,2023-11-19,tomato
Tomato,Vegetables,31.0,25.6,20.0,10.6,Mumbai,2023-11-20,tomato
Tomato,Vegetables,35.3,28.2,22.3,12.5,Mumbai,2023-11-21,tomato
Tomato,Vegetables,30.2,26.0,23.8,6.1,Mumbai,2023-11-22,tomato
Tomato,Vegetables,35.4,26.3,20.2,8.4,Mumbai,2023-11-23,tomato
Tomato,Vegetables,32.3,24.5,22.7,6.5,Mumbai,2023-11-24,tomato
Tomato,Vegetables,32.7,30.5,23.3,14.9,Mumbai,2023-11-25,tomato
Tomato,Vegetables,32.7,34.6,31.2,11.0,Mumbai,2023-11-26,tomato
Tomato,Vegetables,29.4,24.2,23.0,7.0,Mumbai,2023-11-27,tomato
Tomato,Vegetables,31.6,21.7,18.5,10.2,Mumbai,2023-11-28,tomato
Tomato,Vegetables,33.9,21.8,20.2,3.9,Mumbai,2023-11-29,tomato
Tomato,Vegetables,32.7,31.6,24.1,10.3,Mumbai,2023-11-30,tomato
Tomato,Vegetables,33.3,31.7,24.8,14.5,Mumbai,2023-12-01,tomato
Tomato,Vegetables,30.1,29.6,24.4,9.7,Mumbai,2023-12-02,tomato
Tomato,Vegetables,35.0,28.4,21.3,9.5,Mumbai,2023-12-03,tomato
Tomato,Vegetables,33.9,20.2,16.5,8.1,Mumbai,2023-12-04,tomato
Tomato,Vegetables,30.9,23.7,19.1,11.0,Mumbai,2023-12-05,tomato
Tomato,Vegetables,35.5,32.8,25.2,14.6,Mumbai,2023-12-06,tomato
Tomato,Vegetables,29.7,23.9,20.7,5.3,Mumbai,2023-12-07,tomato
Tomato,Vegetables,33.0,29.0,22.4,10.7,Mumbai,2023-12-08,tomato
Tomato,Vegetables,29.7,30.5,27.7,8.8,Mumbai,2023-12-09,tomato
Tomato,Vegetables,30.3,27.5,25.5,6.0,Mumbai,2023-12-10,tomato
Tomato,Vegetables,35.6,20.0,18.9,8.1,Mumbai,2023-12-11,tomato
Tomato,Vegetables,35.8,25.6,22.7,10.8,Mumbai,2023-12-12,tomato
Tomato,Vegetables,35.0,27.6,21.0,9.4,Mumbai,2023-12-13,tomato
Tomato,Vegetables,35.0,26.0,24.7,9.0,Mumbai,2023-12-14,tomato
Tomato,Vegetables,32.8,22.3,19.3,8.4,Mumbai,2023-12-15,tomato
Tomato,Vegetables,34.0,26.8,22.5,10.3,Mumbai,2023-12-16,tomato
Tomato,Vegetables,34.0,25.5,22.2,7.2,Mumbai,2023-12-17,tomato
Tomato,Vegetables,32.6,33.7,27.3,10.6,Mumbai,2023-12-18,tomato
Tomato,Vegetables,31.3,27.2,23.8,9.3,Mumbai,2023-12-19,tomato
Tomato,Vegetables,32.2,36.3,27.3,11.8,Mumbai,2023-12-20,tomato
Tomato,Vegetables,32.3,24.8,20.5,11.3,Mumbai,2023-12-21,tomato
Tomato,Vegetables,35.8,30.9,23.3,14.6,Mumbai,2023-12-22,tomato
Tomato,Vegetables,35.0,30.6,29.1,6.6,Mumbai,2023-12-23,tomato
Tomato,Vegetables,34.4,28.3,26.9,6.9,Mumbai,2023-12-24,tomato
Tomato,Vegetables,34.9,22.9,19.4,9.9,Mumbai,2023-12-25,tomato
Tomato,Vegetables,32.8,26.7,22.4,11.3,Mumbai,2023-12-26,tomato
Tomato,Vegetables,30.0,34.9,28.5,9.1,Mumbai,2023-12-27,tomato
Tomato,Vegetables,33.0,29.3,25.2,9.2,Mumbai,2023-12-28,tomato
Tomato,Vegetables,30.2,24.1,21.6,8.6,Mumbai,2023-12-29,tomato
Tomato,Vegetables,34.7,34.7,28.2,13.4,Mumbai,2023-12-30,tomato
Tomato,Vegetables,35.7,28.2,26.2,6.9,Mumbai,2023-12-31,tomato
Tomato,Vegetables,32.4,34.7,30.2,10.2,Nashik,2022-01-01,tomato
Tomato,Vegetables,29.5,39.2,29.8,16.6,Nashik,2022-01-02,tomato
Tomato,Vegetables,32.9,21.0,19.3,3.7,Nashik,2022-01-03,tomato
Tomato,Vegetables,33.8,24.0,21.3,6.5,Nashik,2022-01-04,tomato
Tomato,Vegetables,29.7,21.0,19.6,8.1,Nashik,2022-01-05,tomato
Tomato,Vegetables,35.4,30.3,25.1,8.0,Nashik,2022-01-06,tomato
Tomato,Vegetables,33.6,23.0,17.3,12.6,Nashik,2022-01-07,tomato
Tomato,Vegetables,31.2,34.3,25.6,13.0,Nashik,2022-01-08,tomato
Tomato,Vegetables,33.1,35.5,31.6,11.4,Nashik,2022-01-09,tomato
Tomato,Vegetables,31.1,30.6,24.5,12.7,Nashik,2022-01-10,tomato
Tomato,Vegetables,35.1,27.8,25.8,8.7,Nashik,2022-01-11,tomato
Tomato,Vegetables,34.3,24.1,20.5,7.5,Nashik,2022-01-12,tomato
Tomato,Vegetables,31.9,30.1,22.7,13.4,Nashik,2022-01-13,tomato
Tomato,Vegetables,33.2,26.7,19.8,12.2,Nashik,2022-01-14,tomato
Tomato,Vegetables,31.7,35.8,26.7,16.5,Nashik,2022-01-15,tomato
Tomato,Vegetables,35.5,32.0,30.5,5.5,Nashik,2022-01-16,tomato
Tomato,Vegetables,33.5,30.7,24.3,12.1,Nashik,2022-01-17,tomato
Tomato,Vegetables,32.4,23.3,18.5,11.5,Nashik,2022-01-18,tomato
Tomato,Vegetables,33.9,30.3,22.7,13.3,Nashik,2022-01-19,tomato
Tomato,Vegetables,30.0,21.6,18.0,11.0,Nashik,2022-01-20,tomato
Tomato,Vegetables,32.1,30.4,23.0,11.0,Nashik,2022-01-21,tomato
Tomato,Vegetables,32.6,31.3,27.2,9.3,Nashik,2022-01-22,tomato
Tomato,Vegetables,29.6,27.7,23.0,10.9,Nashik,2022-01-23,tomato
Tomato,Vegetables,33.3,27.1,22.6,10.5,Nashik,2022-01-24,tomato
Tomato,Vegetables,30.5,32.7,26.7,13.4,Nashik,2022-01-25,tomato
Tomato,Vegetables,32.3,22.8,20.9,4.2,Nashik,2022-01-26,tomato
Tomato,Vegetables,32.5,21.6,17.6,7.5,Nashik,2022-01-27,tomato
Tomato,Vegetables,30.8,26.2,21.2,12.7,Nashik,2022-01-28,tomato
Tomato,Vegetables,30.7,29.0,26.7,6.1,Nashik,2022-01-29,tomato
Tomato,Vegetables,35.8,27.1,20.8,12.5,Nashik,2022-01-30,tomato
Tomato,Vegetables,29.6,30.3,24.0,12.3,Nashik,2022-01-31,tomato
Tomato,Vegetables,30.6,21.4,18.0,6.6,Nashik,2022-02-01,tomato
Tomato,Vegetables,35.4,20.9,15.8,12.5,Nashik,2022-02-02,tomato
Tomato,Vegetables,32.7,31.0,24.7,10.2,Nashik,2022-02-03,tomato
Tomato,Vegetables,31.4,31.1,25.3,10.6,Nashik,2022-02-04,tomato
Tomato,Vegetables,33.7,33.5,25.9,14.3,Nashik,2022-02-05,tomato
Tomato,Vegetables,31.8,36.3,28.8,13.7,Nashik,2022-02-06,tomato
Tomato,Vegetables,30.4,27.2,22.2,12.8,Nashik,2022-02-07,tomato
Tomato,Vegetables,30.8,22.7,19.6,8.9,Nashik,2022-02-08,tomato
Tomato,Vegetables,30.9,21.8,18.1,8.1,Nashik,2022-02-09,tomato
Tomato,Vegetables,33.6,28.5,22.4,12.3,Nashik,2022-02-10,tomato
Tomato,Vegetables,34.8,23.1,17.3,12.9,Nashik,2022-02-11,tomato
Tomato,Vegetables,35.4,28.3,25.0,10.2,Nashik,2022-02-12,tomato
Tomato,Vegetables,34.7,26.5,24.9,7.2,Nashik,2022-02-13,tomato
Tomato,Vegetables,34.9,18.5,17.2,7.7,Nashik,2022-02-14,tomato
Tomato,Vegetables,29.9,33.9,27.6,13.8,Nashik,2022-02-15,tomato
Tomato,Vegetables,32.1,25.1,23.8,8.8,Nashik,2022-02-16,tomato
Tomato,Vegetables,30.6,27.3,24.1,10.4,Nashik,2022-02-17,tomato
Tomato,Vegetables,33.8,22.9,19.6,11.1,Nashik,2022-02-18,tomato
Tomato,Vegetables,30.1,33.8,25.9,11.9,Nashik,2022-02-19,tomato
Tomato,Vegetables,33.6,22.4,21.0,4.3,Nashik,2022-02-20,tomato
Tomato,Vegetables,33.1,32.8,24.6,15.8,Nashik,2022-02-21,tomato
Tomato,Vegetables,30.2,28.6,21.6,13.6,Nashik,2022-02-22,tomato
Tomato,Vegetables,35.6,26.4,22.3,10.5,Nashik,2022-02-23,tomato
Tomato,Vegetables,34.1,25.4,22.6,10.7,Nashik,2022-02-24,tomato
Tomato,Vegetables,34.6,26.3,21.3,7.5,Nashik,2022-02-25,tomato
Tomato,Vegetables,31.1,37.2,27.8,13.8,Nashik,2022-02-26,tomato
Tomato,Vegetables,35.2,35.6,27.2,16.2,Nashik,2022-02-27,tomato
Tomato,Vegetables,31.2,24.5,20.0,10.9,Nashik,2022-02-28,tomato
Tomato,Vegetables,31.0,24.5,22.3,8.0,Nashik,2022-03-01,tomato
Tomato,Vegetables,32.0,23.3,19.4,7.1,Nashik,2022-03-02,tomato
Tomato,Vegetables,33.1,16.2,15.1,3.8,Nashik,2022-03-03,tomato
Tomato,Vegetables,34.0,21.1,19.1,4.3,Nashik,2022-03-04,tomato
Tomato,Vegetables,32.1,34.6,28.8,13.2,Nashik,2022-03-05,tomato
Tomato,Vegetables,29.5,28.8,21.9,10.1,Nashik,2022-03-06,tomato
Tomato,Vegetables,29.9,20.6,17.7,8.6,Nashik,2022-03-07,tomato
Tomato,Vegetables,34.9,21.7,18.9,5.5,Nashik,2022-03-08,tomato
Tomato,Vegetables,35.7,22.9,18.9,7.6,Nashik,2022-03-09,tomato
Tomato,Vegetables,31.8,28.1,23.1,11.3,Nashik,2022-03-10,tomato
Tomato,Vegetables,34.3,26.0,23.5,5.5,Nashik,2022-03-11,tomato
Tomato,Vegetables,35.6,32.8,24.4,12.9,Nashik,2022-03-12,tomato
Tomato,Vegetables,32.7,27.9,21.6,10.3,Nashik,2022-03-13,tomato
Tomato,Vegetables,32.2,22.3,18.7,10.1,Nashik,2022-03-14,tomato
Tomato,Vegetables,35.0,22.4,18.8,7.5,Nashik,2022-03-15,tomato
Tomato,Vegetables,35.3,30.7,24.1,8.9,Nashik,2022-03-16,tomato
Tomato,Vegetables,30.6,25.2,20.6,11.8,Nashik,2022-03-17,tomato
Tomato,Vegetables,33.2,28.6,23.9,10.1,Nashik,2022-03-18,tomato
Tomato,Vegetables,29.9,39.3,29.6,15.7,Nashik,2022-03-19,tomato
Tomato,Vegetables,30.4,29.7,23.7,10.9,Nashik,2022-03-20,tomato
Tomato,Vegetables,34.8,19.8,18.4,7.6,Nashik,2022-03-21,tomato
Tomato,Vegetables,35.0,20.1,17.0,9.8,Nashik,2022-03-22,tomato
Tomato,Vegetables,35.3,21.0,19.6,6.6,Nashik,2022-03-23,tomato
Tomato,Vegetables,33.5,23.6,21.2,7.3,Nashik,2022-03-24,tomato
Tomato,Vegetables,33.6,27.1,20.8,10.1,Nashik,2022-03-25,tomato
Tomato,Vegetables,29.8,35.5,29.3,12.8,Nashik,2022-03-26,tomato
Tomato,Vegetables,31.3,38.0,32.6,7.9,Nashik,2022-03-27,tomato
Tomato,Vegetables,33.1,24.8,22.1,8.7,Nashik,2022-03-28,tomato
Tomato,Vegetables,31.8,24.8,22.8,4.6,Nashik,2022-03-29,tomato
Tomato,Vegetables,29.6,28.0,23.4,9.7,Nashik,2022-03-30,tomato
Tomato,Vegetables,33.9,27.7,22.0,9.6,Nashik,2022-03-31,tomato
Tomato,Vegetables,30.5,35.1,27.2,10.4,Nashik,2022-04-01,tomato
Tomato,Vegetables,33.2,25.3,23.7,8.5,Nashik,2022-04-02,tomato
Tomato,Vegetables,33.7,34.3,28.6,9.5,Nashik,2022-04-03,tomato
Tomato,Vegetables,34.5,30.0,23.4,9.4,Nashik,2022-04-04,tomato
Tomato,Vegetables,35.2,21.6,19.4,10.0,Nashik,2022-04-05,tomato
Tomato,Vegetables,31.4,26.0,19.4,12.4,Nashik,2022-04-06,tomato
Tomato,Vegetables,30.6,30.6,25.1,8.3,Nashik,2022-04-07,tomato
Tomato,Vegetables,31.3,25.3,22.6,5.5,Nashik,2022-04-08,tomato
Tomato,Vegetables,31.5,26.7,22.6,8.0,Nashik,2022-04-09,tomato
Tomato,Vegetables,35.8,36.0,29.4,13.6,Nashik,2022-04-10,tomato
Tomato,Vegetables,32.3,29.0,22.7,10.3,Nashik,2022-04-11,tomato
Tomato,Vegetables,33.3,22.5,20.9,3.8,Nashik,2022-04-12,tomato
Tomato,Vegetables,34.7,25.7,20.9,11.1,Nashik,2022-04-13,tomato
Tomato,Vegetables,34.2,27.1,22.7,10.1,Nashik,2022-04-14,tomato
Tomato,Vegetables,33.6,26.8,22.3,8.8,Nashik,2022-04-15,tomato
Tomato,Vegetables,31.1,29.5,23.8,8.7,Nashik,2022-04-16,tomato
Tomato,Vegetables,34.6,34.6,26.7,15.5,Nashik,2022-04-17,tomato
Tomato,Vegetables,32.4,21.7,20.3,7.5,Nashik,2022-04-18,tomato
Tomato,Vegetables,31.2,28.7,22.3,9.6,Nashik,2022-04-19,tomato
Tomato,Vegetables,35.2,21.0,18.3,7.1,Nashik,2022-04-20,tomato
Tomato,Vegetables,30.3,29.9,22.3,13.8,Nashik,2022-04-21,tomato
Tomato,Vegetables,34.3,30.1,27.1,9.3,Nashik,2022-04-22,tomato
Tomato,Vegetables,33.0,40.0,29.8,12.8,Nashik,2022-04-23,tomato
Tomato,Vegetables,34.5,31.6,23.8,11.7,Nashik,2022-04-24,tomato
Tomato,Vegetables,31.8,26.7,22.7,11.1,Nashik,2022-04-25,tomato
Tomato,Vegetables,34.6,28.7,23.9,9.3,Nashik,2022-04-26,tomato
Tomato,Vegetables,32.5,32.8,24.9,11.4,Nashik,2022-04-27,tomato
Tomato,Vegetables,34.7,21.2,18.3,5.7,Nashik,2022-04-28,tomato
Tomato,Vegetables,29.7,31.4,29.9,7.4,Nashik,2022-04-29,tomato
Tomato,Vegetables,32.8,31.3,23.2,10.7,Nashik,2022-04-30,tomato
Tomato,Vegetables,34.0,24.7,23.4,3.3,Nashik,2022-05-01,tomato
Tomato,Vegetables,30.6,22.8,20.7,4.1,Nashik,2022-05-02,tomato
Tomato,Vegetables,34.0,16.2,15.0,5.2,Nashik,2022-05-03,tomato
Tomato,Vegetables,32.5,29.8,22.1,12.8,Nashik,2022-05-04,tomato
Tomato,Vegetables,29.6,25.0,21.1,9.9,Nashik,2022-05-05,tomato
Tomato,Vegetables,33.2,22.4,18.6,10.8,Nashik,2022-05-06,tomato
Tomato,Vegetables,30.7,44.0,33.8,17.9,Nashik,2022-05-07,tomato
Tomato,Vegetables,33.0,26.6,20.6,11.3,Nashik,2022-05-08,tomato
Tomato,Vegetables,29.7,28.9,21.7,12.1,Nashik,2022-05-09,tomato
Tomato,Vegetables,34.1,27.5,25.5,5.3,Nashik,2022-05-10,tomato
Tomato,Vegetables,32.2,28.5,25.4,9.7,Nashik,2022-05-11,tomato
Tomato,Vegetables,35.1,28.6,22.1,12.2,Nashik,2022-05-12,tomato
Tomato,Vegetables,34.6,28.1,21.7,10.9,Nashik,2022-05-13,tomato
Tomato,Vegetables,32.8,30.8,28.9,9.2,Nashik,2022-05-14,tomato
Tomato,Vegetables,30.3,25.6,23.6,9.5,Nashik,2022-05-15,tomato
Tomato,Vegetables,35.6,23.8,18.2,9.7,Nashik,2022-05-16,tomato
Tomato,Vegetables,29.8,27.4,24.1,10.7,Nashik,2022-05-17,tomato
Tomato,Vegetables,34.8,22.0,19.6,8.6,Nashik,2022-05-18,tomato
Tomato,Vegetables,32.3,30.1,23.1,14.6,Nashik,2022-05-19,tomato
Tomato,Vegetables,29.8,22.2,18.9,8.9,Nashik,2022-05-20,tomato
Tomato,Vegetables,31.6,37.9,29.5,14.8,Nashik,2022-05-21,tomato
Tomato,Vegetables,35.2,27.3,22.8,11.2,Nashik,2022-05-22,tomato
Tomato,Vegetables,29.5,28.5,23.5,7.9,Nashik,2022-05-23,tomato
Tomato,Vegetables,29.8,29.0,25.7,6.2,Nashik,2022-05-24,tomato
Tomato,Vegetables,33.0,20.1,19.0,6.4,Nashik,2022-05-25,tomato
Tomato,Vegetables,33.6,20.1,17.5,5.4,Nashik,2022-05-26,tomato
Tomato,Vegetables,33.9,26.7,22.0,8.1,Nashik,2022-05-27,tomato
Tomato,Vegetables,35.2,26.5,24.3,7.8,Nashik,2022-05-28,tomato
Tomato,Vegetables,33.4,32.5,25.8,14.2,Nashik,2022-05-29,tomato
Tomato,Vegetables,34.0,24.3,20.3,11.1,Nashik,2022-05-30,tomato
Tomato,Vegetables,31.7,27.7,22.5,9.3,Nashik,2022-05-31,tomato
Tomato,Vegetables,33.2,29.2,22.1,12.9,Nashik,2022-06-01,tomato
Tomato,Vegetables,34.8,20.3,18.0,7.2,Nashik,2022-06-02,tomato
Tomato,Vegetables,32.2,25.3,19.4,8.6,Nashik,2022-06-03,tomato
Tomato,Vegetables,33.0,35.5,27.6,12.5,Nashik,2022-06-04,tomato
Tomato,Vegetables,33.5,32.0,25.1,9.3,Nashik,2022-06-05,tomato
Tomato,Vegetables,33.8,24.7,20.8,11.8,Nashik,2022-06-06,tomato
Tomato,Vegetables,35.5,26.8,20.3,8.7,Nashik,2022-06-07,tomato
Tomato,Vegetables,34.9,24.3,21.2,9.6,Nashik,2022-06-08,tomato
Tomato,Vegetables,30.1,33.2,26.7,12.5,Nashik,2022-06-09,tomato
Tomato,Vegetables,33.0,24.8,20.8,10.6,Nashik,2022-06-10,tomato
Tomato,Vegetables,34.0,33.8,27.7,9.7,Nashik,2022-06-11,tomato
Tomato,Vegetables,31.3,27.9,22.3,8.7,Nashik,2022-06-12,tomato
Tomato,Vegetables,31.8,30.8,24.1,13.2,Nashik,2022-06-13,tomato
Tomato,Vegetables,30.8,27.6,22.5,11.6,Nashik,2022-06-14,tomato
Tomato,Vegetables,29.6,17.7,16.3,4.3,Nashik,2022-06-15,tomato
Tomato,Vegetables,30.7,32.4,24.2,14.3,Nashik,2022-06-16,tomato
Tomato,Vegetables,30.6,23.4,22.3,5.1,Nashik,2022-06-17,tomato
Tomato,Vegetables,30.2,34.3,26.0,14.7,Nashik,2022-06-18,tomato
Tomato,Vegetables,35.0,30.3,22.8,12.0,Nashik,2022-06-19,tomato
Tomato,Vegetables,33.9,27.3,23.8,10.5,Nashik,2022-06-20,tomato
Tomato,Vegetables,34.4,29.6,25.0,9.1,Nashik,2022-06-21,tomato
Tomato,Vegetables,29.5,25.5,21.4,8.6,Nashik,2022-06-22,tomato
Tomato,Vegetables,33.8,27.4,23.5,7.0,Nashik,2022-06-23,tomato
Tomato,Vegetables,35.0,24.4,20.7,10.5,Nashik,2022-06-24,tomato
Tomato,Vegetables,30.7,28.2,22.0,8.8,Nashik,2022-06-25,tomato
Tomato,Vegetables,32.5,33.5,25.0,14.3,Nashik,2022-06-26,tomato
Tomato,Vegetables,34.3,29.0,24.1,9.5,Nashik,2022-06-27,tomato
Tomato,Vegetables,30.0,28.5,23.1,13.3,Nashik,2022-06-28,tomato
Tomato,Vegetables,34.9,24.4,18.7,9.4,Nashik,2022-06-29,tomato
Tomato,Vegetables,32.1,24.1,22.5,6.3,Nashik,2022-06-30,tomato
Tomato,Vegetables,33.1,21.7,19.4,9.0,Nashik,2022-07-01,tomato
Tomato,Vegetables,33.8,27.7,24.0,11.6,Nashik,2022-07-02,tomato
Tomato,Vegetables,35.2,27.5,25.1,9.5,Nashik,2022-07-03,tomato
Tomato,Vegetables,33.4,19.9,17.1,8.4,Nashik,2022-07-04,tomato
Tomato,Vegetables,34.0,22.0,17.7,7.8,Nashik,2022-07-05,tomato
Tomato,Vegetables,34.0,23.5,19.2,9.8,Nashik,2022-07-06,tomato
Tomato,Vegetables,29.7,23.7,22.5,9.2,Nashik,2022-07-07,tomato
Tomato,Vegetables,31.9,24.0,22.8,3.3,Nashik,2022-07-08,tomato
Tomato,Vegetables,30.2,27.8,21.5,9.8,Nashik,2022-07-09,tomato
Tomato,Vegetables,32.7,31.9,26.5,9.8,Nashik,2022-07-10,tomato
Tomato,Vegetables,32.2,22.4,18.0,11.5,Nashik,2022-07-11,tomato
Tomato,Vegetables,31.5,27.7,25.2,10.4,Nashik,2022-07-12,tomato
Tomato,Vegetables,34.2,25.2,21.7,7.8,Nashik,2022-07-13,tomato
Tomato,Vegetables,30.8,25.1,23.9,3.3,Nashik,2022-07-14,tomato
Tomato,Vegetables,35.8,19.2,17.1,9.1,Nashik,2022-07-15,tomato
Tomato,Vegetables,33.4,32.7,30.7,8.5,Nashik,2022-07-16,tomato
Tomato,Vegetables,34.9,27.1,23.9,7.0,Nashik,2022-07-17,tomato
Tomato,Vegetables,30.1,27.6,23.4,8.5,Nashik,2022-07-18,tomato
Tomato,Vegetables,32.2,26.9,22.9,8.6,Nashik,2022-07-19,tomato
Tomato,Vegetables,30.4,25.2,22.1,7.4,Nashik,2022-07-20,tomato
Tomato,Vegetables,29.9,19.5,16.8,7.5,Nashik,2022-07-21,tomato
Tomato,Vegetables,34.8,25.2,19.7,9.8,Nashik,2022-07-22,tomato
Tomato,Vegetables,35.3,32.4,24.2,15.4,Nashik,2022-07-23,tomato
Tomato,Vegetables,30.9,34.1,28.8,9.1,Nashik,2022-07-24,tomato
Tomato,Vegetables,31.3,25.0,20.4,12.0,Nashik,2022-07-25,tomato
Tomato,Vegetables,33.4,32.2,25.2,14.5,Nashik,2022-07-26,tomato
Tomato,Vegetables,30.5,32.7,24.3,12.4,Nashik,2022-07-27,tomato
Tomato,Vegetables,31.2,19.7,17.6,9.9,Nashik,2022-07-28,tomato
Tomato,Vegetables,30.1,30.6,22.7,13.6,Nashik,2022-07-29,tomato
Tomato,Vegetables,35.6,31.5,25.7,13.8,Nashik,2022-07-30,tomato
Tomato,Vegetables,32.7,31.0,28.1,10.9,Nashik,2022-07-31,tomato
Tomato,Vegetables,31.5,27.0,22.8,8.5,Nashik,2022-08-01,tomato
Tomato,Vegetables,33.5,21.7,20.4,7.5,Nashik,2022-08-02,tomato
Tomato,Vegetables,32.7,31.6,24.3,12.5,Nashik,2022-08-03,tomato
Tomato,Vegetables,33.1,27.9,21.6,10.8,Nashik,2022-08-04,tomato
Tomato,Vegetables,33.7,28.9,21.5,9.5,Nashik,2022-08-05,tomato
Tomato,Vegetables,32.1,47.6,35.8,19.4,Nashik,2022-08-06,tomato
Tomato,Vegetables,34.2,34.1,30.3,8.7,Nashik,2022-08-07,tomato
Tomato,Vegetables,32.9,25.6,23.9,8.9,Nashik,2022-08-08,tomato
Tomato,Vegetables,32.4,25.0,21.3,7.2,Nashik,2022-08-09,tomato
Tomato,Vegetables,33.6,28.8,23.7,12.6,Nashik,2022-08-10,tomato
Tomato,Vegetables,32.2,29.2,25.5,11.0,Nashik,2022-08-11,tomato
Tomato,Vegetables,31.9,30.4,24.5,11.6,Nashik,2022-08-12,tomato
Tomato,Vegetables,32.1,31.5,27.1,8.7,Nashik,2022-08-13,tomato
Tomato,Vegetables,32.6,27.4,21.9,11.9,Nashik,2022-08-14,tomato
Tomato,Vegetables,32.2,28.3,22.6,12.5,Nashik,2022-08-15,tomato
Tomato,Vegetables,31.5,28.2,21.3,10.5,Nashik,2022-08-16,tomato
Tomato,Vegetables,31.3,25.0,22.5,9.5,Nashik,2022-08-17,tomato
Tomato,Vegetables,29.5,25.5,22.7,6.9,Nashik,2022-08-18,tomato
Tomato,Vegetables,33.6,24.6,22.7,6.3,Nashik,2022-08-19,tomato
Tomato,Vegetables,30.4,27.5,23.6,10.2,Nashik,2022-08-20,tomato
Tomato,Vegetables,31.2,27.8,21.9,12.6,Nashik,2022-08-21,tomato
Tomato,Vegetables,31.4,25.3,23.9,4.2,Nashik,2022-08-22,tomato
Tomato,Vegetables,32.6,21.8,17.8,7.0,Nashik,2022-08-23,tomato
Tomato,Vegetables,32.4,20.9,18.8,10.0,Nashik,2022-08-24,tomato
Tomato,Vegetables,29.8,24.3,22.7,8.5,Nashik,2022-08-25,tomato
Tomato,Vegetables,34.7,24.2,20.5,10.7,Nashik,2022-08-26,tomato
Tomato,Vegetables,34.2,31.0,24.2,14.2,Nashik,2022-08-27,tomato
Tomato,Vegetables,34.2,29.9,27.7,4.8,Nashik,2022-08-28,tomato
Tomato,Vegetables,35.7,34.9,26.4,10.5,Nashik,2022-08-29,tomato
Tomato,Vegetables,32.2,28.7,23.5,7.2,Nashik,2022-08-30,tomato
Tomato,Vegetables,33.4,28.5,21.8,13.3,Nashik,2022-08-31,tomato
Tomato,Vegetables,34.7,27.4,23.4,8.9,Nashik,2022-09-01,tomato
Tomato,Vegetables,31.0,25.8,22.6,8.2,Nashik,2022-09-02,tomato
Tomato,Vegetables,35.6,24.8,23.2,8.8,Nashik,2022-09-03,tomato
Tomato,Vegetables,30.0,24.3,22.5,8.3,Nashik,2022-09-04,tomato
Tomato,Vegetables,33.9,30.8,24.8,13.8,Nashik,2022-09-05,tomato
Tomato,Vegetables,29.6,31.9,27.6,10.3,Nashik,2022-09-06,tomato
Tomato,Vegetables,35.2,20.6,16.4,9.6,Nashik,2022-09-07,tomato
Tomato,Vegetables,34.2,25.9,22.1,7.7,Nashik,2022-09-08,tomato
Tomato,Vegetables,32.7,25.3,19.6,10.2,Nashik,2022-09-09,tomato
Tomato,Vegetables,33.9,32.9,27.8,12.0,Nashik,2022-09-10,tomato
Tomato,Vegetables,34.8,30.4,25.6,9.7,Nashik,2022-09-11,tomato
Tomato,Vegetables,31.6,23.1,17.7,8.9,Nashik,2022-09-12,tomato
Tomato,Vegetables,31.1,29.3,22.2,12.3,Nashik,2022-09-13,tomato
Tomato,Vegetables,30.1,30.6,26.1,9.0,Nashik,2022-09-14,tomato
Tomato,Vegetables,32.6,21.6,19.3,6.8,Nashik,2022-09-15,tomato
Tomato,Vegetables,30.8,29.7,23.6,11.9,Nashik,2022-09-16,tomato
Tomato,Vegetables,33.1,23.5,19.1,9.5,Nashik,2022-09-17,tomato
Tomato,Vegetables,33.4,34.4,28.0,14.0,Nashik,2022-09-18,tomato
Tomato,Vegetables,32.0,24.9,21.3,11.4,Nashik,2022-09-19,tomato
Tomato,Vegetables,34.1,30.5,26.1,11.0,Nashik,2022-09-20,tomato
Tomato,Vegetables,30.8,30.4,22.8,12.4,Nashik,2022-09-21,tomato
Tomato,Vegetables,30.0,32.8,24.7,13.8,Nashik,2022-09-22,tomato
Tomato,Vegetables,34.5,29.7,24.9,11.2,Nashik,2022-09-23,tomato
Tomato,Vegetables,35.8,32.0,29.2,8.6,Nashik,2022-09-24,tomato
Tomato,Vegetables,31.5,31.0,23.7,11.5,Nashik,2022-09-25,tomato
Tomato,Vegetables,32.3,28.4,24.8,5.7,Nashik,2022-09-26,tomato
Tomato,Vegetables,35.2,26.8,21.7,8.5,Nashik,2022-09-27,tomato
Tomato,Vegetables,31.2,30.1,23.7,11.9,Nashik,2022-09-28,tomato
Tomato,Vegetables,34.5,31.5,24.3,11.5,Nashik,2022-09-29,tomato
Tomato,Vegetables,35.2,20.1,18.0,8.5,Nashik,2022-09-30,tomato
Tomato,Vegetables,31.9,29.5,26.1,9.0,Nashik,2022-10-01,tomato
Tomato,Vegetables,34.4,31.8,24.8,14.4,Nashik,2022-10-02,tomato
Tomato,Vegetables,29.5,25.1,20.1,10.6,Nashik,2022-10-03,tomato
Tomato,Vegetables,32.8,27.0,23.1,7.3,Nashik,2022-10-04,tomato
Tomato,Vegetables,34.9,22.3,19.5,6.0,Nashik,2022-10-05,tomato
Tomato,Vegetables,31.4,26.1,23.6,8.8,Nashik,2022-10-06,tomato
Tomato,Vegetables,30.5,23.3,20.8,6.6,Nashik,2022-10-07,tomato
Tomato,Vegetables,35.5,23.7,21.3,7.0,Nashik,2022-10-08,tomato
Tomato,Vegetables,34.2,23.0,21.3,7.7,Nashik,2022-10-09,tomato
Tomato,Vegetables,31.1,32.9,25.9,14.2,Nashik,2022-10-10,tomato
Tomato,Vegetables,35.2,30.5,23.9,11.5,Nashik,2022-10-11,tomato
Tomato,Vegetables,29.7,28.0,23.1,8.3,Nashik,2022-10-12,tomato
Tomato,Vegetables,33.8,31.3,23.2,12.1,Nashik,2022-10-13,tomato
Tomato,Vegetables,34.6,23.4,21.0,7.5,Nashik,2022-10-14,tomato
Tomato,Vegetables,32.4,21.3,20.1,5.5,Nashik,2022-10-15,tomato
Tomato,Vegetables,29.8,31.7,27.9,8.9,Nashik,2022-10-16,tomato
Tomato,Vegetables,30.3,24.6,22.4,6.3,Nashik,2022-10-17,tomato
Tomato,Vegetables,32.6,22.0,20.8,4.8,Nashik,2022-10-18,tomato
Tomato,Vegetables,29.6,36.7,27.7,11.2,Nashik,2022-10-19,tomato
Tomato,Vegetables,29.8,29.2,25.2,6.4,Nashik,2022-10-20,tomato
Tomato,Vegetables,34.8,22.2,17.6,9.0,Nashik,2022-10-21,tomato
Tomato,Vegetables,33.8,34.3,26.1,10.8,Nashik,2022-10-22,tomato
Tomato,Vegetables,34.9,25.5,19.8,13.4,Nashik,2022-10-23,tomato
Tomato,Vegetables,32.7,24.3,19.6,7.5,Nashik,2022-10-24,tomato
Tomato,Vegetables,31.7,23.6,18.6,10.4,Nashik,2022-10-25,tomato
Tomato,Vegetables,29.8,40.3,32.0,10.4,Nashik,2022-10-26,tomato
Tomato,Vegetables,32.2,27.4,20.8,8.8,Nashik,2022-10-27,tomato
Tomato,Vegetables,33.7,26.6,20.2,10.6,Nashik,2022-10-28,tomato
Tomato,Vegetables,32.9,23.3,21.6,5.6,Nashik,2022-10-29,tomato
Tomato,Vegetables,30.3,24.5,21.7,10.8,Nashik,2022-10-30,tomato
Tomato,Vegetables,30.4,37.2,28.7,10.7,Nashik,2022-10-31,tomato
Tomato,Vegetables,34.9,31.2,24.5,12.1,Nashik,2022-11-01,tomato
Tomato,Vegetables,31.8,27.2,21.8,12.4,Nashik,2022-11-02,tomato
Tomato,Vegetables,32.7,25.1,19.0,9.7,Nashik,2022-11-03,tomato
Tomato,Vegetables,30.2,23.3,21.8,8.0,Nashik,2022-11-04,tomato
Tomato,Vegetables,33.8,28.1,25.6,6.8,Nashik,2022-11-05,tomato
Tomato,Vegetables,34.5,24.6,22.0,4.8,Nashik,2022-11-06,tomato
Tomato,Vegetables,30.7,23.4,18.5,11.6,Nashik,2022-11-07,tomato
Tomato,Vegetables,31.0,23.5,20.8,8.1,Nashik,2022-11-08,tomato
Tomato,Vegetables,34.3,20.7,19.3,3.5,Nashik,2022-11-09,tomato
Tomato,Vegetables,31.4,28.1,22.1,12.0,Nashik,2022-11-10,tomato
Tomato,Vegetables,35.8,25.1,18.7,12.6,Nashik,2022-11-11,tomato
Tomato,Vegetables,31.8,30.0,26.7,6.6,Nashik,2022-11-12,tomato
Tomato,Vegetables,35.6,30.7,23.6,14.9,Nashik,2022-11-13,tomato
Tomato,Vegetables,29.5,20.9,15.5,7.9,Nashik,2022-11-14,tomato
Tomato,Vegetables,34.8,26.1,21.5,10.6,Nashik,2022-11-15,tomato
Tomato,Vegetables,31.7,26.1,23.7,4.8,Nashik,2022-11-16,tomato
Tomato,Vegetables,35.1,29.8,25.9,10.7,Nashik,2022-11-17,tomato
Tomato,Vegetables,31.7,24.7,23.3,5.4,Nashik,2022-11-18,tomato
Tomato,Vegetables,34.9,32.3,26.9,8.3,Nashik,2022-11-19,tomato
Tomato,Vegetables,32.7,33.7,25.7,14.7,Nashik,2022-11-20,tomato
Tomato,Vegetables,32.2,30.6,23.0,10.7,Nashik,2022-11-21,tomato
Tomato,Vegetables,34.7,19.5,17.8,9.2,Nashik,2022-11-22,tomato
Tomato,Vegetables,33.9,28.0,21.1,11.9,Nashik,2022-11-23,tomato
Tomato,Vegetables,32.3,22.8,21.4,3.9,Nashik,2022-11-24,tomato
Tomato,Vegetables,33.9,27.3,22.7,8.6,Nashik,2022-11-25,tomato
Tomato,Vegetables,33.4,32.9,26.6,8.5,Nashik,2022-11-26,tomato
Tomato,Vegetables,35.4,36.0,27.0,13.3,Nashik,2022-11-27,tomato
Tomato,Vegetables,35.4,29.9,24.3,11.1,Nashik,2022-11-28,tomato
Tomato,Vegetables,33.6,27.8,20.7,9.6,Nashik,2022-11-29,tomato
Tomato,Vegetables,35.3,31.4,25.2,13.7,Nashik,2022-11-30,tomato
Tomato,Vegetables,31.8,30.0,23.1,10.9,Nashik,2022-12-01,tomato
Tomato,Vegetables,35.3,31.9,24.0,12.7,Nashik,2022-12-02,tomato
Tomato,Vegetables,32.0,26.1,21.8,11.7,Nashik,2022-12-03,tomato
Tomato,Vegetables,31.8,34.4,27.1,13.0,Nashik,2022-12-04,tomato
Tomato,Vegetables,31.1,30.9,25.4,11.7,Nashik,2022-12-05,tomato
Tomato,Vegetables,34.4,23.0,21.6,3.7,Nashik,2022-12-06,tomato
Tomato,Vegetables,30.2,27.9,23.6,7.4,Nashik,2022-12-07,tomato
Tomato,Vegetables,32.8,26.5,20.7,8.6,Nashik,2022-12-08,tomato
Tomato,Vegetables,31.6,25.6,23.5,8.8,Nashik,2022-12-09,tomato
Tomato,Vegetables,30.8,24.3,22.8,9.0,Nashik,2022-12-10,tomato
Tomato,Vegetables,31.6,27.6,23.1,7.8,Nashik,2022-12-11,tomato
Tomato,Vegetables,34.8,26.9,21.3,11.6,Nashik,2022-12-12,tomato
Tomato,Vegetables,34.4,21.8,20.3,3.9,Nashik,2022-12-13,tomato
Tomato,Vegetables,31.5,22.4,17.3,10.7,Nashik,2022-12-14,tomato
Tomato,Vegetables,32.2,26.0,21.8,12.2,Nashik,2022-12-15,tomato
Tomato,Vegetables,30.3,26.8,23.8,7.7,Nashik,2022-12-16,tomato
Tomato,Vegetables,33.1,27.1,24.3,9.9,Nashik,2022-12-17,tomato
Tomato,Vegetables,34.8,25.1,22.4,7.3,Nashik,2022-12-18,tomato
Tomato,Vegetables,33.6,20.6,17.6,10.4,Nashik,2022-12-19,tomato
Tomato,Vegetables,29.6,25.0,22.9,5.3,Nashik,2022-12-20,tomato
Tomato,Vegetables,29.8,29.5,24.4,10.7,Nashik,2022-12-21,tomato
Tomato,Vegetables,30.4,23.8,21.0,10.3,Nashik,2022-12-22,tomato
Tomato,Vegetables,30.8,27.7,23.1,7.6,Nashik,2022-12-23,tomato
Tomato,Vegetables,33.8,36.2,27.5,11.7,Nashik,2022-12-24,tomato
Tomato,Vegetables,29.5,34.6,28.8,10.5,Nashik,2022-12-25,tomato
Tomato,Vegetables,32.6,29.9,25.7,6.7,Nashik,2022-12-26,tomato
Tomato,Vegetables,34.4,33.2,24.7,11.5,Nashik,2022-12-27,tomato
Tomato,Vegetables,34.5,28.2,21.0,13.5,Nashik,2022-12-28,tomato
Tomato,Vegetables,31.0,26.9,22.7,9.6,Nashik,2022-12-29,tomato
Tomato,Vegetables,34.1,23.8,21.9,9.5,Nashik,2022-12-30,tomato
Tomato,Vegetables,35.8,33.5,28.5,7.2,Nashik,2022-12-31,tomato
Tomato,Vegetables,35.6,24.0,22.0,4.4,Nashik,2023-01-01,tomato
Tomato,Vegetables,34.8,22.4,20.9,4.8,Nashik,2023-01-02,tomato
Tomato,Vegetables,35.5,27.2,22.9,9.5,Nashik,2023-01-03,tomato
Tomato,Vegetables,30.4,27.2,22.5,10.2,Nashik,2023-01-04,tomato
Tomato,Vegetables,34.4,26.1,23.5,10.3,Nashik,2023-01-05,tomato
Tomato,Vegetables,30.6,24.6,22.3,5.6,Nashik,2023-01-06,tomato
Tomato,Vegetables,35.8,31.6,23.8,11.7,Nashik,2023-01-07,tomato
Tomato,Vegetables,31.6,30.3,28.1,7.7,Nashik,2023-01-08,tomato
Tomato,Vegetables,30.6,27.3,21.4,11.7,Nashik,2023-01-09,tomato
Tomato,Vegetables,31.9,24.3,22.6,5.3,Nashik,2023-01-10,tomato
Tomato,Vegetables,31.1,26.2,21.4,9.9,Nashik,2023-01-11,tomato
Tomato,Vegetables,31.2,21.5,17.6,11.3,Nashik,2023-01-12,tomato
Tomato,Vegetables,30.3,21.1,17.3,5.9,Nashik,2023-01-13,tomato
Tomato,Vegetables,33.9,35.3,29.6,8.8,Nashik,2023-01-14,tomato
Tomato,Vegetables,32.3,30.7,29.0,6.0,Nashik,2023-01-15,tomato
Tomato,Vegetables,34.8,26.9,23.8,5.9,Nashik,2023-01-16,tomato
Tomato,Vegetables,32.8,18.4,17.3,8.5,Nashik,2023-01-17,tomato
Tomato,Vegetables,34.4,28.5,23.6,8.2,Nashik,2023-01-18,tomato
Tomato,Vegetables,34.6,26.2,23.2,8.9,Nashik,2023-01-19,tomato
Tomato,Vegetables,34.1,30.0,26.4,10.2,Nashik,2023-01-20,tomato
Tomato,Vegetables,35.5,32.5,27.2,8.0,Nashik,2023-01-21,tomato
Tomato,Vegetables,33.4,24.9,22.7,8.0,Nashik,2023-01-22,tomato
Tomato,Vegetables,34.5,21.4,16.7,12.7,Nashik,2023-01-23,tomato
Tomato,Vegetables,30.8,28.9,22.9,12.1,Nashik,2023-01-24,tomato
Tomato,Vegetables,32.9,26.5,22.8,11.4,Nashik,2023-01-25,tomato
Tomato,Vegetables,30.4,26.3,23.8,4.7,Nashik,2023-01-26,tomato
Tomato,Vegetables,31.0,30.4,23.1,9.4,Nashik,2023-01-27,tomato
Tomato,Vegetables,30.1,22.4,19.0,7.9,Nashik,2023-01-28,tomato
Tomato,Vegetables,31.6,31.3,24.2,12.1,Nashik,2023-01-29,tomato
Tomato,Vegetables,35.8,31.1,24.4,11.1,Nashik,2023-01-30,tomato
Tomato,Vegetables,34.5,23.6,21.5,5.3,Nashik,2023-01-31,tomato
Tomato,Vegetables,33.4,28.9,24.0,7.7,Nashik,2023-02-01,tomato
Tomato,Vegetables,31.8,31.5,25.6,9.3,Nashik,2023-02-02,tomato
Tomato,Vegetables,33.5,23.9,20.8,6.7,Nashik,2023-02-03,tomato
Tomato,Vegetables,34.6,29.3,24.5,7.2,Nashik,2023-02-04,tomato
Tomato,Vegetables,34.7,32.3,26.6,13.5,Nashik,2023-02-05,tomato
Tomato,Vegetables,31.1,19.6,17.9,5.3,Nashik,2023-02-06,tomato
Tomato,Vegetables,33.1,24.9,20.0,7.6,Nashik,2023-02-07,tomato
Tomato,Vegetables,35.5,22.0,18.2,8.7,Nashik,2023-02-08,tomato
Tomato,Vegetables,31.8,26.1,21.8,6.6,Nashik,2023-02-09,tomato
Tomato,Vegetables,34.9,22.2,17.1,9.8,Nashik,2023-02-10,tomato
Tomato,Vegetables,31.6,22.4,21.3,5.2,Nashik,2023-02-11,tomato
Tomato,Vegetables,29.6,28.5,26.8,3.9,Nashik,2023-02-12,tomato
Tomato,Vegetables,35.1,24.1,20.1,9.2,Nashik,2023-02-13,tomato
Tomato,Vegetables,30.2,27.5,20.8,10.1,Nashik,2023-02-14,tomato
Tomato,Vegetables,35.5,27.7,21.1,13.0,Nashik,2023-02-15,tomato
Tomato,Vegetables,30.6,30.9,23.7,9.5,Nashik,2023-02-16,tomato
Tomato,Vegetables,32.7,25.4,19.9,11.6,Nashik,2023-02-17,tomato
Tomato,Vegetables,32.3,23.2,21.8,3.6,Nashik,2023-02-18,tomato
Tomato,Vegetables,33.9,37.3,30.2,14.4,Nashik,2023-02-19,tomato
Tomato,Vegetables,30.9,27.9,25.3,10.1,Nashik,2023-02-20,tomato
Tomato,Vegetables,34.1,23.5,19.0,10.9,Nashik,2023-02-21,tomato
Tomato,Vegetables,33.3,31.6,24.9,12.2,Nashik,2023-02-22,tomato
Tomato,Vegetables,35.7,22.3,20.3,9.8,Nashik,2023-02-23,tomato
Tomato,Vegetables,32.4,23.8,21.9,4.8,Nashik,2023-02-24,tomato
Tomato,Vegetables,29.6,28.8,23.0,11.8,Nashik,2023-02-25,tomato
Tomato,Vegetables,35.6,28.5,22.5,8.7,Nashik,2023-02-26,tomato
Tomato,Vegetables,35.7,21.3,18.9,10.2,Nashik,2023-02-27,tomato
Tomato,Vegetables,30.7,27.6,24.7,7.1,Nashik,2023-02-28,tomato
Tomato,Vegetables,33.8,19.1,16.9,5.0,Nashik,2023-03-01,tomato
Tomato,Vegetables,32.9,22.6,20.0,6.6,Nashik,2023-03-02,tomato
Tomato,Vegetables,29.5,37.1,27.9,12.4,Nashik,2023-03-03,tomato
Tomato,Vegetables,35.3,30.0,25.9,10.9,Nashik,2023-03-04,tomato
Tomato,Vegetables,35.2,27.9,24.7,7.8,Nashik,2023-03-05,tomato
Tomato,Vegetables,33.0,28.0,22.3,11.9,Nashik,2023-03-06,tomato
Tomato,Vegetables,30.2,24.6,19.5,13.0,Nashik,2023-03-07,tomato
Tomato,Vegetables,34.4,28.1,22.3,8.3,Nashik,2023-03-08,tomato
Tomato,Vegetables,30.6,27.5,23.9,10.5,Nashik,2023-03-09,tomato
Tomato,Vegetables,30.1,27.5,22.0,12.2,Nashik,2023-03-10,tomato
Tomato,Vegetables,32.9,33.5,28.1,12.6,Nashik,2023-03-11,tomato
Tomato,Vegetables,31.6,34.2,29.0,10.4,Nashik,2023-03-12,tomato
Tomato,Vegetables,30.3,19.2,17.0,7.7,Nashik,2023-03-13,tomato
Tomato,Vegetables,31.5,29.5,22.6,11.4,Nashik,2023-03-14,tomato
Tomato,Vegetables,32.1,28.7,21.8,11.9,Nashik,2023-03-15,tomato
Tomato,Vegetables,29.7,27.8,22.9,12.0,Nashik,2023-03-16,tomato
Tomato,Vegetables,32.0,24.8,19.0,8.4,Nashik,2023-03-17,tomato
Tomato,Vegetables,30.0,36.0,27.1,16.1,Nashik,2023-03-18,tomato
Tomato,Vegetables,33.1,34.5,26.0,14.2,Nashik,2023-03-19,tomato
Tomato,Vegetables,30.7,26.2,19.8,13.6,Nashik,2023-03-20,tomato
Tomato,Vegetables,32.9,23.8,18.3,13.3,Nashik,2023-03-21,tomato
Tomato,Vegetables,35.4,24.9,20.7,9.3,Nashik,2023-03-22,tomato
Tomato,Vegetables,35.3,22.0,20.2,9.5,Nashik,2023-03-23,tomato
Tomato,Vegetables,31.8,25.0,22.6,8.8,Nashik,2023-03-24,tomato
Tomato,Vegetables,35.1,30.4,23.0,9.5,Nashik,2023-03-25,tomato
Tomato,Vegetables,35.3,24.0,22.6,4.0,Nashik,2023-03-26,tomato
Tomato,Vegetables,35.0,25.0,19.2,11.1,Nashik,2023-03-27,tomato
Tomato,Vegetables,31.7,25.4,20.1,12.2,Nashik,2023-03-28,tomato
Tomato,Vegetables,35.0,27.3,21.8,8.2,Nashik,2023-03-29,tomato
Tomato,Vegetables,33.3,20.2,19.1,5.1,Nashik,2023-03-30,tomato
Tomato,Vegetables,30.5,24.2,18.8,8.1,Nashik,2023-03-31,tomato
Tomato,Vegetables,34.3,28.1,26.0,6.8,Nashik,2023-04-01,tomato
Tomato,Vegetables,33.9,35.9,26.9,13.2,Nashik,2023-04-02,tomato
Tomato,Vegetables,29.4,25.1,21.0,11.5,Nashik,2023-04-03,tomato
Tomato,Vegetables,33.7,31.7,24.0,10.4,Nashik,2023-04-04,tomato
Tomato,Vegetables,33.2,30.8,23.4,14.1,Nashik,2023-04-05,tomato
Tomato,Vegetables,31.0,25.0,21.3,6.8,Nashik,2023-04-06,tomato
Tomato,Vegetables,35.1,24.8,23.0,9.8,Nashik,2023-04-07,tomato
Tomato,Vegetables,31.5,28.7,24.0,6.9,Nashik,2023-04-08,tomato
Tomato,Vegetables,35.1,31.0,26.2,11.3,Nashik,2023-04-09,tomato
Tomato,Vegetables,35.2,23.5,21.2,4.7,Nashik,2023-04-10,tomato
Tomato,Vegetables,33.4,21.3,19.6,6.7,Nashik,2023-04-11,tomato
Tomato,Vegetables,30.7,27.6,22.7,6.9,Nashik,2023-04-12,tomato
Tomato,Vegetables,32.6,22.6,18.1,10.6,Nashik,2023-04-13,tomato
Tomato,Vegetables,34.9,26.2,21.9,7.5,Nashik,2023-04-14,tomato
Tomato,Vegetables,30.3,36.0,29.2,14.5,Nashik,2023-04-15,tomato
Tomato,Vegetables,31.2,27.0,25.7,6.6,Nashik,2023-04-16,tomato
Tomato,Vegetables,29.8,26.9,20.2,13.9,Nashik,2023-04-17,tomato
Tomato,Vegetables,30.2,25.3,20.5,12.6,Nashik,2023-04-18,tomato
Tomato,Vegetables,30.3,28.0,21.6,10.6,Nashik,2023-04-19,tomato
Tomato,Vegetables,30.2,21.4,20.3,5.9,Nashik,2023-04-20,tomato
Tomato,Vegetables,33.6,17.5,13.7,6.4,Nashik,2023-04-21,tomato
Tomato,Vegetables,35.0,32.2,26.5,13.0,Nashik,2023-04-22,tomato
Tomato,Vegetables,29.7,26.0,23.5,5.2,Nashik,2023-04-23,tomato
Tomato,Vegetables,31.5,24.6,20.4,6.9,Nashik,2023-04-24,tomato
Tomato,Vegetables,29.9,23.2,21.9,8.9,Nashik,2023-04-25,tomato
Tomato,Vegetables,32.0,23.7,21.6,6.5,Nashik,2023-04-26,tomato
Tomato,Vegetables,30.7,20.0,17.5,10.0,Nashik,2023-04-27,tomato
Tomato,Vegetables,30.4,37.2,28.1,16.6,Nashik,2023-04-28,tomato
Tomato,Vegetables,31.0,33.6,25.2,12.4,Nashik,2023-04-29,tomato
Tomato,Vegetables,35.2,31.9,24.3,10.6,Nashik,2023-04-30,tomato
Tomato,Vegetables,30.9,23.4,21.0,6.0,Nashik,2023-05-01,tomato
Tomato,Vegetables,29.6,28.1,23.7,11.3,Nashik,2023-05-02,tomato
Tomato,Vegetables,33.1,22.7,21.5,6.7,Nashik,2023-05-03,tomato
Tomato,Vegetables,35.5,30.7,24.5,13.4,Nashik,2023-05-04,tomato
Tomato,Vegetables,33.1,33.3,28.4,7.1,Nashik,2023-05-05,tomato
Tomato,Vegetables,30.2,34.2,30.5,10.0,Nashik,2023-05-06,tomato
Tomato,Vegetables,31.2,35.5,31.1,6.8,Nashik,2023-05-07,tomato
Tomato,Vegetables,33.0,31.0,24.0,9.8,Nashik,2023-05-08,tomato
Tomato,Vegetables,30.5,24.0,20.9,8.6,Nashik,2023-05-09,tomato
Tomato,Vegetables,31.6,22.7,19.7,7.8,Nashik,2023-05-10,tomato
Tomato,Vegetables,35.7,26.2,20.1,12.9,Nashik,2023-05-11,tomato
Tomato,Vegetables,33.0,27.9,24.2,9.3,Nashik,2023-05-12,tomato
Tomato,Vegetables,31.1,32.2,25.1,12.2,Nashik,2023-05-13,tomato
Tomato,Vegetables,35.2,28.8,21.4,12.4,Nashik,2023-05-14,tomato
Tomato,Vegetables,31.0,26.3,22.9,6.1,Nashik,2023-05-15,tomato
Tomato,Vegetables,29.9,26.4,24.3,9.5,Nashik,2023-05-16,tomato
Tomato,Vegetables,34.5,27.4,21.2,12.5,Nashik,2023-05-17,tomato
Tomato,Vegetables,33.2,25.7,22.2,6.1,Nashik,2023-05-18,tomato
Tomato,Vegetables,34.6,22.8,18.8,10.5,Nashik,2023-05-19,tomato
Tomato,Vegetables,32.5,35.2,31.3,11.0,Nashik,2023-05-20,tomato
Tomato,Vegetables,32.1,34.5,27.3,11.2,Nashik,2023-05-21,tomato
Tomato,Vegetables,33.9,26.5,23.1,10.5,Nashik,2023-05-22,tomato
Tomato,Vegetables,34.4,28.7,24.2,7.7,Nashik,2023-05-23,tomato
Tomato,Vegetables,30.6,33.4,26.4,12.0,Nashik,2023-05-24,tomato
Tomato,Vegetables,30.7,24.9,22.2,5.0,Nashik,2023-05-25,tomato
Tomato,Vegetables,30.6,29.3,22.9,9.9,Nashik,2023-05-26,tomato
Tomato,Vegetables,34.0,26.8,25.4,9.3,Nashik,2023-05-27,tomato
Tomato,Vegetables,33.4,34.0,25.5,15.6,Nashik,2023-05-28,tomato
Tomato,Vegetables,31.4,22.7,19.4,10.4,Nashik,2023-05-29,tomato
Tomato,Vegetables,35.2,27.8,24.1,10.7,Nashik,2023-05-30,tomato
Tomato,Vegetables,31.7,27.2,22.1,9.9,Nashik,2023-05-31,tomato
Tomato,Vegetables,35.2,23.0,17.7,11.3,Nashik,2023-06-01,tomato
Tomato,Vegetables,35.5,17.0,14.0,8.4,Nashik,2023-06-02,tomato
Tomato,Vegetables,35.7,36.9,27.7,14.6,Nashik,2023-06-03,tomato
Tomato,Vegetables,34.1,22.4,20.8,6.7,Nashik,2023-06-04,tomato
Tomato,Vegetables,30.4,22.5,20.5,10.0,Nashik,2023-06-05,tomato
Tomato,Vegetables,31.3,25.4,20.8,6.7,Nashik,2023-06-06,tomato
Tomato,Vegetables,34.6,19.6,18.5,4.7,Nashik,2023-06-07,tomato
Tomato,Vegetables,33.5,24.8,23.5,3.8,Nashik,2023-06-08,tomato
Tomato,Vegetables,32.1,25.6,23.2,10.4,Nashik,2023-06-09,tomato
Tomato,Vegetables,32.2,24.6,22.5,4.5,Nashik,2023-06-10,tomato
Tomato,Vegetables,32.1,27.4,25.1,7.2,Nashik,2023-06-11,tomato
Tomato,Vegetables,31.6,30.7,25.6,9.4,Nashik,2023-06-12,tomato
Tomato,Vegetables,33.6,28.1,22.1,10.1,Nashik,2023-06-13,tomato
Tomato,Vegetables,32.3,27.7,22.3,8.7,Nashik,2023-06-14,tomato
Tomato,Vegetables,33.9,28.6,24.9,9.3,Nashik,2023-06-15,tomato
Tomato,Vegetables,30.7,28.6,25.8,9.4,Nashik,2023-06-16,tomato
Tomato,Vegetables,31.9,22.8,20.3,9.2,Nashik,2023-06-17,tomato
Tomato,Vegetables,34.5,34.3,26.4,15.0,Nashik,2023-06-18,tomato
Tomato,Vegetables,32.1,21.8,20.5,7.4,Nashik,2023-06-19,tomato
Tomato,Vegetables,30.7,30.0,25.3,7.7,Nashik,2023-06-20,tomato
Tomato,Vegetables,31.9,24.8,22.7,8.5,Nashik,2023-06-21,tomato
Tomato,Vegetables,34.9,25.8,23.5,8.8,Nashik,2023-06-22,tomato
Tomato,Vegetables,33.0,24.8,23.4,7.2,Nashik,2023-06-23,tomato
Tomato,Vegetables,30.0,34.9,27.1,15.2,Nashik,2023-06-24,tomato
Tomato,Vegetables,30.0,35.7,26.6,16.5,Nashik,2023-06-25,tomato
Tomato,Vegetables,30.1,31.7,24.5,13.5,Nashik,2023-06-26,tomato
Tomato,Vegetables,30.3,29.0,22.2,13.7,Nashik,2023-06-27,tomato
Tomato,Vegetables,35.5,27.4,25.5,8.2,Nashik,2023-06-28,tomato
Tomato,Vegetables,31.9,28.0,23.4,6.6,Nashik,2023-06-29,tomato
Tomato,Vegetables,33.3,29.6,25.2,8.4,Nashik,2023-06-30,tomato
Tomato,Vegetables,35.8,33.9,25.9,11.4,Nashik,2023-07-01,tomato
Tomato,Vegetables,33.4,40.8,31.2,12.3,Nashik,2023-07-02,tomato
Tomato,Vegetables,31.0,24.6,21.4,7.9,Nashik,2023-07-03,tomato
Tomato,Vegetables,34.4,37.4,28.2,11.8,Nashik,2023-07-04,tomato
Tomato,Vegetables,31.4,25.9,21.4,10.8,Nashik,2023-07-05,tomato
Tomato,Vegetables,35.0,21.7,17.9,8.7,Nashik,2023-07-06,tomato
Tomato,Vegetables,33.1,28.9,22.5,12.7,Nashik,2023-07-07,tomato
Tomato,Vegetables,35.4,35.4,27.3,12.1,Nashik,2023-07-08,tomato
Tomato,Vegetables,34.9,37.9,28.7,15.3,Nashik,2023-07-09,tomato
Tomato,Vegetables,34.0,23.2,21.2,5.9,Nashik,2023-07-10,tomato
Tomato,Vegetables,33.0,32.5,25.4,12.4,Nashik,2023-07-11,tomato
Tomato,Vegetables,34.5,24.2,19.3,9.1,Nashik,2023-07-12,tomato
Tomato,Vegetables,34.7,23.8,18.6,11.3,Nashik,2023-07-13,tomato
Tomato,Vegetables,31.3,30.4,23.3,11.3,Nashik,2023-07-14,tomato
Tomato,Vegetables,33.0,36.2,29.6,11.4,Nashik,2023-07-15,tomato
Tomato,Vegetables,29.6,29.4,23.9,11.2,Nashik,2023-07-16,tomato
Tomato,Vegetables,30.6,29.8,24.5,9.9,Nashik,2023-07-17,tomato
Tomato,Vegetables,35.4,26.1,20.2,8.5,Nashik,2023-07-18,tomato
Tomato,Vegetables,34.9,22.0,20.5,6.4,Nashik,2023-07-19,tomato
Tomato,Vegetables,33.6,26.5,20.8,7.9,Nashik,2023-07-20,tomato
Tomato,Vegetables,30.6,25.3,23.7,9.2,Nashik,2023-07-21,tomato
Tomato,Vegetables,34.3,37.4,32.3,10.3,Nashik,2023-07-22,tomato
Tomato,Vegetables,31.8,38.7,33.1,11.3,Nashik,2023-07-23,tomato
Tomato,Vegetables,32.4,23.8,19.1,8.3,Nashik,2023-07-24,tomato
Tomato,Vegetables,30.5,30.2,22.5,12.2,Nashik,2023-07-25,tomato
Tomato,Vegetables,30.8,23.1,21.9,6.3,Nashik,2023-07-26,tomato
Tomato,Vegetables,35.8,25.7,19.9,12.9,Nashik,2023-07-27,tomato
Tomato,Vegetables,29.5,26.8,23.9,5.2,Nashik,2023-07-28,tomato
Tomato,Vegetables,32.6,31.7,26.0,10.0,Nashik,2023-07-29,tomato
Tomato,Vegetables,32.4,33.7,25.0,11.7,Nashik,2023-07-30,tomato
Tomato,Vegetables,34.1,28.7,24.9,7.1,Nashik,2023-07-31,tomato
Tomato,Vegetables,33.6,32.7,24.7,15.9,Nashik,2023-08-01,tomato
Tomato,Vegetables,32.5,22.0,17.0,8.5,Nashik,2023-08-02,tomato
Tomato,Vegetables,32.7,22.4,19.4,10.3,Nashik,2023-08-03,tomato
Tomato,Vegetables,31.2,28.0,24.4,7.1,Nashik,2023-08-04,tomato
Tomato,Vegetables,34.6,36.5,30.3,11.9,Nashik,2023-08-05,tomato
Tomato,Vegetables,35.6,35.4,28.5,12.5,Nashik,2023-08-06,tomato
Tomato,Vegetables,29.8,28.6,21.6,10.4,Nashik,2023-08-07,tomato
Tomato,Vegetables,32.5,23.3,22.2,8.8,Nashik,2023-08-08,tomato
Tomato,Vegetables,29.6,29.3,27.2,5.4,Nashik,2023-08-09,tomato
Tomato,Vegetables,33.3,31.6,25.0,12.7,Nashik,2023-08-10,tomato
Tomato,Vegetables,34.6,27.0,23.4,6.9,Nashik,2023-08-11,tomato
Tomato,Vegetables,31.7,26.5,23.5,11.0,Nashik,2023-08-12,tomato
Tomato,Vegetables,34.4,32.2,27.3,8.1,Nashik,2023-08-13,tomato
Tomato,Vegetables,29.7,27.8,25.7,4.1,Nashik,2023-08-14,tomato
Tomato,Vegetables,31.7,29.9,23.9,13.5,Nashik,2023-08-15,tomato
Tomato,Vegetables,35.1,27.3,23.6,7.2,Nashik,2023-08-16,tomato
Tomato,Vegetables,30.2,26.6,24.1,10.3,Nashik,2023-08-17,tomato
Tomato,Vegetables,35.4,24.4,21.0,9.3,Nashik,2023-08-18,tomato
Tomato,Vegetables,31.5,27.4,24.2,10.1,Nashik,2023-08-19,tomato
Tomato,Vegetables,35.5,27.0,23.0,10.2,Nashik,2023-08-20,tomato
Tomato,Vegetables,30.5,24.4,20.5,10.9,Nashik,2023-08-21,tomato
Tomato,Vegetables,30.9,25.9,24.1,9.2,Nashik,2023-08-22,tomato
Tomato,Vegetables,31.4,27.6,24.8,7.7,Nashik,2023-08-23,tomato
Tomato,Vegetables,35.3,22.2,21.0,4.9,Nashik,2023-08-24,tomato
Tomato,Vegetables,31.4,30.5,23.7,9.5,Nashik,2023-08-25,tomato
Tomato,Vegetables,30.6,28.0,23.4,6.8,Nashik,2023-08-26,tomato
Tomato,Vegetables,33.7,34.8,26.3,15.7,Nashik,2023-08-27,tomato
Tomato,Vegetables,29.9,21.5,20.2,7.0,Nashik,2023-08-28,tomato
Tomato,Vegetables,33.1,23.9,22.2,5.9,Nashik,2023-08-29,tomato
Tomato,Vegetables,31.5,24.3,18.7,9.7,Nashik,2023-08-30,tomato
Tomato,Vegetables,31.6,20.0,18.9,7.8,Nashik,2023-08-31,tomato
Tomato,Vegetables,33.7,25.8,20.0,9.9,Nashik,2023-09-01,tomato
Tomato,Vegetables,32.5,20.7,19.6,8.6,Nashik,2023-09-02,tomato
Tomato,Vegetables,31.8,34.5,28.6,10.3,Nashik,2023-09-03,tomato
Tomato,Vegetables,35.3,19.9,17.2,10.7,Nashik,2023-09-04,tomato
Tomato,Vegetables,34.5,22.1,20.6,6.0,Nashik,2023-09-05,tomato
Tomato,Vegetables,31.4,25.2,23.6,4.0,Nashik,2023-09-06,tomato
Tomato,Vegetables,30.6,29.9,24.0,10.3,Nashik,2023-09-07,tomato
Tomato,Vegetables,34.6,25.5,20.9,9.1,Nashik,2023-09-08,tomato
Tomato,Vegetables,30.4,32.0,27.1,9.5,Nashik,2023-09-09,tomato
Tomato,Vegetables,34.3,30.0,27.2,7.3,Nashik,2023-09-10,tomato
Tomato,Vegetables,29.8,26.5,22.8,10.0,Nashik,2023-09-11,tomato
Tomato,Vegetables,35.8,24.7,18.9,10.5,Nashik,2023-09-12,tomato
Tomato,Vegetables,31.9,26.7,19.8,14.8,Nashik,2023-09-13,tomato
Tomato,Vegetables,35.3,27.0,21.6,10.4,Nashik,2023-09-14,tomato
Tomato,Vegetables,34.0,25.7,23.6,8.9,Nashik,2023-09-15,tomato
Tomato,Vegetables,35.0,26.1,23.7,7.3,Nashik,2023-09-16,tomato
Tomato,Vegetables,35.1,28.2,24.8,9.2,Nashik,2023-09-17,tomato
Tomato,Vegetables,30.6,28.2,23.2,10.5,Nashik,2023-09-18,tomato
Tomato,Vegetables,34.6,32.4,24.5,12.4,Nashik,2023-09-19,tomato
Tomato,Vegetables,33.1,22.4,17.4,8.5,Nashik,2023-09-20,tomato
Tomato,Vegetables,30.1,22.9,19.7,10.8,Nashik,2023-09-21,tomato
Tomato,Vegetables,32.1,34.5,25.8,11.3,Nashik,2023-09-22,tomato
Tomato,Vegetables,31.6,27.8,23.8,11.1,Nashik,2023-09-23,tomato
Tomato,Vegetables,34.3,30.0,26.4,7.7,Nashik,2023-09-24,tomato
Tomato,Vegetables,32.7,24.2,20.0,6.6,Nashik,2023-09-25,tomato
Tomato,Vegetables,32.0,25.7,23.2,6.4,Nashik,2023-09-26,tomato
Tomato,Vegetables,31.6,25.1,20.1,10.2,Nashik,2023-09-27,tomato
Tomato,Vegetables,34.6,27.1,23.6,11.5,Nashik,2023-09-28,tomato
Tomato,Vegetables,31.3,32.8,27.1,12.9,Nashik,2023-09-29,tomato
Tomato,Vegetables,30.2,37.0,30.1,11.9,Nashik,2023-09-30,tomato
Tomato,Vegetables,32.1,28.5,22.9,8.3,Nashik,2023-10-01,tomato
Tomato,Vegetables,34.7,23.9,20.2,9.3,Nashik,2023-10-02,tomato
Tomato,Vegetables,29.9,28.4,22.1,11.2,Nashik,2023-10-03,tomato
Tomato,Vegetables,31.4,27.9,21.4,9.7,Nashik,2023-10-04,tomato
Tomato,Vegetables,31.1,29.9,22.6,10.9,Nashik,2023-10-05,tomato
Tomato,Vegetables,30.8,24.6,18.3,11.4,Nashik,2023-10-06,tomato
Tomato,Vegetables,29.8,29.6,27.6,8.2,Nashik,2023-10-07,tomato
Tomato,Vegetables,32.8,25.6,20.3,9.4,Nashik,2023-10-08,tomato
Tomato,Vegetables,32.1,27.5,21.8,8.3,Nashik,2023-10-09,tomato
Tomato,Vegetables,34.3,31.9,24.8,9.4,Nashik,2023-10-10,tomato
Tomato,Vegetables,32.6,26.9,21.2,9.4,Nashik,2023-10-11,tomato
Tomato,Vegetables,34.6,24.3,18.6,12.3,Nashik,2023-10-12,tomato
Tomato,Vegetables,31.6,24.7,21.5,9.8,Nashik,2023-10-13,tomato
Tomato,Vegetables,34.5,29.3,25.6,11.5,Nashik,2023-10-14,tomato
Tomato,Vegetables,31.2,35.0,28.8,10.7,Nashik,2023-10-15,tomato
Tomato,Vegetables,30.8,25.8,23.3,5.5,Nashik,2023-10-16,tomato
Tomato,Vegetables,32.3,28.0,25.1,9.4,Nashik,2023-10-17,tomato
Tomato,Vegetables,33.9,27.2,21.9,9.3,Nashik,2023-10-18,tomato
Tomato,Vegetables,31.5,23.0,20.0,10.8,Nashik,2023-10-19,tomato
Tomato,Vegetables,35.8,24.6,23.4,7.3,Nashik,2023-10-20,tomato
Tomato,Vegetables,32.9,24.4,20.3,8.8,Nashik,2023-10-21,tomato
Tomato,Vegetables,32.0,32.6,25.0,11.2,Nashik,2023-10-22,tomato
Tomato,Vegetables,33.3,29.8,22.9,10.0,Nashik,2023-10-23,tomato
Tomato,Vegetables,33.5,29.9,28.0,7.9,Nashik,2023-10-24,tomato
Tomato,Vegetables,34.5,27.4,21.1,9.0,Nashik,2023-10-25,tomato
Tomato,Vegetables,33.8,24.1,21.2,6.4,Nashik,2023-10-26,tomato
Tomato,Vegetables,33.6,29.2,22.0,14.3,Nashik,2023-10-27,tomato
Tomato,Vegetables,34.9,25.4,22.3,9.3,Nashik,2023-10-28,tomato
Tomato,Vegetables,34.4,31.2,24.4,10.2,Nashik,2023-10-29,tomato
Tomato,Vegetables,29.6,28.7,24.0,11.3,Nashik,2023-10-30,tomato
Tomato,Vegetables,30.8,24.4,22.0,6.7,Nashik,2023-10-31,tomato
Tomato,Vegetables,35.3,25.3,19.9,9.6,Nashik,2023-11-01,tomato
Tomato,Vegetables,31.5,22.9,17.8,11.1,Nashik,2023-11-02,tomato
Tomato,Vegetables,33.1,31.5,24.8,9.5,Nashik,2023-11-03,tomato
Tomato,Vegetables,35.4,33.1,24.8,15.1,Nashik,2023-11-04,tomato
Tomato,Vegetables,35.5,33.8,25.5,11.5,Nashik,2023-11-05,tomato
Tomato,Vegetables,31.1,24.7,21.1,7.8,Nashik,2023-11-06,tomato
Tomato,Vegetables,31.6,24.8,21.5,5.7,Nashik,2023-11-07,tomato
Tomato,Vegetables,30.6,32.0,24.1,11.6,Nashik,2023-11-08,tomato
Tomato,Vegetables,33.9,26.9,20.6,11.3,Nashik,2023-11-09,tomato
Tomato,Vegetables,34.3,26.3,21.9,8.2,Nashik,2023-11-10,tomato
Tomato,Vegetables,35.3,30.1,23.1,10.6,Nashik,2023-11-11,tomato
Tomato,Vegetables,34.4,25.6,23.7,9.0,Nashik,2023-11-12,tomato
Tomato,Vegetables,30.1,30.0,25.1,8.1,Nashik,2023-11-13,tomato
Tomato,Vegetables,35.4,20.4,18.7,4.7,Nashik,2023-11-14,tomato
Tomato,Vegetables,33.3,26.1,23.4,7.0,Nashik,2023-11-15,tomato
Tomato,Vegetables,34.9,28.6,22.3,13.3,Nashik,2023-11-16,tomato
Tomato,Vegetables,31.7,25.0,21.0,10.2,Nashik,2023-11-17,tomato
Tomato,Vegetables,29.7,27.5,24.2,10.2,Nashik,2023-11-18,tomato
Tomato,Vegetables,33.5,32.8,26.5,9.7,Nashik,2023-11-19,tomato
Tomato,Vegetables,33.7,31.0,23.4,10.6,Nashik,2023-11-20,tomato
Tomato,Vegetables,29.5,28.0,21.3,13.3,Nashik,2023-11-21,tomato
Tomato,Vegetables,30.4,28.0,23.6,12.1,Nashik,2023-11-22,tomato
Tomato,Vegetables,33.2,27.1,22.9,6.3,Nashik,2023-11-23,tomato
Tomato,Vegetables,35.5,25.5,20.1,7.4,Nashik,2023-11-24,tomato
Tomato,Vegetables,32.9,25.8,23.5,4.4,Nashik,2023-11-25,tomato
Tomato,Vegetables,33.5,37.2,30.1,11.8,Nashik,2023-11-26,tomato
Tomato,Vegetables,32.5,26.3,23.6,5.2,Nashik,2023-11-27,tomato
Tomato,Vegetables,34.9,21.9,19.4,9.7,Nashik,2023-11-28,tomato
Tomato,Vegetables,35.6,28.3,22.0,11.7,Nashik,2023-11-29,tomato
Tomato,Vegetables,35.0,32.3,24.9,11.5,Nashik,2023-11-30,tomato
Tomato,Vegetables,34.5,26.4,23.7,5.9,Nashik,2023-12-01,tomato
Tomato,Vegetables,34.6,23.1,19.1,11.9,Nashik,2023-12-02,tomato
Tomato,Vegetables,35.2,35.3,29.4,11.2,Nashik,2023-12-03,tomato
Tomato,Vegetables,33.4,24.7,22.6,7.9,Nashik,2023-12-04,tomato
Tomato,Vegetables,30.9,28.6,23.1,8.5,Nashik,2023-12-05,tomato
Tomato,Vegetables,34.6,31.3,23.5,15.4,Nashik,2023-12-06,tomato
Tomato,Vegetables,30.4,27.3,23.5,8.7,Nashik,2023-12-07,tomato
Tomato,Vegetables,34.5,34.7,25.8,16.2,Nashik,2023-12-08,tomato
Tomato,Vegetables,31.8,26.5,22.2,10.9,Nashik,2023-12-09,tomato
Tomato,Vegetables,34.2,26.3,23.4,5.5,Nashik,2023-12-10,tomato
Tomato,Vegetables,34.6,22.6,19.6,9.7,Nashik,2023-12-11,tomato
Tomato,Vegetables,35.4,21.4,19.9,5.3,Nashik,2023-12-12,tomato
Tomato,Vegetables,32.9,18.5,16.8,6.9,Nashik,2023-12-13,tomato
Tomato,Vegetables,31.4,25.4,22.1,7.5,Nashik,2023-12-14,tomato
Tomato,Vegetables,31.8,27.1,20.6,11.5,Nashik,2023-12-15,tomato
Tomato,Vegetables,31.1,27.8,25.4,10.4,Nashik,2023-12-16,tomato
Tomato,Vegetables,29.6,39.5,31.3,15.3,Nashik,2023-12-17,tomato
Tomato,Vegetables,31.7,25.7,21.5,12.2,Nashik,2023-12-18,tomato
Tomato,Vegetables,29.6,24.3,19.5,11.6,Nashik,2023-12-19,tomato
Tomato,Vegetables,33.4,29.3,24.0,12.6,Nashik,2023-12-20,tomato
Tomato,Vegetables,30.8,28.0,23.2,7.0,Nashik,2023-12-21,tomato
Tomato,Vegetables,34.6,25.6,21.9,7.9,Nashik,2023-12-22,tomato
Tomato,Vegetables,30.7,36.8,31.2,9.4,Nashik,2023-12-23,tomato
Tomato,Vegetables,33.1,33.4,27.7,13.4,Nashik,2023-12-24,tomato
Tomato,Vegetables,30.7,31.2,25.1,8.6,Nashik,2023-12-25,tomato
Tomato,Vegetables,33.7,29.9,23.9,8.7,Nashik,2023-12-26,tomato
Tomato,Vegetables,29.7,31.1,24.6,13.3,Nashik,2023-12-27,tomato
Tomato,Vegetables,29.6,31.9,23.8,13.2,Nashik,2023-12-28,tomato
Tomato,Vegetables,30.4,24.3,21.2,9.8,Nashik,2023-12-29,tomato
Tomato,Vegetables,32.9,32.2,25.2,11.0,Nashik,2023-12-30,tomato
Tomato,Vegetables,32.2,32.8,24.8,15.9,Nashik,2023-12-31,tomato
