city,date,temperature_c,precipitation_mm,rain_indicator
Agra,2022-01-01,11.4,0.0,0
Agra,2022-01-02,12.6,0.0,0
Agra,2022-01-03,16.2,0.0,0
Agra,2022-01-04,16.2,0.0,0
Agra,2022-01-05,12.5,0.0,0
Agra,2022-01-06,10.1,0.0,0
Agra,2022-01-07,12.2,0.0,0
Agra,2022-01-08,15.4,0.0,0
Agra,2022-01-09,12.7,0.0,0
Agra,2022-01-10,14.2,0.3,0
Agra,2022-01-11,14.9,0.0,0
Agra,2022-01-12,12.9,0.0,0
Agra,2022-01-13,9.7,0.0,0
Agra,2022-01-14,8.0,0.0,0
Agra,2022-01-15,13.7,0.0,0
Agra,2022-01-16,12.6,0.0,0
Agra,2022-01-17,16.7,0.0,0
Agra,2022-01-18,13.4,0.0,0
Agra,2022-01-19,12.3,0.0,0
Agra,2022-01-20,13.2,0.0,0
Agra,2022-01-21,12.2,0.0,0
Agra,2022-01-22,11.1,0.0,0
Agra,2022-01-23,13.2,0.0,0
Agra,2022-01-24,11.7,0.0,0
Agra,2022-01-25,14.7,0.0,0
Agra,2022-01-26,16.9,0.0,0
Agra,2022-01-27,12.6,0.0,0
Agra,2022-01-28,16.1,0.0,0
Agra,2022-01-29,10.7,0.0,0
Agra,2022-01-30,15.2,0.0,0
Agra,2022-01-31,13.9,0.0,0
Agra,2022-02-01,14.5,0.0,0
Agra,2022-02-02,15.7,0.4,0
Agra,2022-02-03,14.3,0.0,0
Agra,2022-02-04,14.0,0.0,0
Agra,2022-02-05,14.7,0.0,0
Agra,2022-02-06,13.6,0.0,0
Agra,2022-02-07,15.8,0.0,0
Agra,2022-02-08,11.8,0.0,0
Agra,2022-02-09,13.5,0.0,0
Agra,2022-02-10,15.5,0.0,0
Agra,2022-02-11,17.6,0.0,0
Agra,2022-02-12,16.4,0.0,0
Agra,2022-02-13,14.8,0.0,0
Agra,2022-02-14,14.4,0.0,0
Agra,2022-02-15,14.2,0.0,0
Agra,2022-02-16,14.3,0.0,0
Agra,2022-02-17,11.8,0.0,0
Agra,2022-02-18,18.2,0.0,0
Agra,2022-02-19,15.1,0.0,0
Agra,2022-02-20,13.9,0.0,0
Agra,2022-02-21,16.2,0.0,0
Agra,2022-02-22,14.3,0.0,0
Agra,2022-02-23,17.3,0.0,0
Agra,2022-02-24,14.5,0.0,0
Agra,2022-02-25,17.3,0.0,0
Agra,2022-02-26,15.6,0.0,0
Agra,2022-02-27,16.7,0.0,0
Agra,2022-02-28,17.9,0.0,0
Agra,2022-03-01,15.6,0.0,0
Agra,2022-03-02,18.1,0.0,0
Agra,2022-03-03,13.8,0.0,0
Agra,2022-03-04,19.7,0.0,0
Agra,2022-03-05,18.9,0.0,0
Agra,2022-03-06,17.1,0.0,0
Agra,2022-03-07,19.6,0.0,0
Agra,2022-03-08,19.5,0.0,0
Agra,2022-03-09,17.8,0.0,0
Agra,2022-03-10,17.9,0.0,0
Agra,2022-03-11,16.5,0.0,0
Agra,2022-03-12,18.4,0.0,0
Agra,2022-03-13,15.9,0.0,0
Agra,2022-03-14,20.0,0.0,0
Agra,2022-03-15,20.2,0.0,0
Agra,2022-03-16,16.0,0.0,0
Agra,2022-03-17,21.7,0.0,0
Agra,2022-03-18,18.3,0.0,0
Agra,2022-03-19,24.7,0.0,0
Agra,2022-03-20,20.1,0.0,0
Agra,2022-03-21,22.4,0.0,0
Agra,2022-03-22,18.5,0.0,0
Agra,2022-03-23,19.8,0.0,0
Agra,2022-03-24,19.5,0.0,0
Agra,2022-03-25,18.1,0.0,0
Agra,2022-03-26,18.7,0.0,0
Agra,2022-03-27,20.8,0.0,0
Agra,2022-03-28,21.9,0.0,0
Agra,2022-03-29,19.7,0.0,0
Agra,2022-03-30,21.0,0.0,0
Agra,2022-03-31,20.6,0.0,0
Agra,2022-04-01,21.9,0.9,0
Agra,2022-04-02,23.4,1.2,0
Agra,2022-04-03,21.9,0.0,0
Agra,2022-04-04,19.0,0.0,0
Agra,2022-04-05,21.6,0.0,0
Agra,2022-04-06,26.6,0.0,0
Agra,2022-04-07,23.5,0.0,0
Agra,2022-04-08,21.7,1.7,0
Agra,2022-04-09,23.5,0.0,0
Agra,2022-04-10,24.2,0.0,0
Agra,2022-04-11,23.8,0.0,0
Agra,2022-04-12,25.1,0.0,0
Agra,2022-04-13,23.5,1.9,0
Agra,2022-04-14,24.9,0.0,0
Agra,2022-04-15,23.6,0.0,0
Agra,2022-04-16,24.1,2.5,0
Agra,2022-04-17,24.8,0.0,0
Agra,2022-04-18,21.3,0.0,0
Agra,2022-04-19,26.0,0.8,0
Agra,2022-04-20,26.6,0.0,0
Agra,2022-04-21,25.2,0.0,0
Agra,2022-04-22,25.9,0.0,0
Agra,2022-04-23,25.5,0.0,0
Agra,2022-04-24,27.0,0.0,0
Agra,2022-04-25,27.1,0.0,0
Agra,2022-04-26,24.6,0.0,0
Agra,2022-04-27,26.8,0.0,0
Agra,2022-04-28,28.0,0.0,0
Agra,2022-04-29,27.8,0.0,0
Agra,2022-04-30,25.8,0.0,0
Agra,2022-05-01,27.9,0.0,0
Agra,2022-05-02,26.6,0.0,0
Agra,2022-05-03,27.7,0.0,0
Agra,2022-05-04,30.4,5.1,1
Agra,2022-05-05,25.6,0.0,0
Agra,2022-05-06,29.7,0.0,0
Agra,2022-05-07,28.1,0.0,0
Agra,2022-05-08,33.2,0.0,0
Agra,2022-05-09,27.0,0.0,0
Agra,2022-05-10,35.1,0.0,0
Agra,2022-05-11,29.2,0.0,0
Agra,2022-05-12,29.3,0.0,0
Agra,2022-05-13,28.0,0.0,0
Agra,2022-05-14,31.4,0.0,0
Agra,2022-05-15,27.0,0.0,0
Agra,2022-05-16,31.6,0.5,0
Agra,2022-05-17,32.1,0.0,0
Agra,2022-05-18,35.2,0.0,0
Agra,2022-05-19,31.4,0.0,0
Agra,2022-05-20,35.3,0.0,0
Agra,2022-05-21,29.0,0.0,0
Agra,2022-05-22,27.6,0.0,0
Agra,2022-05-23,31.8,0.0,0
Agra,2022-05-24,32.3,0.0,0
Agra,2022-05-25,33.5,0.0,0
Agra,2022-05-26,31.6,0.0,0
Agra,2022-05-27,33.5,0.0,0
Agra,2022-05-28,32.7,0.0,0
Agra,2022-05-29,35.4,0.0,0
Agra,2022-05-30,33.6,0.0,0
Agra,2022-05-31,38.4,0.0,0
Agra,2022-06-01,33.3,0.0,0
Agra,2022-06-02,35.8,11.1,1
Agra,2022-06-03,36.6,1.0,0
Agra,2022-06-04,29.7,0.0,0
Agra,2022-06-05,35.5,6.8,1
Agra,2022-06-06,37.7,0.0,0
Agra,2022-06-07,35.6,44.7,1
Agra,2022-06-08,33.5,0.0,0
Agra,2022-06-09,31.7,19.9,1
Agra,2022-06-10,31.7,2.1,0
Agra,2022-06-11,35.5,0.0,0
Agra,2022-06-12,33.1,14.1,1
Agra,2022-06-13,36.7,0.0,0
Agra,2022-06-14,32.2,13.3,1
Agra,2022-06-15,33.2,0.0,0
Agra,2022-06-16,36.2,0.0,0
Agra,2022-06-17,33.5,0.0,0
Agra,2022-06-18,37.0,0.0,0
Agra,2022-06-19,34.8,0.0,0
Agra,2022-06-20,34.2,15.0,1
Agra,2022-06-21,35.0,14.1,1
Agra,2022-06-22,33.6,0.0,0
Agra,2022-06-23,32.9,0.0,0
Agra,2022-06-24,35.7,0.0,0
Agra,2022-06-25,35.1,0.0,0
Agra,2022-06-26,35.7,2.8,1
Agra,2022-06-27,33.2,27.2,1
Agra,2022-06-28,35.3,1.6,0
Agra,2022-06-29,35.3,0.0,0
Agra,2022-06-30,34.1,0.0,0
Agra,2022-07-01,38.9,0.0,0
Agra,2022-07-02,38.1,9.2,1
Agra,2022-07-03,34.5,0.0,0
Agra,2022-07-04,38.0,0.0,0
Agra,2022-07-05,34.1,0.0,0
Agra,2022-07-06,34.2,3.6,1
Agra,2022-07-07,39.9,0.0,0
Agra,2022-07-08,38.2,0.0,0
Agra,2022-07-09,36.5,0.0,0
Agra,2022-07-10,38.9,0.0,0
Agra,2022-07-11,36.3,0.0,0
Agra,2022-07-12,38.8,24.6,1
Agra,2022-07-13,36.0,0.0,0
Agra,2022-07-14,36.9,0.0,0
Agra,2022-07-15,32.5,24.6,1
Agra,2022-07-16,33.4,6.9,1
Agra,2022-07-17,35.8,0.0,0
Agra,2022-07-18,40.0,0.0,0
Agra,2022-07-19,35.4,0.0,0
Agra,2022-07-20,39.2,6.1,1
Agra,2022-07-21,37.7,0.0,0
Agra,2022-07-22,38.9,0.9,0
Agra,2022-07-23,37.3,0.0,0
Agra,2022-07-24,38.0,0.0,0
Agra,2022-07-25,34.9,0.0,0
Agra,2022-07-26,38.0,0.0,0
Agra,2022-07-27,36.9,0.0,0
Agra,2022-07-28,37.9,0.0,0
Agra,2022-07-29,37.0,0.0,0
Agra,2022-07-30,38.7,3.3,1
Agra,2022-07-31,37.3,0.0,0
Agra,2022-08-01,36.2,0.0,0
Agra,2022-08-02,35.5,0.0,0
Agra,2022-08-03,34.9,0.0,0
Agra,2022-08-04,38.7,0.0,0
Agra,2022-08-05,40.0,1.1,0
Agra,2022-08-06,37.4,3.1,1
Agra,2022-08-07,38.3,0.0,0
Agra,2022-08-08,36.0,0.0,0
Agra,2022-08-09,33.9,0.0,0
Agra,2022-08-10,32.7,0.8,0
Agra,2022-08-11,36.0,0.6,0
Agra,2022-08-12,35.7,0.0,0
Agra,2022-08-13,36.8,0.0,0
Agra,2022-08-14,34.5,0.0,0
Agra,2022-08-15,38.5,0.0,0
Agra,2022-08-16,33.5,0.0,0
Agra,2022-08-17,32.7,0.0,0
Agra,2022-08-18,34.6,0.0,0
Agra,2022-08-19,36.0,0.0,0
Agra,2022-08-20,36.2,15.3,1
Agra,2022-08-21,36.4,0.0,0
Agra,2022-08-22,34.6,20.6,1
Agra,2022-08-23,34.2,0.0,0
Agra,2022-08-24,33.6,16.5,1
Agra,2022-08-25,37.1,0.0,0
Agra,2022-08-26,35.2,0.0,0
Agra,2022-08-27,32.1,1.5,0
Agra,2022-08-28,36.7,0.0,0
Agra,2022-08-29,32.1,0.0,0
Agra,2022-08-30,36.6,0.0,0
Agra,2022-08-31,34.2,0.0,0
Agra,2022-09-01,34.5,55.5,1
Agra,2022-09-02,31.2,0.0,0
Agra,2022-09-03,33.8,0.0,0
Agra,2022-09-04,34.8,11.8,1
Agra,2022-09-05,30.4,0.0,0
Agra,2022-09-06,31.2,27.9,1
Agra,2022-09-07,30.4,0.0,0
Agra,2022-09-08,31.5,0.0,0
Agra,2022-09-09,29.0,0.0,0
Agra,2022-09-10,31.6,0.0,0
Agra,2022-09-11,32.3,0.0,0
Agra,2022-09-12,32.2,0.0,0
Agra,2022-09-13,29.6,0.0,0
Agra,2022-09-14,30.7,0.0,0
Agra,2022-09-15,32.6,0.0,0
Agra,2022-09-16,35.1,0.0,0
Agra,2022-09-17,30.0,0.0,0
Agra,2022-09-18,29.7,0.0,0
Agra,2022-09-19,30.3,0.0,0
Agra,2022-09-20,26.4,0.0,0
Agra,2022-09-21,28.7,2.2,0
Agra,2022-09-22,29.8,4.6,1
Agra,2022-09-23,32.9,0.0,0
Agra,2022-09-24,30.6,0.0,0
Agra,2022-09-25,30.4,0.0,0
Agra,2022-09-26,32.7,11.7,1
Agra,2022-09-27,27.9,0.0,0
Agra,2022-09-28,24.3,12.4,1
Agra,2022-09-29,28.2,0.0,0
Agra,2022-09-30,27.3,0.0,0
Agra,2022-10-01,29.3,0.0,0
Agra,2022-10-02,27.7,0.0,0
Agra,2022-10-03,29.2,0.0,0
Agra,2022-10-04,27.2,0.0,0
Agra,2022-10-05,28.3,0.0,0
Agra,2022-10-06,27.1,0.0,0
Agra,2022-10-07,26.1,0.0,0
Agra,2022-10-08,27.9,0.0,0
Agra,2022-10-09,25.2,0.0,0
Agra,2022-10-10,27.0,0.0,0
Agra,2022-10-11,23.0,0.0,0
Agra,2022-10-12,28.6,0.0,0
Agra,2022-10-13,23.9,0.0,0
Agra,2022-10-14,22.7,0.0,0
Agra,2022-10-15,27.3,0.0,0
Agra,2022-10-16,25.1,0.0,0
Agra,2022-10-17,27.3,0.7,0
Agra,2022-10-18,23.7,0.0,0
Agra,2022-10-19,21.3,0.0,0
Agra,2022-10-20,24.3,0.0,0
Agra,2022-10-21,23.6,0.0,0
Agra,2022-10-22,23.2,0.0,0
Agra,2022-10-23,21.7,0.0,0
Agra,2022-10-24,21.0,2.5,0
Agra,2022-10-25,23.0,0.0,0
Agra,2022-10-26,23.9,0.0,0
Agra,2022-10-27,22.8,0.0,0
Agra,2022-10-28,22.6,0.0,0
Agra,2022-10-29,20.7,0.0,0
Agra,2022-10-30,21.2,0.0,0
Agra,2022-10-31,18.3,0.0,0
Agra,2022-11-01,19.9,0.0,0
Agra,2022-11-02,23.2,0.0,0
Agra,2022-11-03,19.7,0.0,0
Agra,2022-11-04,21.5,0.0,0
Agra,2022-11-05,19.1,0.0,0
Agra,2022-11-06,22.1,0.0,0
Agra,2022-11-07,21.1,0.0,0
Agra,2022-11-08,17.9,0.0,0
Agra,2022-11-09,21.6,0.0,0
Agra,2022-11-10,22.0,0.0,0
Agra,2022-11-11,18.0,0.0,0
Agra,2022-11-12,18.9,0.0,0
Agra,2022-11-13,17.4,0.0,0
Agra,2022-11-14,20.5,0.0,0
Agra,2022-11-15,18.9,0.0,0
Agra,2022-11-16,18.7,0.0,0
Agra,2022-11-17,14.6,0.0,0
Agra,2022-11-18,18.0,1.3,0
Agra,2022-11-19,15.5,0.0,0
Agra,2022-11-20,18.4,0.0,0
Agra,2022-11-21,16.4,0.2,0
Agra,2022-11-22,16.0,0.0,0
Agra,2022-11-23,16.2,0.0,0
Agra,2022-11-24,16.7,0.0,0
Agra,2022-11-25,16.3,0.4,0
Agra,2022-11-26,18.1,0.0,0
Agra,2022-11-27,16.5,0.0,0
Agra,2022-11-28,15.0,0.0,0
Agra,2022-11-29,16.8,0.0,0
Agra,2022-11-30,18.0,0.0,0
Agra,2022-12-01,19.1,0.0,0
Agra,2022-12-02,15.0,0.0,0
Agra,2022-12-03,15.7,0.0,0
Agra,2022-12-04,16.6,0.0,0
Agra,2022-12-05,15.0,0.0,0
Agra,2022-12-06,13.2,0.0,0
Agra,2022-12-07,15.2,0.0,0
Agra,2022-12-08,13.1,0.0,0
Agra,2022-12-09,16.9,0.0,0
Agra,2022-12-10,14.5,0.0,0
Agra,2022-12-11,14.9,0.0,0
Agra,2022-12-12,13.5,0.0,0
Agra,2022-12-13,14.7,0.0,0
Agra,2022-12-14,16.9,0.5,0
Agra,2022-12-15,16.3,0.0,0
Agra,2022-12-16,15.6,0.0,0
Agra,2022-12-17,11.1,0.0,0
Agra,2022-12-18,11.4,0.0,0
Agra,2022-12-19,11.5,0.0,0
Agra,2022-12-20,15.9,0.0,0
Agra,2022-12-21,11.7,2.7,1
Agra,2022-12-22,11.4,4.2,1
Agra,2022-12-23,14.0,0.0,0
Agra,2022-12-24,15.5,0.0,0
Agra,2022-12-25,16.5,0.1,0
Agra,2022-12-26,11.4,0.0,0
Agra,2022-12-27,15.3,0.0,0
Agra,2022-12-28,13.7,0.0,0
Agra,2022-12-29,12.6,0.0,0
Agra,2022-12-30,11.0,0.0,0
Agra,2022-12-31,13.4,0.0,0
Agra,2023-01-01,11.1,0.0,0
Agra,2023-01-02,15.4,0.0,0
Agra,2023-01-03,13.1,0.0,0
Agra,2023-01-04,14.1,0.0,0
Agra,2023-01-05,12.5,0.0,0
Agra,2023-01-06,14.6,7.3,1
Agra,2023-01-07,11.9,0.0,0
Agra,2023-01-08,12.2,0.0,0
Agra,2023-01-09,15.4,0.0,0
Agra,2023-01-10,14.9,0.0,0
Agra,2023-01-11,8.7,0.0,0
Agra,2023-01-12,11.6,0.0,0
Agra,2023-01-13,13.6,0.0,0
Agra,2023-01-14,15.4,0.0,0
Agra,2023-01-15,14.7,0.0,0
Agra,2023-01-16,11.9,0.0,0
Agra,2023-01-17,13.9,0.0,0
Agra,2023-01-18,10.0,0.0,0
Agra,2023-01-19,14.9,0.0,0
Agra,2023-01-20,17.8,0.0,0
Agra,2023-01-21,13.6,0.0,0
Agra,2023-01-22,15.6,0.0,0
Agra,2023-01-23,10.7,0.0,0
Agra,2023-01-24,11.4,0.0,0
Agra,2023-01-25,12.6,0.0,0
Agra,2023-01-26,13.0,0.0,0
Agra,2023-01-27,13.9,0.0,0
Agra,2023-01-28,12.3,0.0,0
Agra,2023-01-29,13.7,0.0,0
Agra,2023-01-30,15.2,0.0,0
Agra,2023-01-31,14.4,3.2,1
Agra,2023-02-01,12.2,0.0,0
Agra,2023-02-02,13.0,0.0,0
Agra,2023-02-03,13.6,0.0,0
Agra,2023-02-04,13.0,0.0,0
Agra,2023-02-05,12.0,0.0,0
Agra,2023-02-06,14.7,0.0,0
Agra,2023-02-07,15.5,0.0,0
Agra,2023-02-08,15.7,0.0,0
Agra,2023-02-09,15.4,0.0,0
Agra,2023-02-10,12.5,0.0,0
Agra,2023-02-11,15.6,0.0,0
Agra,2023-02-12,15.7,0.0,0
Agra,2023-02-13,15.4,0.0,0
Agra,2023-02-14,16.5,0.0,0
Agra,2023-02-15,13.5,0.0,0
Agra,2023-02-16,14.3,0.0,0
Agra,2023-02-17,16.6,0.0,0
Agra,2023-02-18,15.0,0.0,0
Agra,2023-02-19,14.2,0.0,0
Agra,2023-02-20,15.9,0.0,0
Agra,2023-02-21,17.9,0.0,0
Agra,2023-02-22,14.4,0.0,0
Agra,2023-02-23,19.5,0.0,0
Agra,2023-02-24,14.5,0.0,0
Agra,2023-02-25,15.8,0.0,0
Agra,2023-02-26,19.0,0.0,0
Agra,2023-02-27,16.3,0.0,0
Agra,2023-02-28,18.2,0.0,0
Agra,2023-03-01,14.0,0.0,0
Agra,2023-03-02,15.9,0.0,0
Agra,2023-03-03,17.2,0.0,0
Agra,2023-03-04,14.3,0.0,0
Agra,2023-03-05,14.9,0.0,0
Agra,2023-03-06,18.7,0.0,0
Agra,2023-03-07,17.0,0.0,0
Agra,2023-03-08,16.8,0.0,0
Agra,2023-03-09,17.1,0.0,0
Agra,2023-03-10,21.3,0.0,0
Agra,2023-03-11,20.0,0.0,0
Agra,2023-03-12,19.5,0.0,0
Agra,2023-03-13,18.3,0.0,0
Agra,2023-03-14,15.9,0.0,0
Agra,2023-03-15,18.9,0.0,0
Agra,2023-03-16,18.5,0.0,0
Agra,2023-03-17,16.1,0.0,0
Agra,2023-03-18,22.9,0.0,0
Agra,2023-03-19,21.3,0.0,0
Agra,2023-03-20,20.7,0.0,0
Agra,2023-03-21,16.7,0.0,0
Agra,2023-03-22,22.3,0.0,0
Agra,2023-03-23,19.7,0.0,0
Agra,2023-03-24,19.7,0.0,0
Agra,2023-03-25,21.5,0.0,0
Agra,2023-03-26,21.2,0.0,0
Agra,2023-03-27,24.9,0.0,0
Agra,2023-03-28,18.8,0.0,0
Agra,2023-03-29,21.1,0.0,0
Agra,2023-03-30,19.3,0.0,0
Agra,2023-03-31,19.7,0.0,0
Agra,2023-04-01,22.9,0.0,0
Agra,2023-04-02,22.3,0.0,0
Agra,2023-04-03,25.4,0.0,0
Agra,2023-04-04,21.0,0.0,0
Agra,2023-04-05,26.1,0.0,0
Agra,2023-04-06,21.9,0.0,0
Agra,2023-04-07,22.4,0.0,0
Agra,2023-04-08,22.0,0.0,0
Agra,2023-04-09,24.3,0.0,0
Agra,2023-04-10,25.3,0.0,0
Agra,2023-04-11,22.9,0.0,0
Agra,2023-04-12,27.0,0.0,0
Agra,2023-04-13,22.7,0.0,0
Agra,2023-04-14,24.9,0.0,0
Agra,2023-04-15,26.0,0.0,0
Agra,2023-04-16,26.9,0.0,0
Agra,2023-04-17,27.9,0.0,0
Agra,2023-04-18,25.2,0.0,0
Agra,2023-04-19,26.8,0.0,0
Agra,2023-04-20,27.1,0.0,0
Agra,2023-04-21,24.7,0.0,0
Agra,2023-04-22,26.1,0.0,0
Agra,2023-04-23,24.8,0.0,0
Agra,2023-04-24,26.0,0.0,0
Agra,2023-04-25,26.8,0.0,0
Agra,2023-04-26,28.2,0.0,0
Agra,2023-04-27,26.6,0.0,0
Agra,2023-04-28,29.4,0.0,0
Agra,2023-04-29,25.4,0.0,0
Agra,2023-04-30,27.3,0.0,0
Agra,2023-05-01,27.2,0.0,0
Agra,2023-05-02,30.1,0.0,0
Agra,2023-05-03,28.1,0.0,0
Agra,2023-05-04,27.9,0.0,0
Agra,2023-05-05,26.8,0.0,0
Agra,2023-05-06,30.4,0.0,0
Agra,2023-05-07,26.4,0.0,0
Agra,2023-05-08,30.8,0.0,0
Agra,2023-05-09,29.6,0.0,0
Agra,2023-05-10,29.0,0.0,0
Agra,2023-05-11,29.5,0.0,0
Agra,2023-05-12,29.8,0.0,0
Agra,2023-05-13,29.9,1.2,0
Agra,2023-05-14,31.0,0.0,0
Agra,2023-05-15,26.6,0.0,0
Agra,2023-05-16,33.0,0.0,0
Agra,2023-05-17,29.6,0.0,0
Agra,2023-05-18,32.7,0.0,0
Agra,2023-05-19,28.0,0.0,0
Agra,2023-05-20,33.1,0.0,0
Agra,2023-05-21,36.5,0.0,0
Agra,2023-05-22,32.9,0.0,0
Agra,2023-05-23,34.7,0.0,0
Agra,2023-05-24,34.2,0.0,0
Agra,2023-05-25,33.8,0.0,0
Agra,2023-05-26,34.6,0.8,0
Agra,2023-05-27,35.1,0.0,0
Agra,2023-05-28,31.1,0.0,0
Agra,2023-05-29,34.4,0.0,0
Agra,2023-05-30,31.1,0.0,0
Agra,2023-05-31,36.8,0.0,0
Agra,2023-06-01,33.8,0.0,0
Agra,2023-06-02,34.2,2.4,0
Agra,2023-06-03,31.8,0.0,0
Agra,2023-06-04,36.7,0.0,0
Agra,2023-06-05,32.9,10.7,1
Agra,2023-06-06,33.8,0.0,0
Agra,2023-06-07,34.6,0.0,0
Agra,2023-06-08,37.7,0.0,0
Agra,2023-06-09,36.4,0.0,0
Agra,2023-06-10,31.7,0.0,0
Agra,2023-06-11,35.9,0.0,0
Agra,2023-06-12,35.1,2.5,1
Agra,2023-06-13,36.2,0.0,0
Agra,2023-06-14,36.1,0.0,0
Agra,2023-06-15,34.2,0.0,0
Agra,2023-06-16,37.0,0.5,0
Agra,2023-06-17,34.7,0.0,0
Agra,2023-06-18,34.8,0.0,0
Agra,2023-06-19,29.9,0.4,0
Agra,2023-06-20,38.0,0.0,0
Agra,2023-06-21,33.1,0.0,0
Agra,2023-06-22,34.6,0.0,0
Agra,2023-06-23,36.1,14.3,1
Agra,2023-06-24,38.3,7.0,1
Agra,2023-06-25,36.1,0.0,0
Agra,2023-06-26,38.3,0.0,0
Agra,2023-06-27,35.9,0.0,0
Agra,2023-06-28,38.9,0.0,0
Agra,2023-06-29,36.5,0.0,0
Agra,2023-06-30,37.9,0.0,0
Agra,2023-07-01,37.0,7.6,1
Agra,2023-07-02,39.0,0.0,0
Agra,2023-07-03,38.0,7.6,1
Agra,2023-07-04,37.8,0.0,0
Agra,2023-07-05,37.1,4.6,1
Agra,2023-07-06,38.9,9.1,1
Agra,2023-07-07,36.4,7.2,1
Agra,2023-07-08,37.3,0.0,0
Agra,2023-07-09,36.4,0.0,0
Agra,2023-07-10,39.7,0.0,0
Agra,2023-07-11,33.3,0.0,0
Agra,2023-07-12,34.7,0.0,0
Agra,2023-07-13,34.9,10.3,1
Agra,2023-07-14,36.3,0.0,0
Agra,2023-07-15,34.7,0.0,0
Agra,2023-07-16,37.1,0.0,0
Agra,2023-07-17,36.9,0.0,0
Agra,2023-07-18,33.9,0.0,0
Agra,2023-07-19,35.5,0.0,0
Agra,2023-07-20,37.3,38.4,1
Agra,2023-07-21,38.6,0.0,0
Agra,2023-07-22,38.2,0.0,0
Agra,2023-07-23,38.9,0.0,0
Agra,2023-07-24,36.6,0.0,0
Agra,2023-07-25,37.1,0.0,0
Agra,2023-07-26,38.1,0.0,0
Agra,2023-07-27,36.9,0.0,0
Agra,2023-07-28,33.8,0.0,0
Agra,2023-07-29,34.7,17.9,1
Agra,2023-07-30,36.4,0.0,0
Agra,2023-07-31,35.5,0.0,0
Agra,2023-08-01,37.3,3.1,1
Agra,2023-08-02,35.2,0.0,0
Agra,2023-08-03,35.7,0.0,0
Agra,2023-08-04,35.8,0.0,0
Agra,2023-08-05,35.6,23.8,1
Agra,2023-08-06,35.5,0.0,0
Agra,2023-08-07,36.0,0.0,0
Agra,2023-08-08,34.5,0.0,0
Agra,2023-08-09,34.7,0.0,0
Agra,2023-08-10,36.8,0.0,0
Agra,2023-08-11,34.1,0.0,0
Agra,2023-08-12,36.1,0.0,0
Agra,2023-08-13,34.9,14.2,1
Agra,2023-08-14,36.6,12.4,1
Agra,2023-08-15,35.2,0.0,0
Agra,2023-08-16,35.1,0.0,0
Agra,2023-08-17,35.7,0.0,0
Agra,2023-08-18,36.5,0.0,0
Agra,2023-08-19,33.8,6.9,1
Agra,2023-08-20,31.4,3.0,1
Agra,2023-08-21,35.0,7.0,1
Agra,2023-08-22,34.7,0.0,0
Agra,2023-08-23,34.3,12.6,1
Agra,2023-08-24,35.0,3.4,1
Agra,2023-08-25,34.4,0.0,0
Agra,2023-08-26,34.3,0.0,0
Agra,2023-08-27,34.5,8.7,1
Agra,2023-08-28,32.6,0.0,0
Agra,2023-08-29,32.6,7.6,1
Agra,2023-08-30,31.2,0.0,0
Agra,2023-08-31,33.7,0.0,0
Agra,2023-09-01,31.2,0.0,0
Agra,2023-09-02,31.3,15.9,1
Agra,2023-09-03,32.4,12.7,1
Agra,2023-09-04,33.5,0.0,0
Agra,2023-09-05,30.5,37.5,1
Agra,2023-09-06,34.5,0.0,0
Agra,2023-09-07,34.4,0.0,0
Agra,2023-09-08,31.8,0.0,0
Agra,2023-09-09,31.4,0.0,0
Agra,2023-09-10,29.6,7.0,1
Agra,2023-09-11,32.8,0.0,0
Agra,2023-09-12,33.3,0.0,0
Agra,2023-09-13,31.3,0.0,0
Agra,2023-09-14,30.4,0.0,0
Agra,2023-09-15,29.3,0.0,0
Agra,2023-09-16,29.9,0.0,0
Agra,2023-09-17,30.9,0.0,0
Agra,2023-09-18,32.1,0.0,0
Agra,2023-09-19,28.2,0.0,0
Agra,2023-09-20,32.9,0.0,0
Agra,2023-09-21,27.2,29.5,1
Agra,2023-09-22,26.7,12.5,1
Agra,2023-09-23,26.2,0.0,0
Agra,2023-09-24,26.3,10.8,1
Agra,2023-09-25,30.1,27.3,1
Agra,2023-09-26,29.7,0.0,0
Agra,2023-09-27,28.5,0.0,0
Agra,2023-09-28,30.2,0.0,0
Agra,2023-09-29,27.9,6.0,1
Agra,2023-09-30,29.6,0.0,0
Agra,2023-10-01,26.0,0.0,0
Agra,2023-10-02,25.9,0.0,0
Agra,2023-10-03,25.6,0.0,0
Agra,2023-10-04,28.1,0.0,0
Agra,2023-10-05,28.6,0.0,0
Agra,2023-10-06,25.4,0.0,0
Agra,2023-10-07,23.1,0.0,0
Agra,2023-10-08,22.0,0.0,0
Agra,2023-10-09,29.9,0.0,0
Agra,2023-10-10,26.2,0.8,0
Agra,2023-10-11,26.2,0.0,0
Agra,2023-10-12,26.2,0.0,0
Agra,2023-10-13,25.8,0.0,0
Agra,2023-10-14,21.2,0.0,0
Agra,2023-10-15,26.2,0.0,0
Agra,2023-10-16,25.5,0.0,0
Agra,2023-10-17,27.5,0.0,0
Agra,2023-10-18,22.8,0.0,0
Agra,2023-10-19,23.7,0.0,0
Agra,2023-10-20,25.7,0.0,0
Agra,2023-10-21,23.2,0.0,0
Agra,2023-10-22,22.8,0.0,0
Agra,2023-10-23,23.3,0.0,0
Agra,2023-10-24,20.6,1.4,0
Agra,2023-10-25,24.1,0.0,0
Agra,2023-10-26,21.9,0.0,0
Agra,2023-10-27,20.5,0.8,0
Agra,2023-10-28,23.5,0.0,0
Agra,2023-10-29,23.0,0.0,0
Agra,2023-10-30,22.8,0.0,0
Agra,2023-10-31,23.7,0.0,0
Agra,2023-11-01,22.1,0.0,0
Agra,2023-11-02,21.7,0.0,0
Agra,2023-11-03,18.0,0.0,0
Agra,2023-11-04,21.3,0.0,0
Agra,2023-11-05,19.8,0.0,0
Agra,2023-11-06,17.9,0.0,0
Agra,2023-11-07,19.5,0.0,0
Agra,2023-11-08,23.1,0.0,0
Agra,2023-11-09,15.7,0.0,0
Agra,2023-11-10,19.4,0.0,0
Agra,2023-11-11,21.3,1.0,0
Agra,2023-11-12,22.9,0.0,0
Agra,2023-11-13,22.5,0.0,0
Agra,2023-11-14,20.3,0.0,0
Agra,2023-11-15,17.7,0.0,0
Agra,2023-11-16,15.9,0.0,0
Agra,2023-11-17,18.4,0.0,0
Agra,2023-11-18,19.1,0.0,0
Agra,2023-11-19,16.8,0.0,0
Agra,2023-11-20,18.6,0.0,0
Agra,2023-11-21,15.7,0.0,0
Agra,2023-11-22,16.6,0.0,0
Agra,2023-11-23,17.0,0.0,0
Agra,2023-11-24,20.7,0.0,0
Agra,2023-11-25,15.6,1.1,0
Agra,2023-11-26,17.8,0.0,0
Agra,2023-11-27,17.0,0.0,0
Agra,2023-11-28,18.0,0.0,0
Agra,2023-11-29,16.8,0.0,0
Agra,2023-11-30,15.0,0.0,0
Agra,2023-12-01,14.7,0.0,0
Agra,2023-12-02,14.7,0.0,0
Agra,2023-12-03,16.0,0.0,0
Agra,2023-12-04,17.6,0.0,0
Agra,2023-12-05,13.5,0.0,0
Agra,2023-12-06,15.7,0.0,0
Agra,2023-12-07,17.6,0.0,0
Agra,2023-12-08,11.8,0.0,0
Agra,2023-12-09,15.1,0.0,0
Agra,2023-12-10,16.9,0.0,0
Agra,2023-12-11,14.4,0.0,0
Agra,2023-12-12,13.8,0.0,0
Agra,2023-12-13,12.6,0.0,0
Agra,2023-12-14,13.1,0.0,0
Agra,2023-12-15,16.1,0.0,0
Agra,2023-12-16,14.4,0.0,0
Agra,2023-12-17,14.7,0.0,0
Agra,2023-12-18,17.3,0.0,0
Agra,2023-12-19,16.9,0.0,0
Agra,2023-12-20,14.1,0.0,0
Agra,2023-12-21,12.8,0.0,0
Agra,2023-12-22,14.3,0.0,0
Agra,2023-12-23,12.3,0.0,0
Agra,2023-12-24,13.0,0.0,0
Agra,2023-12-25,14.7,0.0,0
Agra,2023-12-26,12.9,0.0,0
Agra,2023-12-27,13.5,0.0,0
Agra,2023-12-28,14.5,0.0,0
Agra,2023-12-29,14.5,0.0,0
Agra,2023-12-30,12.4,0.0,0
Agra,2023-12-31,12.1,0.0,0
Bengaluru,2022-01-01,20.3,0.0,0
Bengaluru,2022-01-02,17.8,0.0,0
Bengaluru,2022-01-03,20.1,0.0,0
Bengaluru,2022-01-04,20.2,0.0,0
Bengaluru,2022-01-05,20.5,0.0,0
Bengaluru,2022-01-06,21.5,0.0,0
Bengaluru,2022-01-07,18.5,0.0,0
Bengaluru,2022-01-08,18.8,0.0,0
Bengaluru,2022-01-09,19.3,0.0,0
Bengaluru,2022-01-10,18.4,0.0,0
Bengaluru,2022-01-11,21.8,0.0,0
Bengaluru,2022-01-12,19.8,0.0,0
Bengaluru,2022-01-13,20.7,0.0,0
Bengaluru,2022-01-14,19.3,0.0,0
Bengaluru,2022-01-15,20.2,0.0,0
Bengaluru,2022-01-16,21.4,0.0,0
Bengaluru,2022-01-17,21.5,0.0,0
Bengaluru,2022-01-18,19.1,0.0,0
Bengaluru,2022-01-19,20.8,0.0,0
Bengaluru,2022-01-20,19.5,0.0,0
Bengaluru,2022-01-21,20.8,0.0,0
Bengaluru,2022-01-22,19.9,0.0,0
Bengaluru,2022-01-23,24.4,0.0,0
Bengaluru,2022-01-24,22.6,0.0,0
Bengaluru,2022-01-25,21.9,0.0,0
Bengaluru,2022-01-26,17.7,0.0,0
Bengaluru,2022-01-27,20.7,0.0,0
Bengaluru,2022-01-28,22.8,0.0,0
Bengaluru,2022-01-29,21.2,0.0,0
Bengaluru,2022-01-30,24.4,0.0,0
Bengaluru,2022-01-31,23.1,0.0,0
Bengaluru,2022-02-01,20.8,0.0,0
Bengaluru,2022-02-02,24.3,0.0,0
Bengaluru,2022-02-03,21.0,0.0,0
Bengaluru,2022-02-04,25.0,0.0,0
Bengaluru,2022-02-05,24.5,0.0,0
Bengaluru,2022-02-06,22.2,0.0,0
Bengaluru,2022-02-07,19.0,0.0,0
Bengaluru,2022-02-08,22.1,0.0,0
Bengaluru,2022-02-09,19.8,0.0,0
Bengaluru,2022-02-10,20.7,0.0,0
Bengaluru,2022-02-11,20.9,0.0,0
Bengaluru,2022-02-12,19.9,0.0,0
Bengaluru,2022-02-13,22.4,0.0,0
Bengaluru,2022-02-14,20.7,0.0,0
Bengaluru,2022-02-15,21.7,0.0,0
Bengaluru,2022-02-16,21.2,0.0,0
Bengaluru,2022-02-17,23.0,0.0,0
Bengaluru,2022-02-18,23.0,0.0,0
Bengaluru,2022-02-19,21.7,0.0,0
Bengaluru,2022-02-20,23.3,0.0,0
Bengaluru,2022-02-21,24.6,0.0,0
Bengaluru,2022-02-22,18.7,0.0,0
Bengaluru,2022-02-23,21.4,0.0,0
Bengaluru,2022-02-24,20.9,0.0,0
Bengaluru,2022-02-25,21.4,0.0,0
Bengaluru,2022-02-26,18.6,0.0,0
Bengaluru,2022-02-27,18.9,0.0,0
Bengaluru,2022-02-28,17.8,0.0,0
Bengaluru,2022-03-01,21.9,0.0,0
Bengaluru,2022-03-02,21.9,0.0,0
Bengaluru,2022-03-03,25.4,0.0,0
Bengaluru,2022-03-04,23.2,0.0,0
Bengaluru,2022-03-05,19.2,0.0,0
Bengaluru,2022-03-06,24.0,0.0,0
Bengaluru,2022-03-07,30.2,1.2,0
Bengaluru,2022-03-08,25.4,0.0,0
Bengaluru,2022-03-09,22.9,0.9,0
Bengaluru,2022-03-10,22.3,0.0,0
Bengaluru,2022-03-11,24.0,0.0,0
Bengaluru,2022-03-12,22.7,0.0,0
Bengaluru,2022-03-13,21.5,0.0,0
Bengaluru,2022-03-14,22.6,0.0,0
Bengaluru,2022-03-15,24.3,0.0,0
Bengaluru,2022-03-16,24.9,0.0,0
Bengaluru,2022-03-17,27.1,0.0,0
Bengaluru,2022-03-18,24.0,0.0,0
Bengaluru,2022-03-19,26.2,0.0,0
Bengaluru,2022-03-20,23.6,0.0,0
Bengaluru,2022-03-21,23.9,0.0,0
Bengaluru,2022-03-22,23.9,0.0,0
Bengaluru,2022-03-23,24.5,0.0,0
Bengaluru,2022-03-24,25.7,0.0,0
Bengaluru,2022-03-25,23.4,0.0,0
Bengaluru,2022-03-26,22.7,0.0,0
Bengaluru,2022-03-27,26.1,0.0,0
Bengaluru,2022-03-28,26.0,0.0,0
Bengaluru,2022-03-29,27.1,0.0,0
Bengaluru,2022-03-30,23.5,0.0,0
Bengaluru,2022-03-31,24.2,0.0,0
Bengaluru,2022-04-01,26.5,0.0,0
Bengaluru,2022-04-02,23.9,0.0,0
Bengaluru,2022-04-03,25.9,0.0,0
Bengaluru,2022-04-04,24.5,0.0,0
Bengaluru,2022-04-05,25.5,0.0,0
Bengaluru,2022-04-06,22.9,0.0,0
Bengaluru,2022-04-07,25.2,0.0,0
Bengaluru,2022-04-08,19.7,0.0,0
Bengaluru,2022-04-09,27.3,0.0,0
Bengaluru,2022-04-10,26.6,0.0,0
Bengaluru,2022-04-11,23.5,0.0,0
Bengaluru,2022-04-12,28.4,0.0,0
Bengaluru,2022-04-13,27.4,0.0,0
Bengaluru,2022-04-14,23.4,0.0,0
Bengaluru,2022-04-15,24.5,0.0,0
Bengaluru,2022-04-16,23.6,0.0,0
Bengaluru,2022-04-17,26.2,0.0,0
Bengaluru,2022-04-18,24.6,0.0,0
Bengaluru,2022-04-19,22.2,0.0,0
Bengaluru,2022-04-20,25.6,0.0,0
Bengaluru,2022-04-21,27.4,0.0,0
Bengaluru,2022-04-22,26.0,0.0,0
Bengaluru,2022-04-23,26.9,0.0,0
Bengaluru,2022-04-24,26.3,0.0,0
Bengaluru,2022-04-25,27.3,0.0,0
Bengaluru,2022-04-26,26.6,0.0,0
Bengaluru,2022-04-27,25.9,0.0,0
Bengaluru,2022-04-28,26.3,0.0,0
Bengaluru,2022-04-29,28.9,1.6,0
Bengaluru,2022-04-30,27.3,0.0,0
Bengaluru,2022-05-01,23.1,0.0,0
Bengaluru,2022-05-02,27.4,0.0,0
Bengaluru,2022-05-03,26.2,0.0,0
Bengaluru,2022-05-04,27.2,0.0,0
Bengaluru,2022-05-05,26.7,0.0,0
Bengaluru,2022-05-06,25.9,0.0,0
Bengaluru,2022-05-07,24.0,0.0,0
Bengaluru,2022-05-08,27.7,0.0,0
Bengaluru,2022-05-09,27.4,0.0,0
Bengaluru,2022-05-10,27.4,0.0,0
Bengaluru,2022-05-11,28.8,0.0,0
Bengaluru,2022-05-12,25.8,0.0,0
Bengaluru,2022-05-13,26.6,0.0,0
Bengaluru,2022-05-14,25.3,0.0,0
Bengaluru,2022-05-15,25.8,0.0,0
Bengaluru,2022-05-16,24.5,0.0,0
Bengaluru,2022-05-17,25.5,0.0,0
Bengaluru,2022-05-18,22.9,0.0,0
Bengaluru,2022-05-19,27.6,1.0,0
Bengaluru,2022-05-20,30.5,0.0,0
Bengaluru,2022-05-21,27.9,0.0,0
Bengaluru,2022-05-22,25.3,0.0,0
Bengaluru,2022-05-23,26.5,0.0,0
Bengaluru,2022-05-24,27.4,0.0,0
Bengaluru,2022-05-25,28.2,0.0,0
Bengaluru,2022-05-26,27.5,0.0,0
Bengaluru,2022-05-27,28.5,0.0,0
Bengaluru,2022-05-28,23.5,0.0,0
Bengaluru,2022-05-29,28.0,0.0,0
Bengaluru,2022-05-30,29.4,0.0,0
Bengaluru,2022-05-31,26.8,0.0,0
Bengaluru,2022-06-01,25.9,0.0,0
Bengaluru,2022-06-02,26.3,2.4,0
Bengaluru,2022-06-03,27.7,21.1,1
Bengaluru,2022-06-04,27.2,25.4,1
Bengaluru,2022-06-05,26.4,0.0,0
Bengaluru,2022-06-06,27.4,0.0,0
Bengaluru,2022-06-07,24.6,0.0,0
Bengaluru,2022-06-08,28.1,0.0,0
Bengaluru,2022-06-09,27.0,0.0,0
Bengaluru,2022-06-10,29.9,16.8,1
Bengaluru,2022-06-11,30.0,0.0,0
Bengaluru,2022-06-12,26.1,0.0,0
Bengaluru,2022-06-13,30.7,0.0,0
Bengaluru,2022-06-14,27.9,0.0,0
Bengaluru,2022-06-15,27.0,0.0,0
Bengaluru,2022-06-16,23.9,0.0,0
Bengaluru,2022-06-17,25.5,22.3,1
Bengaluru,2022-06-18,31.7,10.2,1
Bengaluru,2022-06-19,22.7,0.5,0
Bengaluru,2022-06-20,30.2,13.3,1
Bengaluru,2022-06-21,26.3,0.0,0
Bengaluru,2022-06-22,27.3,0.0,0
Bengaluru,2022-06-23,28.5,55.7,1
Bengaluru,2022-06-24,27.6,0.0,0
Bengaluru,2022-06-25,26.9,0.0,0
Bengaluru,2022-06-26,28.3,4.4,1
Bengaluru,2022-06-27,25.4,0.0,0
Bengaluru,2022-06-28,25.4,6.5,1
Bengaluru,2022-06-29,27.0,0.0,0
Bengaluru,2022-06-30,25.9,13.0,1
Bengaluru,2022-07-01,27.0,0.0,0
Bengaluru,2022-07-02,26.6,21.6,1
Bengaluru,2022-07-03,26.3,0.0,0
Bengaluru,2022-07-04,26.7,0.0,0
Bengaluru,2022-07-05,26.5,0.0,0
Bengaluru,2022-07-06,26.3,10.2,1
Bengaluru,2022-07-07,27.2,0.3,0
Bengaluru,2022-07-08,27.0,0.0,0
Bengaluru,2022-07-09,27.4,0.5,0
Bengaluru,2022-07-10,24.2,0.0,0
Bengaluru,2022-07-11,30.0,0.0,0
Bengaluru,2022-07-12,29.0,28.2,1
Bengaluru,2022-07-13,25.4,9.6,1
Bengaluru,2022-07-14,27.0,0.0,0
Bengaluru,2022-07-15,26.1,0.0,0
Bengaluru,2022-07-16,25.9,0.0,0
Bengaluru,2022-07-17,25.9,0.0,0
Bengaluru,2022-07-18,26.9,24.5,1
Bengaluru,2022-07-19,25.5,2.8,1
Bengaluru,2022-07-20,21.8,6.0,1
Bengaluru,2022-07-21,26.3,0.0,0
Bengaluru,2022-07-22,27.4,0.0,0
Bengaluru,2022-07-23,24.8,0.0,0
Bengaluru,2022-07-24,26.6,5.4,1
Bengaluru,2022-07-25,26.6,13.7,1
Bengaluru,2022-07-26,29.7,12.3,1
Bengaluru,2022-07-27,25.3,26.1,1
Bengaluru,2022-07-28,26.2,6.4,1
Bengaluru,2022-07-29,27.8,13.4,1
Bengaluru,2022-07-30,27.6,0.0,0
Bengaluru,2022-07-31,28.4,2.0,0
Bengaluru,2022-08-01,25.2,0.0,0
Bengaluru,2022-08-02,29.0,1.0,0
Bengaluru,2022-08-03,27.6,0.0,0
Bengaluru,2022-08-04,28.5,0.0,0
Bengaluru,2022-08-05,26.0,0.0,0
Bengaluru,2022-08-06,23.1,6.7,1
Bengaluru,2022-08-07,27.7,0.0,0
Bengaluru,2022-08-08,22.9,32.7,1
Bengaluru,2022-08-09,28.0,0.0,0
Bengaluru,2022-08-10,27.2,0.0,0
Bengaluru,2022-08-11,27.4,24.1,1
Bengaluru,2022-08-12,24.8,1.6,0
Bengaluru,2022-08-13,25.3,0.0,0
Bengaluru,2022-08-14,27.7,0.0,0
Bengaluru,2022-08-15,28.9,0.0,0
Bengaluru,2022-08-16,27.6,3.9,1
Bengaluru,2022-08-17,24.6,0.0,0
Bengaluru,2022-08-18,27.2,11.8,1
Bengaluru,2022-08-19,24.4,1.7,0
Bengaluru,2022-08-20,27.0,0.0,0
Bengaluru,2022-08-21,24.2,0.0,0
Bengaluru,2022-08-22,27.9,0.0,0
Bengaluru,2022-08-23,24.8,1.0,0
Bengaluru,2022-08-24,21.9,0.3,0
Bengaluru,2022-08-25,23.6,0.0,0
Bengaluru,2022-08-26,28.9,4.2,1
Bengaluru,2022-08-27,25.8,26.5,1
Bengaluru,2022-08-28,25.5,0.0,0
Bengaluru,2022-08-29,25.3,1.1,0
Bengaluru,2022-08-30,30.4,0.0,0
Bengaluru,2022-08-31,26.3,1.9,0
Bengaluru,2022-09-01,24.7,0.0,0
Bengaluru,2022-09-02,25.5,0.0,0
Bengaluru,2022-09-03,21.6,0.0,0
Bengaluru,2022-09-04,26.1,0.0,0
Bengaluru,2022-09-05,26.8,0.0,0
Bengaluru,2022-09-06,23.2,0.0,0
Bengaluru,2022-09-07,23.5,0.0,0
Bengaluru,2022-09-08,24.3,0.0,0
Bengaluru,2022-09-09,24.7,13.1,1
Bengaluru,2022-09-10,21.0,1.2,0
Bengaluru,2022-09-11,25.8,0.0,0
Bengaluru,2022-09-12,24.9,6.2,1
Bengaluru,2022-09-13,25.6,0.0,0
Bengaluru,2022-09-14,23.7,14.9,1
Bengaluru,2022-09-15,24.8,3.5,1
Bengaluru,2022-09-16,24.3,0.0,0
Bengaluru,2022-09-17,23.6,0.0,0
Bengaluru,2022-09-18,25.2,9.6,1
Bengaluru,2022-09-19,29.0,11.2,1
Bengaluru,2022-09-20,21.5,4.5,1
Bengaluru,2022-09-21,22.8,2.3,0
Bengaluru,2022-09-22,23.8,0.0,0
Bengaluru,2022-09-23,24.3,0.0,0
Bengaluru,2022-09-24,22.7,6.2,1
Bengaluru,2022-09-25,25.5,0.0,0
Bengaluru,2022-09-26,21.5,12.0,1
Bengaluru,2022-09-27,25.6,10.4,1
Bengaluru,2022-09-28,25.5,0.0,0
Bengaluru,2022-09-29,25.3,0.0,0
Bengaluru,2022-09-30,26.5,0.0,0
Bengaluru,2022-10-01,23.3,0.0,0
Bengaluru,2022-10-02,27.0,0.0,0
Bengaluru,2022-10-03,21.4,0.0,0
Bengaluru,2022-10-04,23.0,0.0,0
Bengaluru,2022-10-05,21.3,0.0,0
Bengaluru,2022-10-06,23.4,0.0,0
Bengaluru,2022-10-07,21.3,0.0,0
Bengaluru,2022-10-08,24.9,1.0,0
Bengaluru,2022-10-09,23.7,0.0,0
Bengaluru,2022-10-10,21.3,0.0,0
Bengaluru,2022-10-11,20.8,0.0,0
Bengaluru,2022-10-12,23.3,0.0,0
Bengaluru,2022-10-13,24.9,0.0,0
Bengaluru,2022-10-14,21.6,0.0,0
Bengaluru,2022-10-15,26.4,0.0,0
Bengaluru,2022-10-16,18.8,0.0,0
Bengaluru,2022-10-17,23.9,0.6,0
Bengaluru,2022-10-18,20.5,0.0,0
Bengaluru,2022-10-19,24.5,0.0,0
Bengaluru,2022-10-20,21.7,0.0,0
Bengaluru,2022-10-21,25.1,0.0,0
Bengaluru,2022-10-22,21.2,0.0,0
Bengaluru,2022-10-23,21.5,0.0,0
Bengaluru,2022-10-24,21.0,0.0,0
Bengaluru,2022-10-25,21.7,0.0,0
Bengaluru,2022-10-26,22.8,0.0,0
Bengaluru,2022-10-27,20.1,0.0,0
Bengaluru,2022-10-28,19.8,0.0,0
Bengaluru,2022-10-29,18.8,0.0,0
Bengaluru,2022-10-30,18.5,0.0,0
Bengaluru,2022-10-31,19.3,0.0,0
Bengaluru,2022-11-01,20.7,0.0,0
Bengaluru,2022-11-02,21.9,0.0,0
Bengaluru,2022-11-03,22.3,0.0,0
Bengaluru,2022-11-04,21.8,0.0,0
Bengaluru,2022-11-05,24.1,0.0,0
Bengaluru,2022-11-06,24.7,0.0,0
Bengaluru,2022-11-07,20.9,0.0,0
Bengaluru,2022-11-08,19.6,0.0,0
Bengaluru,2022-11-09,25.2,0.0,0
Bengaluru,2022-11-10,23.4,0.0,0
Bengaluru,2022-11-11,23.2,0.0,0
Bengaluru,2022-11-12,20.2,0.0,0
Bengaluru,2022-11-13,22.7,0.0,0
Bengaluru,2022-11-14,21.4,0.0,0
Bengaluru,2022-11-15,21.0,0.0,0
Bengaluru,2022-11-16,20.9,0.0,0
Bengaluru,2022-11-17,22.0,0.0,0
Bengaluru,2022-11-18,23.7,0.0,0
Bengaluru,2022-11-19,25.1,0.0,0
Bengaluru,2022-11-20,20.2,0.0,0
Bengaluru,2022-11-21,21.3,0.0,0
Bengaluru,2022-11-22,20.7,0.0,0
Bengaluru,2022-11-23,21.6,0.0,0
Bengaluru,2022-11-24,16.3,0.0,0
Bengaluru,2022-11-25,20.4,0.0,0
Bengaluru,2022-11-26,24.5,0.0,0
Bengaluru,2022-11-27,19.6,0.0,0
Bengaluru,2022-11-28,20.0,0.0,0
Bengaluru,2022-11-29,19.7,0.0,0
Bengaluru,2022-11-30,20.4,0.0,0
Bengaluru,2022-12-01,18.4,0.0,0
Bengaluru,2022-12-02,19.7,2.6,1
Bengaluru,2022-12-03,21.2,0.0,0
Bengaluru,2022-12-04,22.8,0.0,0
Bengaluru,2022-12-05,22.9,0.0,0
Bengaluru,2022-12-06,21.0,0.0,0
Bengaluru,2022-12-07,17.8,0.0,0
Bengaluru,2022-12-08,23.7,0.0,0
Bengaluru,2022-12-09,18.1,0.0,0
Bengaluru,2022-12-10,21.5,0.0,0
Bengaluru,2022-12-11,23.1,0.0,0
Bengaluru,2022-12-12,21.5,0.0,0
Bengaluru,2022-12-13,19.5,0.0,0
Bengaluru,2022-12-14,20.9,0.0,0
Bengaluru,2022-12-15,19.6,0.0,0
Bengaluru,2022-12-16,19.5,0.0,0
Bengaluru,2022-12-17,21.0,0.0,0
Bengaluru,2022-12-18,16.0,0.0,0
Bengaluru,2022-12-19,20.1,0.0,0
Bengaluru,2022-12-20,20.8,0.0,0
Bengaluru,2022-12-21,20.7,0.0,0
Bengaluru,2022-12-22,19.2,0.0,0
Bengaluru,2022-12-23,21.5,0.2,0
Bengaluru,2022-12-24,20.6,0.3,0
Bengaluru,2022-12-25,24.3,4.4,1
Bengaluru,2022-12-26,21.6,0.0,0
Bengaluru,2022-12-27,19.7,0.0,0
Bengaluru,2022-12-28,20.1,0.0,0
Bengaluru,2022-12-29,20.6,0.0,0
Bengaluru,2022-12-30,18.6,0.0,0
Bengaluru,2022-12-31,22.3,0.0,0
Bengaluru,2023-01-01,16.8,1.7,0
Bengaluru,2023-01-02,18.6,0.0,0
Bengaluru,2023-01-03,23.8,0.0,0
Bengaluru,2023-01-04,20.8,0.0,0
Bengaluru,2023-01-05,21.5,0.0,0
Bengaluru,2023-01-06,18.1,0.0,0
Bengaluru,2023-01-07,19.7,0.0,0
Bengaluru,2023-01-08,21.8,0.0,0
Bengaluru,2023-01-09,22.6,0.0,0
Bengaluru,2023-01-10,19.1,0.0,0
Bengaluru,2023-01-11,18.4,0.0,0
Bengaluru,2023-01-12,21.7,0.0,0
Bengaluru,2023-01-13,20.2,0.0,0
Bengaluru,2023-01-14,18.1,0.0,0
Bengaluru,2023-01-15,17.8,0.0,0
Bengaluru,2023-01-16,19.8,0.0,0
Bengaluru,2023-01-17,22.8,0.0,0
Bengaluru,2023-01-18,23.1,0.0,0
Bengaluru,2023-01-19,21.5,0.0,0
Bengaluru,2023-01-20,21.3,0.0,0
Bengaluru,2023-01-21,20.4,0.0,0
Bengaluru,2023-01-22,17.1,0.0,0
Bengaluru,2023-01-23,23.1,0.0,0
Bengaluru,2023-01-24,21.8,0.0,0
Bengaluru,2023-01-25,19.7,0.0,0
Bengaluru,2023-01-26,23.7,0.0,0
Bengaluru,2023-01-27,19.1,0.0,0
Bengaluru,2023-01-28,23.3,0.0,0
Bengaluru,2023-01-29,18.2,0.0,0
Bengaluru,2023-01-30,26.0,0.0,0
Bengaluru,2023-01-31,18.9,0.0,0
Bengaluru,2023-02-01,23.6,0.0,0
Bengaluru,2023-02-02,20.3,0.0,0
Bengaluru,2023-02-03,22.6,0.0,0
Bengaluru,2023-02-04,24.8,0.0,0
Bengaluru,2023-02-05,21.1,0.0,0
Bengaluru,2023-02-06,26.0,0.0,0
Bengaluru,2023-02-07,24.9,0.0,0
Bengaluru,2023-02-08,19.1,0.0,0
Bengaluru,2023-02-09,21.8,0.0,0
Bengaluru,2023-02-10,21.4,0.0,0
Bengaluru,2023-02-11,22.0,0.0,0
Bengaluru,2023-02-12,21.3,0.0,0
Bengaluru,2023-02-13,20.4,0.0,0
Bengaluru,2023-02-14,21.9,0.0,0
Bengaluru,2023-02-15,23.1,0.0,0
Bengaluru,2023-02-16,17.6,0.0,0
Bengaluru,2023-02-17,23.9,0.0,0
Bengaluru,2023-02-18,22.6,0.0,0
Bengaluru,2023-02-19,25.1,0.0,0
Bengaluru,2023-02-20,21.5,0.0,0
Bengaluru,2023-02-21,21.3,0.0,0
Bengaluru,2023-02-22,21.0,0.0,0
Bengaluru,2023-02-23,23.4,0.0,0
Bengaluru,2023-02-24,19.2,0.0,0
Bengaluru,2023-02-25,21.3,0.0,0
Bengaluru,2023-02-26,23.0,0.0,0
Bengaluru,2023-02-27,20.0,0.0,0
Bengaluru,2023-02-28,22.9,0.0,0
Bengaluru,2023-03-01,25.2,0.0,0
Bengaluru,2023-03-02,25.0,0.0,0
Bengaluru,2023-03-03,22.7,0.0,0
Bengaluru,2023-03-04,24.8,0.0,0
Bengaluru,2023-03-05,23.9,0.0,0
Bengaluru,2023-03-06,23.5,0.0,0
Bengaluru,2023-03-07,24.3,0.4,0
Bengaluru,2023-03-08,22.6,0.0,0
Bengaluru,2023-03-09,21.8,0.0,0
Bengaluru,2023-03-10,22.0,0.0,0
Bengaluru,2023-03-11,27.1,0.0,0
Bengaluru,2023-03-12,23.5,0.0,0
Bengaluru,2023-03-13,22.1,0.0,0
Bengaluru,2023-03-14,25.5,0.0,0
Bengaluru,2023-03-15,23.7,0.0,0
Bengaluru,2023-03-16,23.9,0.0,0
Bengaluru,2023-03-17,25.0,0.0,0
Bengaluru,2023-03-18,25.1,0.0,0
Bengaluru,2023-03-19,22.1,0.0,0
Bengaluru,2023-03-20,23.4,0.0,0
Bengaluru,2023-03-21,21.5,0.0,0
Bengaluru,2023-03-22,24.7,0.0,0
Bengaluru,2023-03-23,27.5,0.0,0
Bengaluru,2023-03-24,22.5,0.0,0
Bengaluru,2023-03-25,21.5,0.0,0
Bengaluru,2023-03-26,23.2,0.0,0
Bengaluru,2023-03-27,23.9,0.0,0
Bengaluru,2023-03-28,25.8,0.0,0
Bengaluru,2023-03-29,23.9,0.0,0
Bengaluru,2023-03-30,25.2,0.0,0
Bengaluru,2023-03-31,23.7,0.0,0
Bengaluru,2023-04-01,24.3,0.0,0
Bengaluru,2023-04-02,23.3,0.0,0
Bengaluru,2023-04-03,22.8,0.0,0
Bengaluru,2023-04-04,26.2,0.0,0
Bengaluru,2023-04-05,24.1,0.0,0
Bengaluru,2023-04-06,25.8,0.0,0
Bengaluru,2023-04-07,23.5,0.0,0
Bengaluru,2023-04-08,25.1,0.0,0
Bengaluru,2023-04-09,21.4,0.0,0
Bengaluru,2023-04-10,24.5,0.0,0
Bengaluru,2023-04-11,23.9,0.0,0
Bengaluru,2023-04-12,27.4,0.0,0
Bengaluru,2023-04-13,23.1,0.0,0
Bengaluru,2023-04-14,25.1,0.0,0
Bengaluru,2023-04-15,26.1,0.0,0
Bengaluru,2023-04-16,27.4,0.0,0
Bengaluru,2023-04-17,27.1,0.0,0
Bengaluru,2023-04-18,25.5,0.0,0
Bengaluru,2023-04-19,25.8,0.0,0
Bengaluru,2023-04-20,27.9,0.0,0
Bengaluru,2023-04-21,25.6,0.0,0
Bengaluru,2023-04-22,26.2,0.0,0
Bengaluru,2023-04-23,28.1,0.0,0
Bengaluru,2023-04-24,30.4,0.0,0
Bengaluru,2023-04-25,26.5,0.0,0
Bengaluru,2023-04-26,27.0,0.0,0
Bengaluru,2023-04-27,27.6,0.0,0
Bengaluru,2023-04-28,28.3,0.0,0
Bengaluru,2023-04-29,28.1,0.0,0
Bengaluru,2023-04-30,25.2,0.0,0
Bengaluru,2023-05-01,26.9,0.0,0
Bengaluru,2023-05-02,28.2,0.0,0
Bengaluru,2023-05-03,29.0,0.0,0
Bengaluru,2023-05-04,26.2,0.0,0
Bengaluru,2023-05-05,27.0,0.0,0
Bengaluru,2023-05-06,27.3,0.0,0
Bengaluru,2023-05-07,26.6,0.0,0
Bengaluru,2023-05-08,27.1,0.0,0
Bengaluru,2023-05-09,22.8,0.0,0
Bengaluru,2023-05-10,32.5,0.0,0
Bengaluru,2023-05-11,30.8,0.0,0
Bengaluru,2023-05-12,26.4,0.0,0
Bengaluru,2023-05-13,26.6,0.0,0
Bengaluru,2023-05-14,23.9,0.0,0
Bengaluru,2023-05-15,23.6,0.0,0
Bengaluru,2023-05-16,27.8,0.0,0
Bengaluru,2023-05-17,28.8,0.0,0
Bengaluru,2023-05-18,28.5,0.0,0
Bengaluru,2023-05-19,25.5,0.0,0
Bengaluru,2023-05-20,28.4,0.0,0
Bengaluru,2023-05-21,26.8,0.0,0
Bengaluru,2023-05-22,26.4,0.0,0
Bengaluru,2023-05-23,24.7,3.7,1
Bengaluru,2023-05-24,28.0,0.0,0
Bengaluru,2023-05-25,28.4,0.0,0
Bengaluru,2023-05-26,27.4,0.0,0
Bengaluru,2023-05-27,26.7,0.0,0
Bengaluru,2023-05-28,27.3,0.0,0
Bengaluru,2023-05-29,25.4,0.0,0
Bengaluru,2023-05-30,29.9,0.0,0
Bengaluru,2023-05-31,28.7,7.8,1
Bengaluru,2023-06-01,29.6,7.0,1
Bengaluru,2023-06-02,26.5,0.0,0
Bengaluru,2023-06-03,29.4,0.0,0
Bengaluru,2023-06-04,27.4,18.1,1
Bengaluru,2023-06-05,27.9,0.0,0
Bengaluru,2023-06-06,27.4,0.0,0
Bengaluru,2023-06-07,25.9,0.0,0
Bengaluru,2023-06-08,28.9,0.0,0
Bengaluru,2023-06-09,25.7,6.2,1
Bengaluru,2023-06-10,29.8,20.5,1
Bengaluru,2023-06-11,29.3,4.4,1
Bengaluru,2023-06-12,26.6,3.2,1
Bengaluru,2023-06-13,24.3,5.7,1
Bengaluru,2023-06-14,28.3,0.0,0
Bengaluru,2023-06-15,27.5,1.4,0
Bengaluru,2023-06-16,29.1,0.0,0
Bengaluru,2023-06-17,27.2,4.6,1
Bengaluru,2023-06-18,26.9,18.3,1
Bengaluru,2023-06-19,28.1,0.9,0
Bengaluru,2023-06-20,25.9,0.0,0
Bengaluru,2023-06-21,28.4,0.0,0
Bengaluru,2023-06-22,26.7,37.3,1
Bengaluru,2023-06-23,28.6,23.1,1
Bengaluru,2023-06-24,26.8,8.6,1
Bengaluru,2023-06-25,27.2,4.1,1
Bengaluru,2023-06-26,27.9,6.0,1
Bengaluru,2023-06-27,25.3,0.0,0
Bengaluru,2023-06-28,27.8,4.5,1
Bengaluru,2023-06-29,30.1,0.0,0
Bengaluru,2023-06-30,27.5,0.0,0
Bengaluru,2023-07-01,27.7,5.7,1
Bengaluru,2023-07-02,25.3,0.5,0
Bengaluru,2023-07-03,27.2,2.4,0
Bengaluru,2023-07-04,28.1,35.4,1
Bengaluru,2023-07-05,28.1,47.7,1
Bengaluru,2023-07-06,26.4,17.9,1
Bengaluru,2023-07-07,29.5,1.9,0
Bengaluru,2023-07-08,24.7,0.0,0
Bengaluru,2023-07-09,29.4,4.9,1
Bengaluru,2023-07-10,28.2,12.1,1
Bengaluru,2023-07-11,25.5,0.0,0
Bengaluru,2023-07-12,26.5,0.0,0
Bengaluru,2023-07-13,25.5,3.3,1
Bengaluru,2023-07-14,26.7,12.4,1
Bengaluru,2023-07-15,30.1,20.8,1
Bengaluru,2023-07-16,28.7,7.6,1
Bengaluru,2023-07-17,26.2,25.8,1
Bengaluru,2023-07-18,28.0,13.8,1
Bengaluru,2023-07-19,26.4,0.0,0
Bengaluru,2023-07-20,26.8,5.9,1
Bengaluru,2023-07-21,26.1,0.0,0
Bengaluru,2023-07-22,26.5,7.9,1
Bengaluru,2023-07-23,26.3,0.0,0
Bengaluru,2023-07-24,25.6,40.5,1
Bengaluru,2023-07-25,28.1,0.0,0
Bengaluru,2023-07-26,25.4,0.0,0
Bengaluru,2023-07-27,29.6,2.2,0
Bengaluru,2023-07-28,31.1,0.0,0
Bengaluru,2023-07-29,24.8,0.0,0
Bengaluru,2023-07-30,24.1,36.5,1
Bengaluru,2023-07-31,27.8,0.0,0
Bengaluru,2023-08-01,29.4,3.6,1
Bengaluru,2023-08-02,23.8,0.0,0
Bengaluru,2023-08-03,26.2,0.0,0
Bengaluru,2023-08-04,23.2,0.0,0
Bengaluru,2023-08-05,24.9,8.1,1
Bengaluru,2023-08-06,27.7,0.0,0
Bengaluru,2023-08-07,25.9,0.0,0
Bengaluru,2023-08-08,25.4,22.6,1
Bengaluru,2023-08-09,28.2,19.0,1
Bengaluru,2023-08-10,26.5,0.0,0
Bengaluru,2023-08-11,27.2,0.0,0
Bengaluru,2023-08-12,25.6,6.2,1
Bengaluru,2023-08-13,28.1,0.0,0
Bengaluru,2023-08-14,29.0,12.1,1
Bengaluru,2023-08-15,25.4,16.6,1
Bengaluru,2023-08-16,23.4,16.6,1
Bengaluru,2023-08-17,26.3,0.0,0
Bengaluru,2023-08-18,24.3,0.0,0
Bengaluru,2023-08-19,21.1,0.0,0
Bengaluru,2023-08-20,23.9,1.6,0
Bengaluru,2023-08-21,27.2,0.0,0
Bengaluru,2023-08-22,27.0,0.0,0
Bengaluru,2023-08-23,23.5,0.0,0
Bengaluru,2023-08-24,26.4,0.0,0
Bengaluru,2023-08-25,24.2,0.0,0
Bengaluru,2023-08-26,22.1,0.0,0
Bengaluru,2023-08-27,26.9,27.3,1
Bengaluru,2023-08-28,24.7,0.0,0
Bengaluru,2023-08-29,23.9,0.0,0
Bengaluru,2023-08-30,24.1,0.0,0
Bengaluru,2023-08-31,20.9,24.5,1
Bengaluru,2023-09-01,25.3,0.0,0
Bengaluru,2023-09-02,24.8,6.8,1
Bengaluru,2023-09-03,25.9,0.0,0
Bengaluru,2023-09-04,23.4,0.0,0
Bengaluru,2023-09-05,23.8,4.7,1
Bengaluru,2023-09-06,23.7,0.0,0
Bengaluru,2023-09-07,25.5,36.7,1
Bengaluru,2023-09-08,26.3,0.0,0
Bengaluru,2023-09-09,24.7,0.7,0
Bengaluru,2023-09-10,26.0,0.0,0
Bengaluru,2023-09-11,23.8,0.0,0
Bengaluru,2023-09-12,23.2,0.0,0
Bengaluru,2023-09-13,22.3,11.5,1
Bengaluru,2023-09-14,25.0,0.0,0
Bengaluru,2023-09-15,24.9,0.0,0
Bengaluru,2023-09-16,24.6,0.0,0
Bengaluru,2023-09-17,25.2,0.0,0
Bengaluru,2023-09-18,22.2,0.0,0
Bengaluru,2023-09-19,29.7,8.8,1
Bengaluru,2023-09-20,21.9,19.6,1
Bengaluru,2023-09-21,27.4,3.9,1
Bengaluru,2023-09-22,22.5,0.0,0
Bengaluru,2023-09-23,24.8,0.0,0
Bengaluru,2023-09-24,23.4,0.0,0
Bengaluru,2023-09-25,25.8,7.7,1
Bengaluru,2023-09-26,22.1,30.4,1
Bengaluru,2023-09-27,23.6,0.0,0
Bengaluru,2023-09-28,23.0,0.0,0
Bengaluru,2023-09-29,27.7,7.9,1
Bengaluru,2023-09-30,24.0,0.9,0
Bengaluru,2023-10-01,22.0,0.0,0
Bengaluru,2023-10-02,22.2,0.0,0
Bengaluru,2023-10-03,23.4,0.0,0
Bengaluru,2023-10-04,21.9,0.1,0
Bengaluru,2023-10-05,22.9,0.0,0
Bengaluru,2023-10-06,22.0,0.0,0
Bengaluru,2023-10-07,22.0,0.0,0
Bengaluru,2023-10-08,22.7,0.0,0
Bengaluru,2023-10-09,19.5,0.0,0
Bengaluru,2023-10-10,24.2,0.0,0
Bengaluru,2023-10-11,21.3,0.0,0
Bengaluru,2023-10-12,22.2,0.0,0
Bengaluru,2023-10-13,25.5,0.0,0
Bengaluru,2023-10-14,24.0,0.0,0
Bengaluru,2023-10-15,20.4,0.0,0
Bengaluru,2023-10-16,17.3,0.0,0
Bengaluru,2023-10-17,23.3,0.0,0
Bengaluru,2023-10-18,22.0,0.0,0
Bengaluru,2023-10-19,22.7,0.0,0
Bengaluru,2023-10-20,23.6,0.0,0
Bengaluru,2023-10-21,23.9,0.0,0
Bengaluru,2023-10-22,21.4,0.0,0
Bengaluru,2023-10-23,21.9,0.0,0
Bengaluru,2023-10-24,22.7,0.0,0
Bengaluru,2023-10-25,22.8,0.0,0
Bengaluru,2023-10-26,22.3,0.0,0
Bengaluru,2023-10-27,24.5,0.0,0
Bengaluru,2023-10-28,22.7,0.0,0
Bengaluru,2023-10-29,23.1,0.0,0
Bengaluru,2023-10-30,22.3,0.0,0
Bengaluru,2023-10-31,19.9,0.0,0
Bengaluru,2023-11-01,20.5,0.0,0
Bengaluru,2023-11-02,19.5,0.0,0
Bengaluru,2023-11-03,23.5,0.0,0
Bengaluru,2023-11-04,18.8,0.0,0
Bengaluru,2023-11-05,21.2,0.6,0
Bengaluru,2023-11-06,19.3,0.0,0
Bengaluru,2023-11-07,21.2,0.0,0
Bengaluru,2023-11-08,20.8,0.0,0
Bengaluru,2023-11-09,20.7,0.0,0
Bengaluru,2023-11-10,20.6,0.9,0
Bengaluru,2023-11-11,21.3,0.0,0
Bengaluru,2023-11-12,22.8,0.0,0
Bengaluru,2023-11-13,21.3,0.0,0
Bengaluru,2023-11-14,19.2,0.0,0
Bengaluru,2023-11-15,23.7,0.0,0
Bengaluru,2023-11-16,23.3,0.0,0
Bengaluru,2023-11-17,19.2,0.0,0
Bengaluru,2023-11-18,22.1,0.0,0
Bengaluru,2023-11-19,19.9,0.0,0
Bengaluru,2023-11-20,18.2,0.0,0
Bengaluru,2023-11-21,19.5,0.0,0
Bengaluru,2023-11-22,23.3,0.0,0
Bengaluru,2023-11-23,22.5,0.0,0
Bengaluru,2023-11-24,20.3,0.0,0
Bengaluru,2023-11-25,23.3,0.0,0
Bengaluru,2023-11-26,22.9,0.0,0
Bengaluru,2023-11-27,19.4,0.0,0
Bengaluru,2023-11-28,23.7,0.0,0
Bengaluru,2023-11-29,20.1,0.0,0
Bengaluru,2023-11-30,20.3,0.0,0
Bengaluru,2023-12-01,17.3,0.0,0
Bengaluru,2023-12-02,19.6,0.0,0
Bengaluru,2023-12-03,20.4,0.0,0
Bengaluru,2023-12-04,21.2,0.0,0
Bengaluru,2023-12-05,18.6,0.0,0
Bengaluru,2023-12-06,19.3,0.0,0
Bengaluru,2023-12-07,23.6,1.8,0
Bengaluru,2023-12-08,20.1,0.0,0
Bengaluru,2023-12-09,20.7,0.0,0
Bengaluru,2023-12-10,20.7,0.0,0
Bengaluru,2023-12-11,15.7,0.0,0
Bengaluru,2023-12-12,22.9,0.0,0
Bengaluru,2023-12-13,21.2,0.0,0
Bengaluru,2023-12-14,16.3,0.0,0
Bengaluru,2023-12-15,19.6,0.0,0
Bengaluru,2023-12-16,19.1,0.0,0
Bengaluru,2023-12-17,20.4,0.0,0
Bengaluru,2023-12-18,20.1,0.0,0
Bengaluru,2023-12-19,21.1,0.0,0
Bengaluru,2023-12-20,17.1,0.0,0
Bengaluru,2023-12-21,20.7,0.0,0
Bengaluru,2023-12-22,18.8,0.0,0
Bengaluru,2023-12-23,19.4,0.0,0
Bengaluru,2023-12-24,20.2,0.0,0
Bengaluru,2023-12-25,23.2,0.0,0
Bengaluru,2023-12-26,21.3,0.0,0
Bengaluru,2023-12-27,20.2,0.0,0
Bengaluru,2023-12-28,18.1,0.0,0
Bengaluru,2023-12-29,20.4,0.0,0
Bengaluru,2023-12-30,18.8,0.0,0
Bengaluru,2023-12-31,22.3,0.0,0
Delhi,2022-01-01,14.2,0.0,0
Delhi,2022-01-02,13.0,0.0,0
Delhi,2022-01-03,12.8,0.0,0
Delhi,2022-01-04,12.7,0.0,0
Delhi,2022-01-05,16.0,5.3,1
Delhi,2022-01-06,14.5,0.0,0
Delhi,2022-01-07,12.0,0.0,0
Delhi,2022-01-08,12.1,0.0,0
Delhi,2022-01-09,8.3,0.0,0
Delhi,2022-01-10,14.7,0.0,0
Delhi,2022-01-11,12.2,0.0,0
Delhi,2022-01-12,11.7,0.0,0
Delhi,2022-01-13,11.9,0.0,0
Delhi,2022-01-14,14.1,0.0,0
Delhi,2022-01-15,13.2,0.0,0
Delhi,2022-01-16,12.1,0.0,0
Delhi,2022-01-17,11.9,0.0,0
Delhi,2022-01-18,14.7,0.0,0
Delhi,2022-01-19,11.2,0.0,0
Delhi,2022-01-20,12.8,3.6,1
Delhi,2022-01-21,14.6,0.0,0
Delhi,2022-01-22,10.9,0.0,0
Delhi,2022-01-23,10.8,0.0,0
Delhi,2022-01-24,13.5,0.0,0
Delhi,2022-01-25,14.6,0.0,0
Delhi,2022-01-26,13.6,0.0,0
Delhi,2022-01-27,13.1,0.0,0
Delhi,2022-01-28,12.8,0.0,0
Delhi,2022-01-29,12.6,0.0,0
Delhi,2022-01-30,15.4,0.0,0
Delhi,2022-01-31,14.1,0.0,0
Delhi,2022-02-01,12.9,0.0,0
Delhi,2022-02-02,12.4,2.5,1
Delhi,2022-02-03,14.8,0.0,0
Delhi,2022-02-04,15.4,0.0,0
Delhi,2022-02-05,15.2,0.0,0
Delhi,2022-02-06,11.2,0.0,0
Delhi,2022-02-07,16.0,0.0,0
Delhi,2022-02-08,16.2,0.0,0
Delhi,2022-02-09,12.6,0.0,0
Delhi,2022-02-10,12.4,0.0,0
Delhi,2022-02-11,14.3,0.0,0
Delhi,2022-02-12,17.2,0.0,0
Delhi,2022-02-13,15.2,0.0,0
Delhi,2022-02-14,14.0,0.0,0
Delhi,2022-02-15,14.7,1.5,0
Delhi,2022-02-16,15.1,0.0,0
Delhi,2022-02-17,11.4,0.0,0
Delhi,2022-02-18,17.8,0.0,0
Delhi,2022-02-19,14.3,0.0,0
Delhi,2022-02-20,13.9,0.0,0
Delhi,2022-02-21,14.6,0.0,0
Delhi,2022-02-22,17.3,0.0,0
Delhi,2022-02-23,16.4,0.0,0
Delhi,2022-02-24,16.1,0.0,0
Delhi,2022-02-25,17.8,0.0,0
Delhi,2022-02-26,14.9,0.0,0
Delhi,2022-02-27,15.7,0.0,0
Delhi,2022-02-28,17.0,1.1,0
Delhi,2022-03-01,17.1,0.0,0
Delhi,2022-03-02,16.0,0.0,0
Delhi,2022-03-03,16.4,0.0,0
Delhi,2022-03-04,17.4,0.0,0
Delhi,2022-03-05,13.6,0.0,0
Delhi,2022-03-06,17.3,0.0,0
Delhi,2022-03-07,14.5,0.0,0
Delhi,2022-03-08,17.9,0.0,0
Delhi,2022-03-09,17.1,0.0,0
Delhi,2022-03-10,18.9,0.0,0
Delhi,2022-03-11,17.7,0.0,0
Delhi,2022-03-12,19.0,0.0,0
Delhi,2022-03-13,18.5,0.0,0
Delhi,2022-03-14,17.3,0.0,0
Delhi,2022-03-15,20.3,0.0,0
Delhi,2022-03-16,21.6,0.0,0
Delhi,2022-03-17,21.8,0.0,0
Delhi,2022-03-18,18.5,0.0,0
Delhi,2022-03-19,21.3,1.3,0
Delhi,2022-03-20,17.0,0.0,0
Delhi,2022-03-21,20.1,0.0,0
Delhi,2022-03-22,18.5,0.0,0
Delhi,2022-03-23,23.2,0.0,0
Delhi,2022-03-24,19.2,0.0,0
Delhi,2022-03-25,20.2,0.0,0
Delhi,2022-03-26,22.4,0.0,0
Delhi,2022-03-27,18.9,0.0,0
Delhi,2022-03-28,18.4,0.0,0
Delhi,2022-03-29,21.9,0.0,0
Delhi,2022-03-30,22.2,0.0,0
Delhi,2022-03-31,23.3,0.0,0
Delhi,2022-04-01,23.1,0.0,0
Delhi,2022-04-02,22.9,0.0,0
Delhi,2022-04-03,21.3,0.0,0
Delhi,2022-04-04,23.2,0.0,0
Delhi,2022-04-05,23.5,0.3,0
Delhi,2022-04-06,21.9,0.0,0
Delhi,2022-04-07,25.2,0.0,0
Delhi,2022-04-08,25.9,0.0,0
Delhi,2022-04-09,22.4,0.0,0
Delhi,2022-04-10,21.9,0.0,0
Delhi,2022-04-11,24.9,0.0,0
Delhi,2022-04-12,26.1,0.0,0
Delhi,2022-04-13,22.1,0.0,0
Delhi,2022-04-14,23.4,0.0,0
Delhi,2022-04-15,26.6,0.0,0
Delhi,2022-04-16,24.8,0.0,0
Delhi,2022-04-17,30.3,0.0,0
Delhi,2022-04-18,25.8,0.0,0
Delhi,2022-04-19,24.1,1.6,0
Delhi,2022-04-20,27.8,0.0,0
Delhi,2022-04-21,25.8,4.0,1
Delhi,2022-04-22,27.7,0.0,0
Delhi,2022-04-23,25.8,0.0,0
Delhi,2022-04-24,28.3,0.0,0
Delhi,2022-04-25,25.4,0.0,0
Delhi,2022-04-26,26.3,0.0,0
Delhi,2022-04-27,28.6,0.0,0
Delhi,2022-04-28,30.8,0.0,0
Delhi,2022-04-29,29.8,0.0,0
Delhi,2022-04-30,28.2,0.0,0
Delhi,2022-05-01,26.5,0.0,0
Delhi,2022-05-02,30.9,0.0,0
Delhi,2022-05-03,29.2,0.0,0
Delhi,2022-05-04,29.3,0.0,0
Delhi,2022-05-05,31.6,0.0,0
Delhi,2022-05-06,29.3,0.0,0
Delhi,2022-05-07,29.9,0.0,0
Delhi,2022-05-08,29.9,0.0,0
Delhi,2022-05-09,30.1,0.9,0
Delhi,2022-05-10,28.5,0.0,0
Delhi,2022-05-11,31.4,0.1,0
Delhi,2022-05-12,27.5,0.0,0
Delhi,2022-05-13,29.0,0.0,0
Delhi,2022-05-14,30.1,0.0,0
Delhi,2022-05-15,31.9,0.0,0
Delhi,2022-05-16,28.8,0.0,0
Delhi,2022-05-17,35.6,0.0,0
Delhi,2022-05-18,34.8,0.0,0
Delhi,2022-05-19,31.7,0.0,0
Delhi,2022-05-20,32.6,0.0,0
Delhi,2022-05-21,31.2,0.0,0
Delhi,2022-05-22,29.1,4.9,1
Delhi,2022-05-23,33.2,0.0,0
Delhi,2022-05-24,34.0,0.0,0
Delhi,2022-05-25,31.8,0.0,0
Delhi,2022-05-26,31.6,0.0,0
Delhi,2022-05-27,30.7,0.0,0
Delhi,2022-05-28,34.7,0.0,0
Delhi,2022-05-29,37.1,0.0,0
Delhi,2022-05-30,35.3,0.0,0
Delhi,2022-05-31,35.8,0.2,0
Delhi,2022-06-01,32.4,0.5,0
Delhi,2022-06-02,34.6,0.0,0
Delhi,2022-06-03,35.4,8.1,1
Delhi,2022-06-04,31.8,0.0,0
Delhi,2022-06-05,34.0,0.0,0
Delhi,2022-06-06,37.1,5.6,1
Delhi,2022-06-07,36.9,0.0,0
Delhi,2022-06-08,36.7,0.0,0
Delhi,2022-06-09,34.8,0.9,0
Delhi,2022-06-10,34.5,0.0,0
Delhi,2022-06-11,35.1,0.0,0
Delhi,2022-06-12,31.7,0.0,0
Delhi,2022-06-13,37.5,0.0,0
Delhi,2022-06-14,36.5,0.0,0
Delhi,2022-06-15,35.5,0.0,0
Delhi,2022-06-16,34.6,0.0,0
Delhi,2022-06-17,36.0,0.0,0
Delhi,2022-06-18,34.6,0.0,0
Delhi,2022-06-19,35.2,0.0,0
Delhi,2022-06-20,36.5,0.0,0
Delhi,2022-06-21,37.0,2.3,0
Delhi,2022-06-22,37.4,0.0,0
Delhi,2022-06-23,37.2,0.0,0
Delhi,2022-06-24,38.5,0.0,0
Delhi,2022-06-25,35.2,0.0,0
Delhi,2022-06-26,36.0,0.0,0
Delhi,2022-06-27,38.4,0.0,0
Delhi,2022-06-28,38.8,0.0,0
Delhi,2022-06-29,36.6,0.0,0
Delhi,2022-06-30,37.2,0.0,0
Delhi,2022-07-01,36.4,0.0,0
Delhi,2022-07-02,35.2,4.8,1
Delhi,2022-07-03,40.5,0.0,0
Delhi,2022-07-04,38.2,0.0,0
Delhi,2022-07-05,38.0,8.2,1
Delhi,2022-07-06,37.0,0.0,0
Delhi,2022-07-07,35.7,0.0,0
Delhi,2022-07-08,35.4,17.2,1
Delhi,2022-07-09,36.4,0.0,0
Delhi,2022-07-10,36.2,0.0,0
Delhi,2022-07-11,37.3,0.0,0
Delhi,2022-07-12,39.1,0.0,0
Delhi,2022-07-13,36.1,0.0,0
Delhi,2022-07-14,35.8,18.0,1
Delhi,2022-07-15,39.4,0.0,0
Delhi,2022-07-16,38.5,8.1,1
Delhi,2022-07-17,36.7,7.6,1
Delhi,2022-07-18,37.6,0.0,0
Delhi,2022-07-19,35.5,0.0,0
Delhi,2022-07-20,36.8,24.4,1
Delhi,2022-07-21,37.7,39.6,1
Delhi,2022-07-22,37.3,9.7,1
Delhi,2022-07-23,36.9,0.0,0
Delhi,2022-07-24,41.0,0.0,0
Delhi,2022-07-25,37.6,0.0,0
Delhi,2022-07-26,39.0,0.0,0
Delhi,2022-07-27,40.0,4.0,1
Delhi,2022-07-28,40.7,2.5,1
Delhi,2022-07-29,35.2,0.0,0
Delhi,2022-07-30,38.5,44.0,1
Delhi,2022-07-31,33.3,0.0,0
Delhi,2022-08-01,37.1,0.0,0
Delhi,2022-08-02,39.8,0.0,0
Delhi,2022-08-03,34.8,0.0,0
Delhi,2022-08-04,37.2,0.0,0
Delhi,2022-08-05,33.9,0.0,0
Delhi,2022-08-06,39.5,0.0,0
Delhi,2022-08-07,38.2,0.0,0
Delhi,2022-08-08,35.2,10.8,1
Delhi,2022-08-09,36.5,0.0,0
Delhi,2022-08-10,35.7,0.0,0
Delhi,2022-08-11,31.3,0.7,0
Delhi,2022-08-12,34.0,0.0,0
Delhi,2022-08-13,35.6,0.0,0
Delhi,2022-08-14,35.5,0.0,0
Delhi,2022-08-15,34.5,0.0,0
Delhi,2022-08-16,36.4,37.0,1
Delhi,2022-08-17,32.7,0.0,0
Delhi,2022-08-18,36.0,0.0,0
Delhi,2022-08-19,33.4,0.0,0
Delhi,2022-08-20,34.3,0.0,0
Delhi,2022-08-21,34.9,0.0,0
Delhi,2022-08-22,37.3,0.0,0
Delhi,2022-08-23,36.3,0.0,0
Delhi,2022-08-24,34.6,0.4,0
Delhi,2022-08-25,35.3,0.0,0
Delhi,2022-08-26,36.5,1.8,0
Delhi,2022-08-27,30.8,0.0,0
Delhi,2022-08-28,36.4,0.0,0
Delhi,2022-08-29,34.0,0.0,0
Delhi,2022-08-30,29.6,0.0,0
Delhi,2022-08-31,35.1,0.0,0
Delhi,2022-09-01,33.8,31.3,1
Delhi,2022-09-02,30.0,0.0,0
Delhi,2022-09-03,32.8,0.0,0
Delhi,2022-09-04,29.0,0.0,0
Delhi,2022-09-05,32.4,0.9,0
Delhi,2022-09-06,30.4,0.0,0
Delhi,2022-09-07,33.1,0.0,0
Delhi,2022-09-08,35.8,2.6,1
Delhi,2022-09-09,31.3,2.2,0
Delhi,2022-09-10,30.2,1.5,0
Delhi,2022-09-11,30.5,0.0,0
Delhi,2022-09-12,30.4,0.0,0
Delhi,2022-09-13,29.0,0.0,0
Delhi,2022-09-14,29.8,0.0,0
Delhi,2022-09-15,31.2,0.0,0
Delhi,2022-09-16,30.5,0.0,0
Delhi,2022-09-17,30.1,0.0,0
Delhi,2022-09-18,29.3,0.0,0
Delhi,2022-09-19,29.1,0.0,0
Delhi,2022-09-20,27.2,0.0,0
Delhi,2022-09-21,32.2,0.0,0
Delhi,2022-09-22,30.6,0.0,0
Delhi,2022-09-23,29.9,0.0,0
Delhi,2022-09-24,28.9,0.0,0
Delhi,2022-09-25,27.2,3.8,1
Delhi,2022-09-26,28.4,0.0,0
Delhi,2022-09-27,28.5,4.8,1
Delhi,2022-09-28,31.4,0.0,0
Delhi,2022-09-29,29.8,0.0,0
Delhi,2022-09-30,28.1,0.0,0
Delhi,2022-10-01,26.2,0.0,0
Delhi,2022-10-02,25.7,0.0,0
Delhi,2022-10-03,27.0,0.0,0
Delhi,2022-10-04,28.8,0.0,0
Delhi,2022-10-05,30.4,0.0,0
Delhi,2022-10-06,24.2,0.0,0
Delhi,2022-10-07,27.6,0.0,0
Delhi,2022-10-08,25.2,0.0,0
Delhi,2022-10-09,25.3,0.0,0
Delhi,2022-10-10,26.0,0.0,0
Delhi,2022-10-11,24.2,0.0,0
Delhi,2022-10-12,25.1,0.0,0
Delhi,2022-10-13,23.7,0.0,0
Delhi,2022-10-14,24.1,0.0,0
Delhi,2022-10-15,26.3,0.0,0
Delhi,2022-10-16,24.9,0.0,0
Delhi,2022-10-17,25.8,0.0,0
Delhi,2022-10-18,23.1,0.0,0
Delhi,2022-10-19,25.1,0.0,0
Delhi,2022-10-20,20.9,0.0,0
Delhi,2022-10-21,23.7,0.0,0
Delhi,2022-10-22,24.6,0.0,0
Delhi,2022-10-23,20.3,0.0,0
Delhi,2022-10-24,21.9,0.0,0
Delhi,2022-10-25,22.9,0.0,0
Delhi,2022-10-26,24.5,0.0,0
Delhi,2022-10-27,21.4,0.0,0
Delhi,2022-10-28,23.2,0.0,0
Delhi,2022-10-29,24.6,0.0,0
Delhi,2022-10-30,22.9,0.0,0
Delhi,2022-10-31,21.3,0.0,0
Delhi,2022-11-01,22.1,0.0,0
Delhi,2022-11-02,20.2,0.0,0
Delhi,2022-11-03,21.2,0.0,0
Delhi,2022-11-04,20.6,0.0,0
Delhi,2022-11-05,21.3,0.0,0
Delhi,2022-11-06,19.7,0.0,0
Delhi,2022-11-07,21.0,0.0,0
Delhi,2022-11-08,19.3,0.0,0
Delhi,2022-11-09,21.5,0.0,0
Delhi,2022-11-10,19.1,0.0,0
Delhi,2022-11-11,15.9,0.0,0
Delhi,2022-11-12,17.5,0.0,0
Delhi,2022-11-13,19.2,0.0,0
Delhi,2022-11-14,22.0,0.0,0
Delhi,2022-11-15,20.3,0.0,0
Delhi,2022-11-16,14.7,0.0,0
Delhi,2022-11-17,15.8,0.0,0
Delhi,2022-11-18,20.3,0.0,0
Delhi,2022-11-19,19.3,0.0,0
Delhi,2022-11-20,22.0,0.0,0
Delhi,2022-11-21,17.0,0.0,0
Delhi,2022-11-22,16.1,0.0,0
Delhi,2022-11-23,17.6,0.0,0
Delhi,2022-11-24,16.4,0.0,0
Delhi,2022-11-25,19.0,0.0,0
Delhi,2022-11-26,16.1,0.0,0
Delhi,2022-11-27,16.3,0.0,0
Delhi,2022-11-28,14.9,0.0,0
Delhi,2022-11-29,17.9,0.0,0
Delhi,2022-11-30,14.7,0.0,0
Delhi,2022-12-01,17.0,0.0,0
Delhi,2022-12-02,19.5,0.0,0
Delhi,2022-12-03,12.8,0.0,0
Delhi,2022-12-04,18.5,0.0,0
Delhi,2022-12-05,16.2,0.0,0
Delhi,2022-12-06,13.5,0.0,0
Delhi,2022-12-07,15.6,0.0,0
Delhi,2022-12-08,16.6,0.0,0
Delhi,2022-12-09,13.8,0.0,0
Delhi,2022-12-10,15.9,0.0,0
Delhi,2022-12-11,17.8,0.0,0
Delhi,2022-12-12,13.9,0.0,0
Delhi,2022-12-13,13.0,0.0,0
Delhi,2022-12-14,14.4,0.0,0
Delhi,2022-12-15,14.6,0.0,0
Delhi,2022-12-16,16.4,0.0,0
Delhi,2022-12-17,14.1,0.0,0
Delhi,2022-12-18,13.5,0.6,0
Delhi,2022-12-19,15.7,0.0,0
Delhi,2022-12-20,9.9,0.0,0
Delhi,2022-12-21,16.3,0.0,0
Delhi,2022-12-22,12.4,0.0,0
Delhi,2022-12-23,11.8,0.0,0
Delhi,2022-12-24,13.5,0.0,0
Delhi,2022-12-25,15.1,0.0,0
Delhi,2022-12-26,13.3,0.0,0
Delhi,2022-12-27,11.7,0.0,0
Delhi,2022-12-28,14.4,0.0,0
Delhi,2022-12-29,12.0,0.0,0
Delhi,2022-12-30,13.1,0.0,0
Delhi,2022-12-31,12.1,0.0,0
Delhi,2023-01-01,13.6,0.0,0
Delhi,2023-01-02,13.0,0.0,0
Delhi,2023-01-03,13.5,1.0,0
Delhi,2023-01-04,11.9,0.0,0
Delhi,2023-01-05,13.3,0.0,0
Delhi,2023-01-06,8.3,0.0,0
Delhi,2023-01-07,15.0,0.0,0
Delhi,2023-01-08,12.4,0.0,0
Delhi,2023-01-09,12.4,0.0,0
Delhi,2023-01-10,10.5,0.0,0
Delhi,2023-01-11,11.6,0.0,0
Delhi,2023-01-12,14.7,0.4,0
Delhi,2023-01-13,15.3,0.0,0
Delhi,2023-01-14,13.2,0.0,0
Delhi,2023-01-15,12.8,0.0,0
Delhi,2023-01-16,12.4,0.0,0
Delhi,2023-01-17,12.6,0.0,0
Delhi,2023-01-18,13.5,0.0,0
Delhi,2023-01-19,13.5,0.0,0
Delhi,2023-01-20,11.9,0.0,0
Delhi,2023-01-21,11.4,0.1,0
Delhi,2023-01-22,13.7,0.0,0
Delhi,2023-01-23,10.9,0.0,0
Delhi,2023-01-24,12.2,0.0,0
Delhi,2023-01-25,15.1,0.0,0
Delhi,2023-01-26,10.5,0.0,0
Delhi,2023-01-27,14.4,0.0,0
Delhi,2023-01-28,9.6,0.0,0
Delhi,2023-01-29,16.5,0.0,0
Delhi,2023-01-30,12.5,0.0,0
Delhi,2023-01-31,14.2,0.0,0
Delhi,2023-02-01,13.8,0.0,0
Delhi,2023-02-02,13.9,0.5,0
Delhi,2023-02-03,17.6,0.0,0
Delhi,2023-02-04,15.0,0.0,0
Delhi,2023-02-05,11.6,0.0,0
Delhi,2023-02-06,14.1,3.7,1
Delhi,2023-02-07,14.4,0.0,0
Delhi,2023-02-08,12.4,0.0,0
Delhi,2023-02-09,16.1,0.0,0
Delhi,2023-02-10,15.1,0.2,0
Delhi,2023-02-11,17.3,0.0,0
Delhi,2023-02-12,17.3,0.0,0
Delhi,2023-02-13,14.3,0.0,0
Delhi,2023-02-14,16.1,0.0,0
Delhi,2023-02-15,14.2,0.0,0
Delhi,2023-02-16,15.3,0.0,0
Delhi,2023-02-17,12.3,0.0,0
Delhi,2023-02-18,13.7,0.0,0
Delhi,2023-02-19,16.3,0.0,0
Delhi,2023-02-20,12.2,0.0,0
Delhi,2023-02-21,15.7,0.0,0
Delhi,2023-02-22,16.0,0.5,0
Delhi,2023-02-23,14.7,0.0,0
Delhi,2023-02-24,16.1,0.0,0
Delhi,2023-02-25,18.1,0.0,0
Delhi,2023-02-26,14.9,0.0,0
Delhi,2023-02-27,16.3,0.0,0
Delhi,2023-02-28,19.6,0.0,0
Delhi,2023-03-01,17.9,0.0,0
Delhi,2023-03-02,15.7,0.0,0
Delhi,2023-03-03,18.0,0.0,0
Delhi,2023-03-04,14.2,0.0,0
Delhi,2023-03-05,17.1,0.0,0
Delhi,2023-03-06,18.5,0.0,0
Delhi,2023-03-07,18.2,0.0,0
Delhi,2023-03-08,18.8,0.0,0
Delhi,2023-03-09,19.4,0.0,0
Delhi,2023-03-10,18.9,0.0,0
Delhi,2023-03-11,19.0,0.0,0
Delhi,2023-03-12,18.7,0.0,0
Delhi,2023-03-13,16.6,0.0,0
Delhi,2023-03-14,20.6,0.0,0
Delhi,2023-03-15,18.8,0.0,0
Delhi,2023-03-16,20.3,0.0,0
Delhi,2023-03-17,20.9,1.4,0
Delhi,2023-03-18,18.5,0.0,0
Delhi,2023-03-19,17.7,0.0,0
Delhi,2023-03-20,22.1,0.0,0
Delhi,2023-03-21,20.7,0.0,0
Delhi,2023-03-22,16.7,0.0,0
Delhi,2023-03-23,21.9,0.0,0
Delhi,2023-03-24,21.1,0.0,0
Delhi,2023-03-25,22.0,0.0,0
Delhi,2023-03-26,21.0,0.0,0
Delhi,2023-03-27,23.3,0.0,0
Delhi,2023-03-28,20.1,0.0,0
Delhi,2023-03-29,23.2,0.0,0
Delhi,2023-03-30,22.3,0.0,0
Delhi,2023-03-31,18.9,0.0,0
Delhi,2023-04-01,19.0,0.0,0
Delhi,2023-04-02,21.8,0.0,0
Delhi,2023-04-03,21.1,0.0,0
Delhi,2023-04-04,19.3,0.0,0
Delhi,2023-04-05,20.8,0.0,0
Delhi,2023-04-06,22.8,0.0,0
Delhi,2023-04-07,21.9,0.0,0
Delhi,2023-04-08,27.7,0.0,0
Delhi,2023-04-09,22.6,0.0,0
Delhi,2023-04-10,26.1,0.0,0
Delhi,2023-04-11,27.1,0.0,0
Delhi,2023-04-12,23.4,0.0,0
Delhi,2023-04-13,23.5,0.0,0
Delhi,2023-04-14,23.9,0.0,0
Delhi,2023-04-15,24.7,0.0,0
Delhi,2023-04-16,24.5,0.0,0
Delhi,2023-04-17,23.3,0.0,0
Delhi,2023-04-18,26.2,0.0,0
Delhi,2023-04-19,25.1,0.0,0
Delhi,2023-04-20,30.3,0.0,0
Delhi,2023-04-21,27.9,0.0,0
Delhi,2023-04-22,25.8,0.0,0
Delhi,2023-04-23,27.7,0.0,0
Delhi,2023-04-24,27.8,0.0,0
Delhi,2023-04-25,29.0,0.0,0
Delhi,2023-04-26,24.1,0.0,0
Delhi,2023-04-27,25.2,0.0,0
Delhi,2023-04-28,26.1,0.0,0
Delhi,2023-04-29,27.8,0.0,0
Delhi,2023-04-30,21.8,0.0,0
Delhi,2023-05-01,26.7,0.0,0
Delhi,2023-05-02,30.8,0.0,0
Delhi,2023-05-03,26.6,0.0,0
Delhi,2023-05-04,29.3,0.0,0
Delhi,2023-05-05,29.6,0.0,0
Delhi,2023-05-06,30.0,0.0,0
Delhi,2023-05-07,30.7,0.0,0
Delhi,2023-05-08,31.4,0.0,0
Delhi,2023-05-09,32.6,0.0,0
Delhi,2023-05-10,29.3,0.0,0
Delhi,2023-05-11,28.7,0.0,0
Delhi,2023-05-12,31.1,0.0,0
Delhi,2023-05-13,31.3,0.5,0
Delhi,2023-05-14,31.1,0.0,0
Delhi,2023-05-15,31.0,0.0,0
Delhi,2023-05-16,32.3,0.0,0
Delhi,2023-05-17,35.2,0.0,0
Delhi,2023-05-18,31.9,0.0,0
Delhi,2023-05-19,34.5,0.0,0
Delhi,2023-05-20,32.9,0.0,0
Delhi,2023-05-21,32.3,0.0,0
Delhi,2023-05-22,31.3,0.0,0
Delhi,2023-05-23,32.7,0.0,0
Delhi,2023-05-24,32.7,0.0,0
Delhi,2023-05-25,31.4,0.0,0
Delhi,2023-05-26,31.8,0.0,0
Delhi,2023-05-27,33.6,0.0,0
Delhi,2023-05-28,32.9,0.0,0
Delhi,2023-05-29,29.6,0.0,0
Delhi,2023-05-30,30.3,0.0,0
Delhi,2023-05-31,32.8,0.0,0
Delhi,2023-06-01,31.5,0.0,0
Delhi,2023-06-02,33.5,0.0,0
Delhi,2023-06-03,36.0,36.2,1
Delhi,2023-06-04,36.5,6.8,1
Delhi,2023-06-05,34.0,0.0,0
Delhi,2023-06-06,35.5,0.0,0
Delhi,2023-06-07,36.1,2.9,1
Delhi,2023-06-08,34.2,12.7,1
Delhi,2023-06-09,36.4,0.0,0
Delhi,2023-06-10,34.2,0.0,0
Delhi,2023-06-11,35.5,0.0,0
Delhi,2023-06-12,34.7,0.0,0
Delhi,2023-06-13,36.0,0.0,0
Delhi,2023-06-14,36.4,0.4,0
Delhi,2023-06-15,35.8,0.0,0
Delhi,2023-06-16,36.8,0.0,0
Delhi,2023-06-17,34.4,8.1,1
Delhi,2023-06-18,38.9,10.5,1
Delhi,2023-06-19,37.3,0.0,0
Delhi,2023-06-20,34.7,0.0,0
Delhi,2023-06-21,35.2,0.0,0
Delhi,2023-06-22,31.7,14.2,1
Delhi,2023-06-23,36.8,7.9,1
Delhi,2023-06-24,37.1,3.3,1
Delhi,2023-06-25,40.6,0.0,0
Delhi,2023-06-26,36.3,0.0,0
Delhi,2023-06-27,34.8,0.0,0
Delhi,2023-06-28,36.5,1.0,0
Delhi,2023-06-29,34.7,0.0,0
Delhi,2023-06-30,36.1,0.0,0
Delhi,2023-07-01,35.6,1.3,0
Delhi,2023-07-02,37.7,0.0,0
Delhi,2023-07-03,40.0,0.0,0
Delhi,2023-07-04,37.4,0.0,0
Delhi,2023-07-05,35.8,0.0,0
Delhi,2023-07-06,38.8,27.0,1
Delhi,2023-07-07,39.3,0.0,0
Delhi,2023-07-08,37.3,0.0,0
Delhi,2023-07-09,40.1,0.7,0
Delhi,2023-07-10,37.3,2.1,0
Delhi,2023-07-11,36.4,0.0,0
Delhi,2023-07-12,37.7,0.0,0
Delhi,2023-07-13,37.9,0.0,0
Delhi,2023-07-14,36.0,0.0,0
Delhi,2023-07-15,40.1,67.3,1
Delhi,2023-07-16,37.8,0.0,0
Delhi,2023-07-17,35.0,0.0,0
Delhi,2023-07-18,38.0,0.4,0
Delhi,2023-07-19,36.5,0.0,0
Delhi,2023-07-20,34.0,0.0,0
Delhi,2023-07-21,36.1,0.0,0
Delhi,2023-07-22,39.8,0.0,0
Delhi,2023-07-23,37.3,0.0,0
Delhi,2023-07-24,38.7,0.0,0
Delhi,2023-07-25,38.8,0.0,0
Delhi,2023-07-26,36.7,0.0,0
Delhi,2023-07-27,37.9,0.0,0
Delhi,2023-07-28,33.9,11.7,1
Delhi,2023-07-29,39.1,15.1,1
Delhi,2023-07-30,38.0,0.0,0
Delhi,2023-07-31,35.6,0.0,0
Delhi,2023-08-01,35.3,23.1,1
Delhi,2023-08-02,33.5,0.0,0
Delhi,2023-08-03,36.3,0.0,0
Delhi,2023-08-04,32.3,0.0,0
Delhi,2023-08-05,36.7,6.0,1
Delhi,2023-08-06,33.8,0.0,0
Delhi,2023-08-07,38.2,42.0,1
Delhi,2023-08-08,33.2,2.2,0
Delhi,2023-08-09,35.4,0.0,0
Delhi,2023-08-10,37.6,0.0,0
Delhi,2023-08-11,34.9,11.5,1
Delhi,2023-08-12,34.1,0.4,0
Delhi,2023-08-13,36.5,0.0,0
Delhi,2023-08-14,34.9,0.0,0
Delhi,2023-08-15,39.1,0.0,0
Delhi,2023-08-16,37.1,1.4,0
Delhi,2023-08-17,35.6,0.7,0
Delhi,2023-08-18,36.3,1.6,0
Delhi,2023-08-19,35.0,0.0,0
Delhi,2023-08-20,34.5,0.0,0
Delhi,2023-08-21,35.5,1.9,0
Delhi,2023-08-22,36.2,0.0,0
Delhi,2023-08-23,35.1,0.0,0
Delhi,2023-08-24,38.1,0.4,0
Delhi,2023-08-25,33.9,0.0,0
Delhi,2023-08-26,32.3,0.0,0
Delhi,2023-08-27,35.1,0.0,0
Delhi,2023-08-28,34.3,0.0,0
Delhi,2023-08-29,32.4,0.0,0
Delhi,2023-08-30,34.5,0.0,0
Delhi,2023-08-31,31.7,0.0,0
Delhi,2023-09-01,33.1,0.0,0
Delhi,2023-09-02,36.6,0.0,0
Delhi,2023-09-03,32.1,0.0,0
Delhi,2023-09-04,32.8,0.0,0
Delhi,2023-09-05,30.6,0.0,0
Delhi,2023-09-06,33.6,0.0,0
Delhi,2023-09-07,30.8,0.0,0
Delhi,2023-09-08,32.6,0.0,0
Delhi,2023-09-09,33.7,0.0,0
Delhi,2023-09-10,31.3,0.0,0
Delhi,2023-09-11,32.6,0.0,0
Delhi,2023-09-12,32.0,0.0,0
Delhi,2023-09-13,33.1,0.0,0
Delhi,2023-09-14,32.0,0.0,0
Delhi,2023-09-15,33.2,9.4,1
Delhi,2023-09-16,30.2,4.7,1
Delhi,2023-09-17,28.2,0.0,0
Delhi,2023-09-18,27.3,0.0,0
Delhi,2023-09-19,27.3,0.0,0
Delhi,2023-09-20,29.4,0.9,0
Delhi,2023-09-21,32.7,0.0,0
Delhi,2023-09-22,31.4,0.0,0
Delhi,2023-09-23,31.1,0.0,0
Delhi,2023-09-24,28.6,0.0,0
Delhi,2023-09-25,26.5,0.0,0
Delhi,2023-09-26,25.8,0.0,0
Delhi,2023-09-27,31.1,0.0,0
Delhi,2023-09-28,29.4,0.0,0
Delhi,2023-09-29,29.5,31.4,1
Delhi,2023-09-30,28.5,32.7,1
Delhi,2023-10-01,26.4,0.0,0
Delhi,2023-10-02,27.1,0.0,0
Delhi,2023-10-03,25.6,0.0,0
Delhi,2023-10-04,25.2,0.0,0
Delhi,2023-10-05,28.6,0.0,0
Delhi,2023-10-06,23.9,0.0,0
Delhi,2023-10-07,24.8,0.0,0
Delhi,2023-10-08,25.9,0.0,0
Delhi,2023-10-09,26.3,0.0,0
Delhi,2023-10-10,23.5,0.0,0
Delhi,2023-10-11,22.9,0.0,0
Delhi,2023-10-12,26.3,0.0,0
Delhi,2023-10-13,25.7,1.5,0
Delhi,2023-10-14,27.6,0.0,0
Delhi,2023-10-15,27.1,0.0,0
Delhi,2023-10-16,25.4,0.0,0
Delhi,2023-10-17,25.4,0.0,0
Delhi,2023-10-18,21.9,0.0,0
Delhi,2023-10-19,23.6,0.0,0
Delhi,2023-10-20,25.2,0.0,0
Delhi,2023-10-21,25.1,0.0,0
Delhi,2023-10-22,22.4,0.0,0
Delhi,2023-10-23,23.7,0.0,0
Delhi,2023-10-24,21.6,0.0,0
Delhi,2023-10-25,23.8,0.0,0
Delhi,2023-10-26,21.3,0.0,0
Delhi,2023-10-27,24.6,0.0,0
Delhi,2023-10-28,25.2,0.0,0
Delhi,2023-10-29,24.7,0.0,0
Delhi,2023-10-30,18.8,0.0,0
Delhi,2023-10-31,22.4,0.0,0
Delhi,2023-11-01,20.0,0.0,0
Delhi,2023-11-02,23.0,0.0,0
Delhi,2023-11-03,23.0,0.0,0
Delhi,2023-11-04,21.4,0.0,0
Delhi,2023-11-05,19.7,0.0,0
Delhi,2023-11-06,18.5,0.0,0
Delhi,2023-11-07,19.0,0.0,0
Delhi,2023-11-08,18.7,0.0,0
Delhi,2023-11-09,20.0,0.0,0
Delhi,2023-11-10,21.6,0.0,0
Delhi,2023-11-11,19.7,0.0,0
Delhi,2023-11-12,17.2,0.0,0
Delhi,2023-11-13,16.9,0.0,0
Delhi,2023-11-14,20.2,0.0,0
Delhi,2023-11-15,22.3,0.0,0
Delhi,2023-11-16,18.8,0.0,0
Delhi,2023-11-17,17.2,0.0,0
Delhi,2023-11-18,16.5,0.0,0
Delhi,2023-11-19,19.2,0.0,0
Delhi,2023-11-20,20.8,0.0,0
Delhi,2023-11-21,17.2,0.0,0
Delhi,2023-11-22,16.7,0.0,0
Delhi,2023-11-23,14.9,0.0,0
Delhi,2023-11-24,17.4,0.0,0
Delhi,2023-11-25,18.5,0.0,0
Delhi,2023-11-26,15.6,0.0,0
Delhi,2023-11-27,17.2,0.0,0
Delhi,2023-11-28,17.6,0.0,0
Delhi,2023-11-29,17.6,0.5,0
Delhi,2023-11-30,15.0,0.0,0
Delhi,2023-12-01,13.8,0.0,0
Delhi,2023-12-02,12.8,0.0,0
Delhi,2023-12-03,16.9,0.0,0
Delhi,2023-12-04,16.5,0.0,0
Delhi,2023-12-05,20.2,0.0,0
Delhi,2023-12-06,15.7,0.0,0
Delhi,2023-12-07,15.3,0.0,0
Delhi,2023-12-08,15.8,0.0,0
Delhi,2023-12-09,15.8,0.0,0
Delhi,2023-12-10,14.8,0.0,0
Delhi,2023-12-11,13.6,0.0,0
Delhi,2023-12-12,14.9,0.0,0
Delhi,2023-12-13,14.7,0.0,0
Delhi,2023-12-14,14.6,0.0,0
Delhi,2023-12-15,16.0,0.0,0
Delhi,2023-12-16,14.5,0.0,0
Delhi,2023-12-17,12.0,0.0,0
Delhi,2023-12-18,13.2,0.2,0
Delhi,2023-12-19,13.8,0.0,0
Delhi,2023-12-20,15.0,0.0,0
Delhi,2023-12-21,14.1,0.0,0
Delhi,2023-12-22,8.7,0.0,0
Delhi,2023-12-23,14.4,0.0,0
Delhi,2023-12-24,14.7,0.0,0
Delhi,2023-12-25,11.4,0.0,0
Delhi,2023-12-26,12.4,0.0,0
Delhi,2023-12-27,13.4,0.0,0
Delhi,2023-12-28,12.5,0.0,0
Delhi,2023-12-29,12.7,0.0,0
Delhi,2023-12-30,13.9,0.0,0
Delhi,2023-12-31,12.2,0.0,0
Mumbai,2022-01-01,20.3,0.0,0
Mumbai,2022-01-02,24.8,0.0,0
Mumbai,2022-01-03,21.3,0.0,0
Mumbai,2022-01-04,22.8,0.0,0
Mumbai,2022-01-05,22.3,0.0,0
Mumbai,2022-01-06,21.1,0.0,0
Mumbai,2022-01-07,24.8,0.8,0
Mumbai,2022-01-08,24.6,0.0,0
Mumbai,2022-01-09,22.3,0.0,0
Mumbai,2022-01-10,24.0,0.0,0
Mumbai,2022-01-11,23.3,0.0,0
Mumbai,2022-01-12,24.4,0.0,0
Mumbai,2022-01-13,25.6,0.0,0
Mumbai,2022-01-14,23.2,0.0,0
Mumbai,2022-01-15,22.7,0.0,0
Mumbai,2022-01-16,21.9,0.0,0
Mumbai,2022-01-17,21.1,0.0,0
Mumbai,2022-01-18,20.7,0.0,0
Mumbai,2022-01-19,22.5,0.0,0
Mumbai,2022-01-20,25.6,0.0,0
Mumbai,2022-01-21,25.0,3.5,1
Mumbai,2022-01-22,22.9,0.0,0
Mumbai,2022-01-23,26.4,0.0,0
Mumbai,2022-01-24,26.1,0.0,0
Mumbai,2022-01-25,22.8,0.0,0
Mumbai,2022-01-26,24.3,0.0,0
Mumbai,2022-01-27,24.2,0.0,0
Mumbai,2022-01-28,27.2,0.1,0
Mumbai,2022-01-29,23.5,0.0,0
Mumbai,2022-01-30,24.5,4.7,1
Mumbai,2022-01-31,22.8,0.0,0
Mumbai,2022-02-01,26.7,0.0,0
Mumbai,2022-02-02,25.6,0.0,0
Mumbai,2022-02-03,26.5,0.0,0
Mumbai,2022-02-04,25.0,0.0,0
Mumbai,2022-02-05,23.3,0.0,0
Mumbai,2022-02-06,25.7,0.0,0
Mumbai,2022-02-07,27.1,0.0,0
Mumbai,2022-02-08,25.3,0.0,0
Mumbai,2022-02-09,23.2,0.0,0
Mumbai,2022-02-10,23.8,0.0,0
Mumbai,2022-02-11,25.0,0.0,0
Mumbai,2022-02-12,27.6,0.0,0
Mumbai,2022-02-13,28.3,0.0,0
Mumbai,2022-02-14,23.6,0.0,0
Mumbai,2022-02-15,25.9,0.0,0
Mumbai,2022-02-16,24.2,0.0,0
Mumbai,2022-02-17,23.1,0.0,0
Mumbai,2022-02-18,26.5,0.0,0
Mumbai,2022-02-19,25.8,0.0,0
Mumbai,2022-02-20,26.0,0.0,0
Mumbai,2022-02-21,25.4,0.0,0
Mumbai,2022-02-22,26.3,0.0,0
Mumbai,2022-02-23,26.3,0.0,0
Mumbai,2022-02-24,27.4,0.0,0
Mumbai,2022-02-25,24.5,0.0,0
Mumbai,2022-02-26,27.7,0.0,0
Mumbai,2022-02-27,27.5,0.0,0
Mumbai,2022-02-28,26.8,0.0,0
Mumbai,2022-03-01,26.4,0.3,0
Mumbai,2022-03-02,27.1,0.0,0
Mumbai,2022-03-03,25.3,0.0,0
Mumbai,2022-03-04,28.8,0.0,0
Mumbai,2022-03-05,26.7,0.0,0
Mumbai,2022-03-06,27.2,0.0,0
Mumbai,2022-03-07,31.5,0.0,0
Mumbai,2022-03-08,28.2,0.0,0
Mumbai,2022-03-09,27.7,0.0,0
Mumbai,2022-03-10,26.8,0.4,0
Mumbai,2022-03-11,24.9,0.0,0
Mumbai,2022-03-12,29.5,0.0,0
Mumbai,2022-03-13,26.6,0.0,0
Mumbai,2022-03-14,28.7,0.0,0
Mumbai,2022-03-15,30.1,0.0,0
Mumbai,2022-03-16,28.1,2.1,0
Mumbai,2022-03-17,30.3,2.1,0
Mumbai,2022-03-18,25.1,0.0,0
Mumbai,2022-03-19,25.8,0.0,0
Mumbai,2022-03-20,26.4,0.0,0
Mumbai,2022-03-21,24.2,0.0,0
Mumbai,2022-03-22,25.0,0.0,0
Mumbai,2022-03-23,30.8,0.0,0
Mumbai,2022-03-24,30.4,0.0,0
Mumbai,2022-03-25,27.3,0.0,0
Mumbai,2022-03-26,32.4,0.0,0
Mumbai,2022-03-27,28.0,0.0,0
Mumbai,2022-03-28,32.0,0.0,0
Mumbai,2022-03-29,32.1,0.0,0
Mumbai,2022-03-30,27.6,0.0,0
Mumbai,2022-03-31,30.3,0.0,0
Mumbai,2022-04-01,30.9,0.0,0
Mumbai,2022-04-02,27.9,0.0,0
Mumbai,2022-04-03,24.1,0.0,0
Mumbai,2022-04-04,30.6,0.0,0
Mumbai,2022-04-05,27.8,0.0,0
Mumbai,2022-04-06,29.1,0.0,0
Mumbai,2022-04-07,29.8,0.0,0
Mumbai,2022-04-08,30.6,0.0,0
Mumbai,2022-04-09,29.0,0.0,0
Mumbai,2022-04-10,30.2,0.0,0
Mumbai,2022-04-11,31.9,0.0,0
Mumbai,2022-04-12,26.4,0.0,0
Mumbai,2022-04-13,27.4,0.0,0
Mumbai,2022-04-14,27.9,0.0,0
Mumbai,2022-04-15,30.3,0.0,0
Mumbai,2022-04-16,27.0,0.0,0
Mumbai,2022-04-17,29.4,0.0,0
Mumbai,2022-04-18,27.4,0.0,0
Mumbai,2022-04-19,31.3,0.0,0
Mumbai,2022-04-20,29.5,0.0,0
Mumbai,2022-04-21,30.5,0.0,0
Mumbai,2022-04-22,33.8,0.0,0
Mumbai,2022-04-23,29.6,0.0,0
Mumbai,2022-04-24,31.6,0.0,0
Mumbai,2022-04-25,32.2,0.0,0
Mumbai,2022-04-26,33.1,0.0,0
Mumbai,2022-04-27,30.8,0.0,0
Mumbai,2022-04-28,30.7,0.0,0
Mumbai,2022-04-29,30.7,0.0,0
Mumbai,2022-04-30,31.8,0.0,0
Mumbai,2022-05-01,33.9,0.0,0
Mumbai,2022-05-02,30.8,0.0,0
Mumbai,2022-05-03,27.0,0.0,0
Mumbai,2022-05-04,33.0,0.0,0
Mumbai,2022-05-05,31.6,0.0,0
Mumbai,2022-05-06,32.5,0.0,0
Mumbai,2022-05-07,28.8,0.0,0
Mumbai,2022-05-08,30.7,0.0,0
Mumbai,2022-05-09,33.2,0.0,0
Mumbai,2022-05-10,29.5,0.0,0
Mumbai,2022-05-11,32.7,0.0,0
Mumbai,2022-05-12,31.8,0.0,0
Mumbai,2022-05-13,30.6,0.0,0
Mumbai,2022-05-14,30.5,0.0,0
Mumbai,2022-05-15,30.2,0.0,0
Mumbai,2022-05-16,32.2,0.0,0
Mumbai,2022-05-17,32.5,0.0,0
Mumbai,2022-05-18,31.5,0.0,0
Mumbai,2022-05-19,30.3,0.0,0
Mumbai,2022-05-20,27.0,0.0,0
Mumbai,2022-05-21,33.1,0.0,0
Mumbai,2022-05-22,34.0,0.0,0
Mumbai,2022-05-23,33.5,0.0,0
Mumbai,2022-05-24,36.2,0.0,0
Mumbai,2022-05-25,32.2,0.0,0
Mumbai,2022-05-26,35.0,0.0,0
Mumbai,2022-05-27,31.4,0.0,0
Mumbai,2022-05-28,31.2,0.0,0
Mumbai,2022-05-29,32.9,0.0,0
Mumbai,2022-05-30,35.6,0.0,0
Mumbai,2022-05-31,32.2,0.0,0
Mumbai,2022-06-01,29.9,0.0,0
Mumbai,2022-06-02,34.3,0.0,0
Mumbai,2022-06-03,32.6,0.0,0
Mumbai,2022-06-04,33.3,0.0,0
Mumbai,2022-06-05,31.5,32.9,1
Mumbai,2022-06-06,29.6,0.0,0
Mumbai,2022-06-07,33.2,0.0,0
Mumbai,2022-06-08,35.0,54.3,1
Mumbai,2022-06-09,33.9,0.0,0
Mumbai,2022-06-10,33.8,0.0,0
Mumbai,2022-06-11,31.4,42.8,1
Mumbai,2022-06-12,32.5,0.0,0
Mumbai,2022-06-13,33.8,5.0,1
Mumbai,2022-06-14,31.3,21.0,1
Mumbai,2022-06-15,33.7,47.1,1
Mumbai,2022-06-16,33.0,0.0,0
Mumbai,2022-06-17,35.5,91.1,1
Mumbai,2022-06-18,35.1,47.0,1
Mumbai,2022-06-19,35.6,3.9,1
Mumbai,2022-06-20,33.1,0.0,0
Mumbai,2022-06-21,32.5,0.0,0
Mumbai,2022-06-22,31.5,0.0,0
Mumbai,2022-06-23,34.1,0.0,0
Mumbai,2022-06-24,36.2,14.0,1
Mumbai,2022-06-25,33.6,0.0,0
Mumbai,2022-06-26,29.2,0.0,0
Mumbai,2022-06-27,31.9,0.0,0
Mumbai,2022-06-28,31.2,0.0,0
Mumbai,2022-06-29,32.0,0.0,0
Mumbai,2022-06-30,32.5,9.4,1
Mumbai,2022-07-01,32.3,0.0,0
Mumbai,2022-07-02,34.3,0.0,0
Mumbai,2022-07-03,35.1,40.5,1
Mumbai,2022-07-04,33.6,0.0,0
Mumbai,2022-07-05,32.8,24.8,1
Mumbai,2022-07-06,35.0,4.2,1
Mumbai,2022-07-07,30.8,0.0,0
Mumbai,2022-07-08,33.8,22.7,1
Mumbai,2022-07-09,31.9,0.0,0
Mumbai,2022-07-10,29.2,0.7,0
Mumbai,2022-07-11,32.9,23.3,1
Mumbai,2022-07-12,34.0,0.0,0
Mumbai,2022-07-13,33.8,52.3,1
Mumbai,2022-07-14,33.8,13.0,1
Mumbai,2022-07-15,36.0,0.0,0
Mumbai,2022-07-16,32.8,82.8,1
Mumbai,2022-07-17,34.5,12.1,1
Mumbai,2022-07-18,32.0,0.0,0
Mumbai,2022-07-19,33.2,53.2,1
Mumbai,2022-07-20,33.7,72.4,1
Mumbai,2022-07-21,33.4,0.0,0
Mumbai,2022-07-22,33.9,45.4,1
Mumbai,2022-07-23,31.3,26.8,1
Mumbai,2022-07-24,30.5,0.3,0
Mumbai,2022-07-25,32.3,0.0,0
Mumbai,2022-07-26,33.5,7.8,1
Mumbai,2022-07-27,29.1,0.0,0
Mumbai,2022-07-28,32.8,0.0,0
Mumbai,2022-07-29,33.5,0.0,0
Mumbai,2022-07-30,33.2,19.2,1
Mumbai,2022-07-31,30.7,0.0,0
Mumbai,2022-08-01,31.9,39.2,1
Mumbai,2022-08-02,33.8,0.0,0
Mumbai,2022-08-03,32.1,0.0,0
Mumbai,2022-08-04,32.7,0.0,0
Mumbai,2022-08-05,32.7,8.4,1
Mumbai,2022-08-06,36.3,32.7,1
Mumbai,2022-08-07,33.0,20.6,1
Mumbai,2022-08-08,31.8,0.0,0
Mumbai,2022-08-09,34.2,15.8,1
Mumbai,2022-08-10,32.5,10.7,1
Mumbai,2022-08-11,35.1,0.0,0
Mumbai,2022-08-12,30.8,0.0,0
Mumbai,2022-08-13,31.1,0.0,0
Mumbai,2022-08-14,34.0,6.5,1
Mumbai,2022-08-15,30.1,3.3,1
Mumbai,2022-08-16,26.8,78.3,1
Mumbai,2022-08-17,30.3,20.8,1
Mumbai,2022-08-18,26.9,5.1,1
Mumbai,2022-08-19,30.2,5.4,1
Mumbai,2022-08-20,30.5,2.5,1
Mumbai,2022-08-21,32.4,0.0,0
Mumbai,2022-08-22,29.3,0.0,0
Mumbai,2022-08-23,31.0,2.0,0
Mumbai,2022-08-24,29.9,0.0,0
Mumbai,2022-08-25,29.6,0.0,0
Mumbai,2022-08-26,28.6,0.0,0
Mumbai,2022-08-27,33.4,0.0,0
Mumbai,2022-08-28,29.8,7.1,1
Mumbai,2022-08-29,27.3,52.4,1
Mumbai,2022-08-30,26.4,0.0,0
Mumbai,2022-08-31,26.8,0.0,0
Mumbai,2022-09-01,31.2,0.0,0
Mumbai,2022-09-02,28.6,1.4,0
Mumbai,2022-09-03,29.7,0.0,0
Mumbai,2022-09-04,28.0,13.4,1
Mumbai,2022-09-05,29.9,2.8,1
Mumbai,2022-09-06,31.9,1.8,0
Mumbai,2022-09-07,28.2,62.5,1
Mumbai,2022-09-08,31.2,19.8,1
Mumbai,2022-09-09,31.0,22.2,1
Mumbai,2022-09-10,29.2,0.0,0
Mumbai,2022-09-11,30.1,0.0,0
Mumbai,2022-09-12,28.7,0.3,0
Mumbai,2022-09-13,27.2,7.7,1
Mumbai,2022-09-14,33.3,2.9,1
Mumbai,2022-09-15,27.5,0.0,0
Mumbai,2022-09-16,30.6,0.0,0
Mumbai,2022-09-17,26.7,0.0,0
Mumbai,2022-09-18,27.0,0.0,0
Mumbai,2022-09-19,31.2,8.0,1
Mumbai,2022-09-20,27.5,0.0,0
Mumbai,2022-09-21,30.5,0.0,0
Mumbai,2022-09-22,24.5,0.0,0
Mumbai,2022-09-23,26.5,20.2,1
Mumbai,2022-09-24,29.5,4.0,1
Mumbai,2022-09-25,29.6,3.4,1
Mumbai,2022-09-26,26.9,0.6,0
Mumbai,2022-09-27,28.8,0.0,0
Mumbai,2022-09-28,24.7,11.6,1
Mumbai,2022-09-29,29.4,24.9,1
Mumbai,2022-09-30,24.2,97.4,1
Mumbai,2022-10-01,29.3,0.0,0
Mumbai,2022-10-02,25.5,0.0,0
Mumbai,2022-10-03,27.6,1.1,0
Mumbai,2022-10-04,26.6,0.0,0
Mumbai,2022-10-05,27.4,0.0,0
Mumbai,2022-10-06,26.1,0.0,0
Mumbai,2022-10-07,29.4,0.0,0
Mumbai,2022-10-08,27.7,0.0,0
Mumbai,2022-10-09,25.8,0.0,0
Mumbai,2022-10-10,26.1,0.0,0
Mumbai,2022-10-11,27.0,0.0,0
Mumbai,2022-10-12,24.0,0.0,0
Mumbai,2022-10-13,26.3,0.0,0
Mumbai,2022-10-14,27.1,0.0,0
Mumbai,2022-10-15,26.8,0.0,0
Mumbai,2022-10-16,24.4,0.0,0
Mumbai,2022-10-17,24.6,0.0,0
Mumbai,2022-10-18,22.1,0.0,0
Mumbai,2022-10-19,26.9,0.0,0
Mumbai,2022-10-20,29.2,0.0,0
Mumbai,2022-10-21,23.8,0.0,0
Mumbai,2022-10-22,27.3,0.0,0
Mumbai,2022-10-23,28.8,0.0,0
Mumbai,2022-10-24,24.4,0.0,0
Mumbai,2022-10-25,24.9,0.0,0
Mumbai,2022-10-26,25.5,0.0,0
Mumbai,2022-10-27,25.8,0.0,0
Mumbai,2022-10-28,25.5,0.0,0
Mumbai,2022-10-29,24.2,0.0,0
Mumbai,2022-10-30,25.9,0.0,0
Mumbai,2022-10-31,24.1,0.0,0
Mumbai,2022-11-01,25.3,0.0,0
Mumbai,2022-11-02,24.5,0.0,0
Mumbai,2022-11-03,21.3,0.0,0
Mumbai,2022-11-04,26.7,0.0,0
Mumbai,2022-11-05,23.3,0.0,0
Mumbai,2022-11-06,26.8,0.0,0
Mumbai,2022-11-07,26.2,0.0,0
Mumbai,2022-11-08,24.6,0.0,0
Mumbai,2022-11-09,25.1,0.0,0
Mumbai,2022-11-10,25.3,0.0,0
Mumbai,2022-11-11,23.7,0.0,0
Mumbai,2022-11-12,23.7,0.0,0
Mumbai,2022-11-13,25.0,0.0,0
Mumbai,2022-11-14,18.6,0.0,0
Mumbai,2022-11-15,23.8,0.0,0
Mumbai,2022-11-16,23.1,0.0,0
Mumbai,2022-11-17,22.4,0.0,0
Mumbai,2022-11-18,24.5,0.0,0
Mumbai,2022-11-19,22.6,0.0,0
Mumbai,2022-11-20,25.2,0.0,0
Mumbai,2022-11-21,25.3,0.0,0
Mumbai,2022-11-22,24.5,2.0,0
Mumbai,2022-11-23,24.4,0.0,0
Mumbai,2022-11-24,24.8,0.0,0
Mumbai,2022-11-25,24.7,0.0,0
Mumbai,2022-11-26,25.5,0.0,0
Mumbai,2022-11-27,22.0,0.0,0
Mumbai,2022-11-28,23.7,0.0,0
Mumbai,2022-11-29,20.4,0.0,0
Mumbai,2022-11-30,20.3,0.0,0
Mumbai,2022-12-01,23.5,0.0,0
Mumbai,2022-12-02,23.0,0.0,0
Mumbai,2022-12-03,23.3,0.0,0
Mumbai,2022-12-04,24.3,0.0,0
Mumbai,2022-12-05,25.8,0.0,0
Mumbai,2022-12-06,23.1,0.0,0
Mumbai,2022-12-07,22.8,0.0,0
Mumbai,2022-12-08,21.8,0.0,0
Mumbai,2022-12-09,24.7,0.0,0
Mumbai,2022-12-10,21.9,0.0,0
Mumbai,2022-12-11,22.6,0.0,0
Mumbai,2022-12-12,24.2,0.0,0
Mumbai,2022-12-13,23.2,0.0,0
Mumbai,2022-12-14,23.1,0.0,0
Mumbai,2022-12-15,21.5,0.0,0
Mumbai,2022-12-16,23.6,0.0,0
Mumbai,2022-12-17,26.9,0.0,0
Mumbai,2022-12-18,20.7,0.0,0
Mumbai,2022-12-19,21.0,0.0,0
Mumbai,2022-12-20,24.4,0.0,0
Mumbai,2022-12-21,23.4,0.0,0
Mumbai,2022-12-22,25.5,0.0,0
Mumbai,2022-12-23,21.7,0.0,0
Mumbai,2022-12-24,24.6,0.0,0
Mumbai,2022-12-25,23.6,0.0,0
Mumbai,2022-12-26,21.3,0.0,0
Mumbai,2022-12-27,21.9,0.0,0
Mumbai,2022-12-28,23.1,0.0,0
Mumbai,2022-12-29,21.5,0.0,0
Mumbai,2022-12-30,25.1,0.0,0
Mumbai,2022-12-31,24.4,0.0,0
Mumbai,2023-01-01,22.2,0.0,0
Mumbai,2023-01-02,22.8,0.0,0
Mumbai,2023-01-03,24.9,0.0,0
Mumbai,2023-01-04,23.1,0.0,0
Mumbai,2023-01-05,26.8,0.0,0
Mumbai,2023-01-06,24.2,0.0,0
Mumbai,2023-01-07,21.8,0.0,0
Mumbai,2023-01-08,21.4,0.0,0
Mumbai,2023-01-09,25.2,0.0,0
Mumbai,2023-01-10,22.5,0.0,0
Mumbai,2023-01-11,23.6,0.0,0
Mumbai,2023-01-12,18.3,0.0,0
Mumbai,2023-01-13,23.5,0.0,0
Mumbai,2023-01-14,20.9,0.0,0
Mumbai,2023-01-15,21.0,0.0,0
Mumbai,2023-01-16,25.8,0.0,0
Mumbai,2023-01-17,23.0,0.0,0
Mumbai,2023-01-18,23.0,0.0,0
Mumbai,2023-01-19,27.4,0.0,0
Mumbai,2023-01-20,25.5,0.0,0
Mumbai,2023-01-21,26.6,0.0,0
Mumbai,2023-01-22,26.1,0.0,0
Mumbai,2023-01-23,25.3,0.0,0
Mumbai,2023-01-24,26.7,0.0,0
Mumbai,2023-01-25,22.6,0.0,0
Mumbai,2023-01-26,22.4,0.0,0
Mumbai,2023-01-27,21.5,0.0,0
Mumbai,2023-01-28,21.0,0.0,0
Mumbai,2023-01-29,24.4,0.7,0
Mumbai,2023-01-30,23.8,0.0,0
Mumbai,2023-01-31,22.5,0.0,0
Mumbai,2023-02-01,28.7,0.9,0
Mumbai,2023-02-02,25.8,0.0,0
Mumbai,2023-02-03,28.1,0.0,0
Mumbai,2023-02-04,24.9,0.0,0
Mumbai,2023-02-05,24.8,0.0,0
Mumbai,2023-02-06,27.4,0.0,0
Mumbai,2023-02-07,24.3,0.0,0
Mumbai,2023-02-08,25.1,0.5,0
Mumbai,2023-02-09,25.0,0.0,0
Mumbai,2023-02-10,27.7,0.0,0
Mumbai,2023-02-11,25.3,0.0,0
Mumbai,2023-02-12,25.1,3.4,1
Mumbai,2023-02-13,26.3,0.0,0
Mumbai,2023-02-14,26.4,0.0,0
Mumbai,2023-02-15,24.5,0.0,0
Mumbai,2023-02-16,25.0,0.0,0
Mumbai,2023-02-17,28.4,0.0,0
Mumbai,2023-02-18,25.3,0.0,0
Mumbai,2023-02-19,26.5,0.0,0
Mumbai,2023-02-20,25.7,0.0,0
Mumbai,2023-02-21,24.5,0.0,0
Mumbai,2023-02-22,24.7,0.0,0
Mumbai,2023-02-23,26.5,0.0,0
Mumbai,2023-02-24,28.5,0.0,0
Mumbai,2023-02-25,23.7,0.0,0
Mumbai,2023-02-26,28.9,0.0,0
Mumbai,2023-02-27,27.3,0.0,0
Mumbai,2023-02-28,25.8,0.0,0
Mumbai,2023-03-01,26.9,0.0,0
Mumbai,2023-03-02,27.5,0.0,0
Mumbai,2023-03-03,24.5,0.0,0
Mumbai,2023-03-04,26.3,0.0,0
Mumbai,2023-03-05,26.6,0.0,0
Mumbai,2023-03-06,23.8,0.0,0
Mumbai,2023-03-07,28.3,0.0,0
Mumbai,2023-03-08,25.8,0.0,0
Mumbai,2023-03-09,26.0,0.0,0
Mumbai,2023-03-10,26.9,0.0,0
Mumbai,2023-03-11,27.9,0.0,0
Mumbai,2023-03-12,27.9,0.0,0
Mumbai,2023-03-13,27.4,0.0,0
Mumbai,2023-03-14,28.0,0.0,0
Mumbai,2023-03-15,26.2,0.0,0
Mumbai,2023-03-16,27.9,0.0,0
Mumbai,2023-03-17,28.6,0.0,0
Mumbai,2023-03-18,26.7,0.0,0
Mumbai,2023-03-19,27.9,0.0,0
Mumbai,2023-03-20,28.9,0.0,0
Mumbai,2023-03-21,27.8,0.0,0
Mumbai,2023-03-22,25.8,0.0,0
Mumbai,2023-03-23,30.7,0.0,0
Mumbai,2023-03-24,30.4,0.0,0
Mumbai,2023-03-25,28.3,0.0,0
Mumbai,2023-03-26,31.2,0.0,0
Mumbai,2023-03-27,26.3,0.0,0
Mumbai,2023-03-28,29.7,0.0,0
Mumbai,2023-03-29,27.8,0.0,0
Mumbai,2023-03-30,29.3,1.0,0
Mumbai,2023-03-31,27.4,0.0,0
Mumbai,2023-04-01,29.6,0.0,0
Mumbai,2023-04-02,26.6,0.0,0
Mumbai,2023-04-03,26.2,0.0,0
Mumbai,2023-04-04,29.4,0.0,0
Mumbai,2023-04-05,30.3,0.0,0
Mumbai,2023-04-06,30.1,0.0,0
Mumbai,2023-04-07,26.6,0.0,0
Mumbai,2023-04-08,28.2,0.0,0
Mumbai,2023-04-09,28.5,0.0,0
Mumbai,2023-04-10,26.9,0.1,0
Mumbai,2023-04-11,29.8,0.0,0
Mumbai,2023-04-12,29.1,0.0,0
Mumbai,2023-04-13,31.2,0.0,0
Mumbai,2023-04-14,33.6,0.0,0
Mumbai,2023-04-15,27.3,0.0,0
Mumbai,2023-04-16,28.5,0.0,0
Mumbai,2023-04-17,27.8,0.0,0
Mumbai,2023-04-18,30.0,0.0,0
Mumbai,2023-04-19,32.1,0.0,0
Mumbai,2023-04-20,27.9,0.0,0
Mumbai,2023-04-21,30.5,0.0,0
Mumbai,2023-04-22,32.2,0.0,0
Mumbai,2023-04-23,29.9,0.0,0
Mumbai,2023-04-24,26.1,0.0,0
Mumbai,2023-04-25,31.2,0.0,0
Mumbai,2023-04-26,33.1,0.0,0
Mumbai,2023-04-27,29.0,0.0,0
Mumbai,2023-04-28,27.8,0.0,0
Mumbai,2023-04-29,31.7,0.2,0
Mumbai,2023-04-30,32.4,0.0,0
Mumbai,2023-05-01,26.6,0.0,0
Mumbai,2023-05-02,30.0,0.0,0
Mumbai,2023-05-03,29.5,0.0,0
Mumbai,2023-05-04,33.6,0.0,0
Mumbai,2023-05-05,33.0,0.0,0
Mumbai,2023-05-06,29.6,0.0,0
Mumbai,2023-05-07,29.5,0.0,0
Mumbai,2023-05-08,30.8,0.0,0
Mumbai,2023-05-09,29.7,0.0,0
Mumbai,2023-05-10,34.4,0.0,0
Mumbai,2023-05-11,28.8,0.0,0
Mumbai,2023-05-12,35.1,0.0,0
Mumbai,2023-05-13,32.6,0.0,0
Mumbai,2023-05-14,33.0,0.5,0
Mumbai,2023-05-15,32.2,0.0,0
Mumbai,2023-05-16,34.0,0.0,0
Mumbai,2023-05-17,30.4,0.0,0
Mumbai,2023-05-18,35.8,0.0,0
Mumbai,2023-05-19,37.8,0.0,0
Mumbai,2023-05-20,33.3,0.0,0
Mumbai,2023-05-21,33.9,0.0,0
Mumbai,2023-05-22,32.8,0.0,0
Mumbai,2023-05-23,33.3,0.0,0
Mumbai,2023-05-24,34.0,0.0,0
Mumbai,2023-05-25,31.4,0.0,0
Mumbai,2023-05-26,33.3,0.0,0
Mumbai,2023-05-27,34.0,0.0,0
Mumbai,2023-05-28,32.6,0.0,0
Mumbai,2023-05-29,33.8,0.0,0
Mumbai,2023-05-30,33.9,0.0,0
Mumbai,2023-05-31,34.2,2.7,1
Mumbai,2023-06-01,32.6,26.8,1
Mumbai,2023-06-02,33.6,0.0,0
Mumbai,2023-06-03,33.7,15.5,1
Mumbai,2023-06-04,32.9,0.0,0
Mumbai,2023-06-05,32.4,0.0,0
Mumbai,2023-06-06,33.3,0.0,0
Mumbai,2023-06-07,31.1,0.0,0
Mumbai,2023-06-08,32.4,8.2,1
Mumbai,2023-06-09,34.2,0.0,0
Mumbai,2023-06-10,32.2,0.0,0
Mumbai,2023-06-11,34.2,0.0,0
Mumbai,2023-06-12,30.5,0.0,0
Mumbai,2023-06-13,32.3,0.0,0
Mumbai,2023-06-14,33.2,8.1,1
Mumbai,2023-06-15,35.2,29.0,1
Mumbai,2023-06-16,30.3,1.6,0
Mumbai,2023-06-17,31.7,25.4,1
Mumbai,2023-06-18,34.7,1.3,0
Mumbai,2023-06-19,34.0,0.0,0
Mumbai,2023-06-20,32.7,0.0,0
Mumbai,2023-06-21,30.9,30.6,1
Mumbai,2023-06-22,33.9,7.2,1
Mumbai,2023-06-23,32.1,0.0,0
Mumbai,2023-06-24,30.0,16.1,1
Mumbai,2023-06-25,32.6,0.0,0
Mumbai,2023-06-26,31.3,0.0,0
Mumbai,2023-06-27,29.6,6.8,1
Mumbai,2023-06-28,31.3,14.5,1
Mumbai,2023-06-29,31.3,0.0,0
Mumbai,2023-06-30,31.1,0.0,0
Mumbai,2023-07-01,31.6,66.5,1
Mumbai,2023-07-02,33.2,2.1,0
Mumbai,2023-07-03,35.9,0.0,0
Mumbai,2023-07-04,35.3,0.3,0
Mumbai,2023-07-05,35.0,0.0,0
Mumbai,2023-07-06,34.6,7.0,1
Mumbai,2023-07-07,34.6,0.0,0
Mumbai,2023-07-08,33.3,3.7,1
Mumbai,2023-07-09,32.4,0.0,0
Mumbai,2023-07-10,33.2,0.0,0
Mumbai,2023-07-11,31.1,19.2,1
Mumbai,2023-07-12,35.7,13.2,1
Mumbai,2023-07-13,32.4,0.0,0
Mumbai,2023-07-14,33.5,24.6,1
Mumbai,2023-07-15,32.5,30.4,1
Mumbai,2023-07-16,32.2,0.0,0
Mumbai,2023-07-17,29.6,28.3,1
Mumbai,2023-07-18,31.7,19.6,1
Mumbai,2023-07-19,35.2,27.5,1
Mumbai,2023-07-20,34.7,4.9,1
Mumbai,2023-07-21,33.0,6.3,1
Mumbai,2023-07-22,33.3,6.9,1
Mumbai,2023-07-23,35.3,0.0,0
Mumbai,2023-07-24,31.6,0.0,0
Mumbai,2023-07-25,32.9,0.0,0
Mumbai,2023-07-26,32.9,0.0,0
Mumbai,2023-07-27,29.5,0.0,0
Mumbai,2023-07-28,32.4,0.0,0
Mumbai,2023-07-29,32.2,10.2,1
Mumbai,2023-07-30,35.0,0.0,0
Mumbai,2023-07-31,33.8,10.1,1
Mumbai,2023-08-01,36.0,0.0,0
Mumbai,2023-08-02,33.7,0.0,0
Mumbai,2023-08-03,32.8,0.0,0
Mumbai,2023-08-04,33.1,12.9,1
Mumbai,2023-08-05,29.7,0.0,0
Mumbai,2023-08-06,30.5,0.5,0
Mumbai,2023-08-07,33.0,15.4,1
Mumbai,2023-08-08,31.3,0.0,0
Mumbai,2023-08-09,30.0,31.8,1
Mumbai,2023-08-10,34.4,3.8,1
Mumbai,2023-08-11,29.3,1.6,0
Mumbai,2023-08-12,32.1,0.0,0
Mumbai,2023-08-13,29.1,0.0,0
Mumbai,2023-08-14,29.7,8.2,1
Mumbai,2023-08-15,31.5,15.9,1
Mumbai,2023-08-16,26.9,38.8,1
Mumbai,2023-08-17,31.7,0.0,0
Mumbai,2023-08-18,31.6,0.0,0
Mumbai,2023-08-19,30.1,9.6,1
Mumbai,2023-08-20,31.8,0.0,0
Mumbai,2023-08-21,30.4,11.0,1
Mumbai,2023-08-22,30.7,43.1,1
Mumbai,2023-08-23,35.7,0.0,0
Mumbai,2023-08-24,30.5,0.0,0
Mumbai,2023-08-25,30.4,20.7,1
Mumbai,2023-08-26,30.9,26.0,1
Mumbai,2023-08-27,28.3,2.8,1
Mumbai,2023-08-28,31.6,0.0,0
Mumbai,2023-08-29,31.5,1.9,0
Mumbai,2023-08-30,29.2,2.4,0
Mumbai,2023-08-31,30.4,16.1,1
Mumbai,2023-09-01,27.0,10.9,1
Mumbai,2023-09-02,30.6,5.5,1
Mumbai,2023-09-03,29.6,0.0,0
Mumbai,2023-09-04,30.1,12.3,1
Mumbai,2023-09-05,32.6,0.0,0
Mumbai,2023-09-06,29.9,15.3,1
Mumbai,2023-09-07,30.9,0.0,0
Mumbai,2023-09-08,28.5,0.0,0
Mumbai,2023-09-09,29.4,9.0,1
Mumbai,2023-09-10,27.2,25.9,1
Mumbai,2023-09-11,27.9,0.0,0
Mumbai,2023-09-12,26.3,15.6,1
Mumbai,2023-09-13,28.0,0.0,0
Mumbai,2023-09-14,28.4,14.1,1
Mumbai,2023-09-15,32.0,0.0,0
Mumbai,2023-09-16,30.0,0.2,0
Mumbai,2023-09-17,28.7,0.0,0
Mumbai,2023-09-18,31.3,0.0,0
Mumbai,2023-09-19,27.9,34.5,1
Mumbai,2023-09-20,30.2,0.0,0
Mumbai,2023-09-21,28.5,0.0,0
Mumbai,2023-09-22,27.2,0.0,0
Mumbai,2023-09-23,27.4,0.0,0
Mumbai,2023-09-24,26.4,0.0,0
Mumbai,2023-09-25,27.0,0.0,0
Mumbai,2023-09-26,29.1,0.0,0
Mumbai,2023-09-27,27.7,10.4,1
Mumbai,2023-09-28,26.3,0.0,0
Mumbai,2023-09-29,23.8,9.5,1
Mumbai,2023-09-30,28.2,1.6,0
Mumbai,2023-10-01,25.9,0.0,0
Mumbai,2023-10-02,23.0,0.0,0
Mumbai,2023-10-03,28.0,0.0,0
Mumbai,2023-10-04,24.7,2.4,0
Mumbai,2023-10-05,27.2,0.0,0
Mumbai,2023-10-06,29.3,0.0,0
Mumbai,2023-10-07,29.0,0.0,0
Mumbai,2023-10-08,27.2,0.0,0
Mumbai,2023-10-09,24.3,0.0,0
Mumbai,2023-10-10,26.4,0.0,0
Mumbai,2023-10-11,24.9,0.0,0
Mumbai,2023-10-12,27.1,0.0,0
Mumbai,2023-10-13,26.7,0.0,0
Mumbai,2023-10-14,26.3,0.0,0
Mumbai,2023-10-15,27.3,0.0,0
Mumbai,2023-10-16,26.4,0.0,0
Mumbai,2023-10-17,25.6,0.0,0
Mumbai,2023-10-18,23.5,0.0,0
Mumbai,2023-10-19,24.4,0.0,0
Mumbai,2023-10-20,23.7,0.0,0
Mumbai,2023-10-21,27.0,0.0,0
Mumbai,2023-10-22,25.1,0.0,0
Mumbai,2023-10-23,25.7,0.0,0
Mumbai,2023-10-24,24.3,0.0,0
Mumbai,2023-10-25,27.1,0.0,0
Mumbai,2023-10-26,26.1,0.0,0
Mumbai,2023-10-27,25.2,0.0,0
Mumbai,2023-10-28,24.8,0.0,0
Mumbai,2023-10-29,23.4,0.0,0
Mumbai,2023-10-30,23.7,0.0,0
Mumbai,2023-10-31,22.0,0.0,0
Mumbai,2023-11-01,25.8,0.0,0
Mumbai,2023-11-02,25.9,0.0,0
Mumbai,2023-11-03,25.9,0.0,0
Mumbai,2023-11-04,22.8,0.0,0
Mumbai,2023-11-05,27.0,0.5,0
Mumbai,2023-11-06,25.0,1.6,0
Mumbai,2023-11-07,21.5,0.0,0
Mumbai,2023-11-08,25.4,0.0,0
Mumbai,2023-11-09,23.7,0.0,0
Mumbai,2023-11-10,23.3,0.0,0
Mumbai,2023-11-11,25.2,0.0,0
Mumbai,2023-11-12,26.1,0.0,0
Mumbai,2023-11-13,22.5,0.0,0
Mumbai,2023-11-14,23.7,0.0,0
Mumbai,2023-11-15,23.0,0.7,0
Mumbai,2023-11-16,24.4,0.0,0
Mumbai,2023-11-17,26.4,0.0,0
Mumbai,2023-11-18,24.8,0.0,0
Mumbai,2023-11-19,26.1,2.7,1
Mumbai,2023-11-20,25.6,0.0,0
Mumbai,2023-11-21,27.2,0.0,0
Mumbai,2023-11-22,26.5,0.0,0
Mumbai,2023-11-23,26.7,0.0,0
Mumbai,2023-11-24,26.7,0.0,0
Mumbai,2023-11-25,22.6,0.0,0
Mumbai,2023-11-26,24.7,0.0,0
Mumbai,2023-11-27,23.7,0.0,0
Mumbai,2023-11-28,20.7,0.0,0
Mumbai,2023-11-29,23.6,0.0,0
Mumbai,2023-11-30,25.3,0.0,0
Mumbai,2023-12-01,24.2,0.0,0
Mumbai,2023-12-02,23.1,0.0,0
Mumbai,2023-12-03,22.0,0.0,0
Mumbai,2023-12-04,24.2,0.0,0
Mumbai,2023-12-05,22.9,0.0,0
Mumbai,2023-12-06,25.1,0.0,0
Mumbai,2023-12-07,25.1,0.0,0
Mumbai,2023-12-08,23.8,0.0,0
Mumbai,2023-12-09,21.2,0.0,0
Mumbai,2023-12-10,22.4,0.0,0
Mumbai,2023-12-11,26.3,0.0,0
Mumbai,2023-12-12,24.0,0.0,0
Mumbai,2023-12-13,25.4,0.0,0
Mumbai,2023-12-14,21.3,0.0,0
Mumbai,2023-12-15,28.5,0.0,0
Mumbai,2023-12-16,20.0,0.0,0
Mumbai,2023-12-17,24.0,0.0,0
Mumbai,2023-12-18,19.9,0.0,0
Mumbai,2023-12-19,25.0,0.8,0
Mumbai,2023-12-20,23.4,0.0,0
Mumbai,2023-12-21,21.6,0.0,0
Mumbai,2023-12-22,21.0,0.0,0
Mumbai,2023-12-23,24.1,0.0,0
Mumbai,2023-12-24,24.1,0.0,0
Mumbai,2023-12-25,21.6,0.0,0
Mumbai,2023-12-26,23.5,0.0,0
Mumbai,2023-12-27,24.5,0.0,0
Mumbai,2023-12-28,22.1,0.0,0
Mumbai,2023-12-29,22.7,0.0,0
Mumbai,2023-12-30,22.7,0.0,0
Mumbai,2023-12-31,21.7,0.0,0
Nashik,2022-01-01,22.2,0.0,0
Nashik,2022-01-02,23.8,0.0,0
Nashik,2022-01-03,22.4,0.0,0
Nashik,2022-01-04,23.1,2.2,0
Nashik,2022-01-05,22.9,0.0,0
Nashik,2022-01-06,24.9,0.0,0
Nashik,2022-01-07,24.9,0.0,0
Nashik,2022-01-08,22.8,0.0,0
Nashik,2022-01-09,24.5,0.0,0
Nashik,2022-01-10,23.7,0.0,0
Nashik,2022-01-11,20.2,0.0,0
Nashik,2022-01-12,22.7,0.0,0
Nashik,2022-01-13,20.5,0.0,0
Nashik,2022-01-14,24.6,0.0,0
Nashik,2022-01-15,22.1,0.0,0
Nashik,2022-01-16,23.8,0.0,0
Nashik,2022-01-17,20.5,0.0,0
Nashik,2022-01-18,23.8,0.0,0
Nashik,2022-01-19,23.4,0.0,0
Nashik,2022-01-20,24.5,0.0,0
Nashik,2022-01-21,23.2,0.0,0
Nashik,2022-01-22,23.8,0.0,0
Nashik,2022-01-23,25.8,0.0,0
Nashik,2022-01-24,25.5,0.0,0
Nashik,2022-01-25,27.5,0.0,0
Nashik,2022-01-26,28.1,0.0,0
Nashik,2022-01-27,28.6,0.0,0
Nashik,2022-01-28,24.0,0.0,0
Nashik,2022-01-29,24.4,0.0,0
Nashik,2022-01-30,27.7,0.0,0
Nashik,2022-01-31,26.6,0.0,0
Nashik,2022-02-01,23.2,0.0,0
Nashik,2022-02-02,22.8,0.0,0
Nashik,2022-02-03,21.0,0.0,0
Nashik,2022-02-04,25.1,0.0,0
Nashik,2022-02-05,27.0,0.0,0
Nashik,2022-02-06,23.3,0.0,0
Nashik,2022-02-07,23.4,0.0,0
Nashik,2022-02-08,19.5,0.0,0
Nashik,2022-02-09,25.9,0.0,0
Nashik,2022-02-10,26.8,0.0,0
Nashik,2022-02-11,25.3,0.0,0
Nashik,2022-02-12,23.7,0.0,0
Nashik,2022-02-13,24.7,0.0,0
Nashik,2022-02-14,24.5,0.0,0
Nashik,2022-02-15,26.2,0.0,0
Nashik,2022-02-16,24.0,0.0,0
Nashik,2022-02-17,23.1,0.0,0
Nashik,2022-02-18,22.1,0.0,0
Nashik,2022-02-19,24.5,0.0,0
Nashik,2022-02-20,27.3,0.0,0
Nashik,2022-02-21,24.1,0.7,0
Nashik,2022-02-22,23.3,0.0,0
Nashik,2022-02-23,23.9,0.0,0
Nashik,2022-02-24,24.8,0.0,0
Nashik,2022-02-25,24.3,0.0,0
Nashik,2022-02-26,29.8,0.0,0
Nashik,2022-02-27,23.4,0.0,0
Nashik,2022-02-28,28.3,0.0,0
Nashik,2022-03-01,28.1,0.0,0
Nashik,2022-03-02,25.6,0.0,0
Nashik,2022-03-03,26.8,0.0,0
Nashik,2022-03-04,27.5,2.8,1
Nashik,2022-03-05,25.9,0.0,0
Nashik,2022-03-06,25.9,0.0,0
Nashik,2022-03-07,26.2,0.0,0
Nashik,2022-03-08,25.9,0.0,0
Nashik,2022-03-09,25.0,0.0,0
Nashik,2022-03-10,26.4,0.0,0
Nashik,2022-03-11,25.9,0.0,0
Nashik,2022-03-12,30.2,0.0,0
Nashik,2022-03-13,26.0,0.0,0
Nashik,2022-03-14,27.9,0.0,0
Nashik,2022-03-15,27.4,0.0,0
Nashik,2022-03-16,25.5,0.0,0
Nashik,2022-03-17,26.0,0.0,0
Nashik,2022-03-18,27.9,0.0,0
Nashik,2022-03-19,28.0,0.0,0
Nashik,2022-03-20,27.2,0.0,0
Nashik,2022-03-21,27.7,0.8,0
Nashik,2022-03-22,30.3,0.0,0
Nashik,2022-03-23,26.2,0.0,0
Nashik,2022-03-24,27.2,0.0,0
Nashik,2022-03-25,30.0,0.0,0
Nashik,2022-03-26,29.7,0.0,0
Nashik,2022-03-27,26.4,0.0,0
Nashik,2022-03-28,29.5,0.0,0
Nashik,2022-03-29,27.5,0.0,0
Nashik,2022-03-30,25.1,0.0,0
Nashik,2022-03-31,28.3,0.0,0
Nashik,2022-04-01,32.4,0.0,0
Nashik,2022-04-02,30.9,0.0,0
Nashik,2022-04-03,29.0,0.0,0
Nashik,2022-04-04,26.3,0.0,0
Nashik,2022-04-05,25.6,0.0,0
Nashik,2022-04-06,29.4,0.0,0
Nashik,2022-04-07,30.2,0.0,0
Nashik,2022-04-08,30.8,0.0,0
Nashik,2022-04-09,30.7,0.0,0
Nashik,2022-04-10,30.9,0.0,0
Nashik,2022-04-11,30.3,0.0,0
Nashik,2022-04-12,32.0,0.0,0
Nashik,2022-04-13,29.0,0.0,0
Nashik,2022-04-14,30.1,0.0,0
Nashik,2022-04-15,26.9,0.0,0
Nashik,2022-04-16,29.2,0.0,0
Nashik,2022-04-17,32.0,0.0,0
Nashik,2022-04-18,31.5,0.0,0
Nashik,2022-04-19,26.1,0.0,0
Nashik,2022-04-20,34.1,0.0,0
Nashik,2022-04-21,30.8,0.0,0
Nashik,2022-04-22,30.9,0.0,0
Nashik,2022-04-23,29.6,0.0,0
Nashik,2022-04-24,30.0,0.0,0
Nashik,2022-04-25,31.1,0.0,0
Nashik,2022-04-26,32.0,0.0,0
Nashik,2022-04-27,31.6,0.0,0
Nashik,2022-04-28,30.1,0.0,0
Nashik,2022-04-29,29.5,0.0,0
Nashik,2022-04-30,29.4,1.8,0
Nashik,2022-05-01,32.6,0.0,0
Nashik,2022-05-02,32.2,0.0,0
Nashik,2022-05-03,33.8,0.0,0
Nashik,2022-05-04,33.8,0.0,0
Nashik,2022-05-05,30.5,0.0,0
Nashik,2022-05-06,31.4,0.0,0
Nashik,2022-05-07,30.9,0.0,0
Nashik,2022-05-08,35.0,0.0,0
Nashik,2022-05-09,33.1,0.0,0
Nashik,2022-05-10,31.7,0.0,0
Nashik,2022-05-11,30.5,0.0,0
Nashik,2022-05-12,32.0,0.0,0
Nashik,2022-05-13,28.0,0.0,0
Nashik,2022-05-14,31.4,0.0,0
Nashik,2022-05-15,30.3,0.0,0
Nashik,2022-05-16,33.8,0.0,0
Nashik,2022-05-17,31.6,0.0,0
Nashik,2022-05-18,32.4,0.0,0
Nashik,2022-05-19,32.0,0.0,0
Nashik,2022-05-20,34.0,0.0,0
Nashik,2022-05-21,34.1,0.0,0
Nashik,2022-05-22,33.3,0.0,0
Nashik,2022-05-23,33.0,0.0,0
Nashik,2022-05-24,29.6,0.0,0
Nashik,2022-05-25,32.1,0.0,0
Nashik,2022-05-26,34.7,0.0,0
Nashik,2022-05-27,32.9,0.0,0
Nashik,2022-05-28,32.0,0.0,0
Nashik,2022-05-29,31.8,0.0,0
Nashik,2022-05-30,31.8,0.0,0
Nashik,2022-05-31,32.9,0.0,0
Nashik,2022-06-01,31.7,0.0,0
Nashik,2022-06-02,34.7,0.3,0
Nashik,2022-06-03,29.7,0.0,0
Nashik,2022-06-04,34.9,0.0,0
Nashik,2022-06-05,36.2,0.0,0
Nashik,2022-06-06,31.8,1.7,0
Nashik,2022-06-07,30.8,0.0,0
Nashik,2022-06-08,30.8,20.1,1
Nashik,2022-06-09,33.7,0.0,0
Nashik,2022-06-10,35.3,0.0,0
Nashik,2022-06-11,33.9,0.0,0
Nashik,2022-06-12,32.1,0.0,0
Nashik,2022-06-13,34.3,0.0,0
Nashik,2022-06-14,30.8,0.0,0
Nashik,2022-06-15,33.5,3.2,1
Nashik,2022-06-16,34.5,1.9,0
Nashik,2022-06-17,33.0,0.0,0
Nashik,2022-06-18,34.6,12.5,1
Nashik,2022-06-19,33.0,2.0,0
Nashik,2022-06-20,34.5,0.0,0
Nashik,2022-06-21,36.0,0.0,0
Nashik,2022-06-22,29.1,0.0,0
Nashik,2022-06-23,30.8,4.2,1
Nashik,2022-06-24,34.6,29.6,1
Nashik,2022-06-25,29.5,27.1,1
Nashik,2022-06-26,33.5,0.0,0
Nashik,2022-06-27,31.6,41.4,1
Nashik,2022-06-28,34.1,0.0,0
Nashik,2022-06-29,32.8,0.0,0
Nashik,2022-06-30,31.9,1.9,0
Nashik,2022-07-01,31.2,6.6,1
Nashik,2022-07-02,32.1,12.4,1
Nashik,2022-07-03,33.5,1.2,0
Nashik,2022-07-04,32.0,0.0,0
Nashik,2022-07-05,34.8,0.0,0
Nashik,2022-07-06,34.9,0.0,0
Nashik,2022-07-07,34.9,0.5,0
Nashik,2022-07-08,34.5,0.0,0
Nashik,2022-07-09,32.5,0.0,0
Nashik,2022-07-10,34.7,0.0,0
Nashik,2022-07-11,34.8,0.0,0
Nashik,2022-07-12,30.7,0.0,0
Nashik,2022-07-13,34.1,18.2,1
Nashik,2022-07-14,32.2,0.0,0
Nashik,2022-07-15,33.9,0.0,0
Nashik,2022-07-16,29.2,0.0,0
Nashik,2022-07-17,31.4,0.0,0
Nashik,2022-07-18,33.1,0.8,0
Nashik,2022-07-19,33.5,29.2,1
Nashik,2022-07-20,34.9,15.2,1
Nashik,2022-07-21,33.8,5.6,1
Nashik,2022-07-22,30.5,0.0,0
Nashik,2022-07-23,32.9,12.7,1
Nashik,2022-07-24,35.1,0.2,0
Nashik,2022-07-25,29.2,0.0,0
Nashik,2022-07-26,33.5,0.0,0
Nashik,2022-07-27,31.0,3.7,1
Nashik,2022-07-28,32.4,0.0,0
Nashik,2022-07-29,32.1,0.0,0
Nashik,2022-07-30,31.2,0.0,0
Nashik,2022-07-31,32.4,0.0,0
Nashik,2022-08-01,30.9,3.8,1
Nashik,2022-08-02,30.2,0.0,0
Nashik,2022-08-03,30.3,0.0,0
Nashik,2022-08-04,31.2,0.0,0
Nashik,2022-08-05,29.4,51.4,1
Nashik,2022-08-06,34.7,0.0,0
Nashik,2022-08-07,30.8,1.5,0
Nashik,2022-08-08,31.0,0.0,0
Nashik,2022-08-09,31.3,0.0,0
Nashik,2022-08-10,32.6,0.0,0
Nashik,2022-08-11,33.0,5.4,1
Nashik,2022-08-12,32.7,0.0,0
Nashik,2022-08-13,30.7,0.0,0
Nashik,2022-08-14,29.8,0.0,0
Nashik,2022-08-15,33.3,0.0,0
Nashik,2022-08-16,30.6,0.0,0
Nashik,2022-08-17,32.4,0.0,0
Nashik,2022-08-18,31.1,0.0,0
Nashik,2022-08-19,28.5,1.2,0
Nashik,2022-08-20,33.8,24.8,1
Nashik,2022-08-21,29.1,0.0,0
Nashik,2022-08-22,29.2,0.0,0
Nashik,2022-08-23,28.0,0.0,0
Nashik,2022-08-24,30.2,0.0,0
Nashik,2022-08-25,29.6,0.0,0
Nashik,2022-08-26,31.9,0.1,0
Nashik,2022-08-27,30.1,0.0,0
Nashik,2022-08-28,29.3,0.0,0
Nashik,2022-08-29,29.8,0.0,0
Nashik,2022-08-30,29.5,0.0,0
Nashik,2022-08-31,28.0,0.0,0
Nashik,2022-09-01,31.0,0.0,0
Nashik,2022-09-02,28.3,0.0,0
Nashik,2022-09-03,28.1,0.0,0
Nashik,2022-09-04,26.5,0.0,0
Nashik,2022-09-05,28.3,0.0,0
Nashik,2022-09-06,27.9,11.8,1
Nashik,2022-09-07,23.8,0.0,0
Nashik,2022-09-08,29.0,0.0,0
Nashik,2022-09-09,29.2,0.0,0
Nashik,2022-09-10,32.0,0.0,0
Nashik,2022-09-11,28.0,0.0,0
Nashik,2022-09-12,28.4,29.6,1
Nashik,2022-09-13,26.1,0.0,0
Nashik,2022-09-14,28.6,0.0,0
Nashik,2022-09-15,29.5,0.0,0
Nashik,2022-09-16,27.7,11.7,1
Nashik,2022-09-17,26.5,0.0,0
Nashik,2022-09-18,26.9,6.3,1
Nashik,2022-09-19,29.3,0.0,0
Nashik,2022-09-20,26.8,0.0,0
Nashik,2022-09-21,30.9,50.1,1
Nashik,2022-09-22,25.6,0.0,0
Nashik,2022-09-23,29.4,40.5,1
Nashik,2022-09-24,28.5,15.2,1
Nashik,2022-09-25,25.6,0.0,0
Nashik,2022-09-26,29.3,0.0,0
Nashik,2022-09-27,30.2,4.8,1
Nashik,2022-09-28,29.9,0.0,0
Nashik,2022-09-29,25.9,3.3,1
Nashik,2022-09-30,25.9,0.2,0
Nashik,2022-10-01,24.1,0.0,0
Nashik,2022-10-02,26.8,0.0,0
Nashik,2022-10-03,27.3,1.7,0
Nashik,2022-10-04,26.2,0.0,0
Nashik,2022-10-05,27.2,0.0,0
Nashik,2022-10-06,25.7,0.0,0
Nashik,2022-10-07,26.7,0.0,0
Nashik,2022-10-08,28.7,0.0,0
Nashik,2022-10-09,25.2,0.0,0
Nashik,2022-10-10,26.1,0.0,0
Nashik,2022-10-11,27.3,0.0,0
Nashik,2022-10-12,27.0,0.0,0
Nashik,2022-10-13,27.0,0.0,0
Nashik,2022-10-14,25.1,0.0,0
Nashik,2022-10-15,27.3,0.2,0
Nashik,2022-10-16,30.1,0.0,0
Nashik,2022-10-17,27.9,4.8,1
Nashik,2022-10-18,25.7,0.0,0
Nashik,2022-10-19,25.1,0.0,0
Nashik,2022-10-20,21.8,0.0,0
Nashik,2022-10-21,29.2,0.0,0
Nashik,2022-10-22,25.4,0.0,0
Nashik,2022-10-23,28.9,0.0,0
Nashik,2022-10-24,25.9,0.0,0
Nashik,2022-10-25,23.4,0.0,0
Nashik,2022-10-26,23.1,0.0,0
Nashik,2022-10-27,25.6,0.0,0
Nashik,2022-10-28,25.3,0.0,0
Nashik,2022-10-29,23.7,0.0,0
Nashik,2022-10-30,19.2,0.0,0
Nashik,2022-10-31,25.0,0.0,0
Nashik,2022-11-01,28.3,0.0,0
Nashik,2022-11-02,28.2,0.0,0
Nashik,2022-11-03,25.6,0.0,0
Nashik,2022-11-04,23.8,0.0,0
Nashik,2022-11-05,24.9,0.0,0
Nashik,2022-11-06,22.9,0.0,0
Nashik,2022-11-07,25.5,0.0,0
Nashik,2022-11-08,22.0,0.0,0
Nashik,2022-11-09,24.7,0.0,0
Nashik,2022-11-10,26.0,0.0,0
Nashik,2022-11-11,25.0,0.0,0
Nashik,2022-11-12,22.5,0.0,0
Nashik,2022-11-13,26.4,0.0,0
Nashik,2022-11-14,24.0,0.0,0
Nashik,2022-11-15,24.0,0.0,0
Nashik,2022-11-16,25.0,0.0,0
Nashik,2022-11-17,17.9,0.0,0
Nashik,2022-11-18,22.3,0.0,0
Nashik,2022-11-19,23.1,0.0,0
Nashik,2022-11-20,25.7,0.0,0
Nashik,2022-11-21,20.9,0.0,0
Nashik,2022-11-22,24.3,0.0,0
Nashik,2022-11-23,22.2,0.0,0
Nashik,2022-11-24,22.9,0.0,0
Nashik,2022-11-25,21.9,0.0,0
Nashik,2022-11-26,22.5,0.0,0
Nashik,2022-11-27,23.3,0.0,0
Nashik,2022-11-28,23.1,0.0,0
Nashik,2022-11-29,22.0,0.0,0
Nashik,2022-11-30,19.6,0.0,0
Nashik,2022-12-01,21.7,0.0,0
Nashik,2022-12-02,21.8,0.0,0
Nashik,2022-12-03,24.4,0.8,0
Nashik,2022-12-04,21.5,0.0,0
Nashik,2022-12-05,24.5,0.0,0
Nashik,2022-12-06,19.7,0.0,0
Nashik,2022-12-07,23.7,0.0,0
Nashik,2022-12-08,22.7,0.0,0
Nashik,2022-12-09,24.2,0.0,0
Nashik,2022-12-10,22.6,0.0,0
Nashik,2022-12-11,21.5,0.0,0
Nashik,2022-12-12,23.0,0.0,0
Nashik,2022-12-13,22.9,0.0,0
Nashik,2022-12-14,23.5,0.0,0
Nashik,2022-12-15,24.7,0.0,0
Nashik,2022-12-16,21.1,0.0,0
Nashik,2022-12-17,24.6,0.0,0
Nashik,2022-12-18,20.9,0.0,0
Nashik,2022-12-19,24.1,0.0,0
Nashik,2022-12-20,24.1,0.0,0
Nashik,2022-12-21,22.2,0.0,0
Nashik,2022-12-22,21.6,0.0,0
Nashik,2022-12-23,21.6,0.2,0
Nashik,2022-12-24,23.1,0.0,0
Nashik,2022-12-25,23.4,0.0,0
Nashik,2022-12-26,24.1,0.0,0
Nashik,2022-12-27,21.6,0.0,0
Nashik,2022-12-28,22.5,0.0,0
Nashik,2022-12-29,23.1,0.0,0
Nashik,2022-12-30,20.8,0.0,0
Nashik,2022-12-31,23.3,0.0,0
Nashik,2023-01-01,24.2,0.0,0
Nashik,2023-01-02,21.9,0.0,0
Nashik,2023-01-03,23.9,0.0,0
Nashik,2023-01-04,21.3,0.0,0
Nashik,2023-01-05,21.7,0.0,0
Nashik,2023-01-06,18.6,0.0,0
Nashik,2023-01-07,22.7,0.0,0
Nashik,2023-01-08,22.3,0.0,0
Nashik,2023-01-09,23.6,0.0,0
Nashik,2023-01-10,28.0,0.0,0
Nashik,2023-01-11,25.4,0.0,0
Nashik,2023-01-12,25.0,0.0,0
Nashik,2023-01-13,20.4,0.0,0
Nashik,2023-01-14,24.5,0.0,0
Nashik,2023-01-15,24.6,0.0,0
Nashik,2023-01-16,24.3,0.0,0
Nashik,2023-01-17,22.1,0.0,0
Nashik,2023-01-18,23.9,0.0,0
Nashik,2023-01-19,24.4,0.0,0
Nashik,2023-01-20,22.9,0.0,0
Nashik,2023-01-21,24.7,0.0,0
Nashik,2023-01-22,25.1,0.0,0
Nashik,2023-01-23,23.5,0.0,0
Nashik,2023-01-24,22.1,0.0,0
Nashik,2023-01-25,20.9,0.0,0
Nashik,2023-01-26,23.5,0.0,0
Nashik,2023-01-27,22.3,0.0,0
Nashik,2023-01-28,23.3,0.0,0
Nashik,2023-01-29,24.8,0.0,0
Nashik,2023-01-30,24.9,0.0,0
Nashik,2023-01-31,23.5,0.0,0
Nashik,2023-02-01,22.9,0.0,0
Nashik,2023-02-02,23.9,0.0,0
Nashik,2023-02-03,26.8,0.0,0
Nashik,2023-02-04,21.2,0.0,0
Nashik,2023-02-05,23.8,0.0,0
Nashik,2023-02-06,22.6,0.0,0
Nashik,2023-02-07,26.3,0.0,0
Nashik,2023-02-08,25.4,0.0,0
Nashik,2023-02-09,25.0,0.0,0
Nashik,2023-02-10,23.3,0.0,0
Nashik,2023-02-11,22.9,0.0,0
Nashik,2023-02-12,25.7,0.0,0
Nashik,2023-02-13,25.0,0.0,0
Nashik,2023-02-14,23.6,0.0,0
Nashik,2023-02-15,25.1,0.0,0
Nashik,2023-02-16,24.9,0.0,0
Nashik,2023-02-17,27.1,0.0,0
Nashik,2023-02-18,26.3,0.0,0
Nashik,2023-02-19,25.2,0.0,0
Nashik,2023-02-20,25.9,0.0,0
Nashik,2023-02-21,26.4,0.0,0
Nashik,2023-02-22,25.8,0.0,0
Nashik,2023-02-23,23.3,0.0,0
Nashik,2023-02-24,28.2,0.0,0
Nashik,2023-02-25,30.0,0.0,0
Nashik,2023-02-26,28.2,0.0,0
Nashik,2023-02-27,28.0,0.0,0
Nashik,2023-02-28,25.5,0.0,0
Nashik,2023-03-01,29.1,0.0,0
Nashik,2023-03-02,27.1,0.0,0
Nashik,2023-03-03,28.4,0.0,0
Nashik,2023-03-04,26.9,0.0,0
Nashik,2023-03-05,24.6,0.0,0
Nashik,2023-03-06,26.5,0.0,0
Nashik,2023-03-07,28.2,0.0,0
Nashik,2023-03-08,26.2,0.0,0
Nashik,2023-03-09,27.4,0.0,0
Nashik,2023-03-10,26.3,0.0,0
Nashik,2023-03-11,25.8,0.0,0
Nashik,2023-03-12,22.1,0.0,0
Nashik,2023-03-13,23.6,0.0,0
Nashik,2023-03-14,25.7,0.0,0
Nashik,2023-03-15,26.6,0.0,0
Nashik,2023-03-16,29.6,0.0,0
Nashik,2023-03-17,26.0,0.0,0
Nashik,2023-03-18,26.0,0.0,0
Nashik,2023-03-19,31.2,1.4,0
Nashik,2023-03-20,29.7,0.0,0
Nashik,2023-03-21,24.2,0.0,0
Nashik,2023-03-22,29.3,0.0,0
Nashik,2023-03-23,28.0,0.0,0
Nashik,2023-03-24,29.3,0.0,0
Nashik,2023-03-25,29.6,0.0,0
Nashik,2023-03-26,34.0,0.0,0
Nashik,2023-03-27,27.8,0.0,0
Nashik,2023-03-28,27.8,0.0,0
Nashik,2023-03-29,30.0,0.0,0
Nashik,2023-03-30,26.5,0.0,0
Nashik,2023-03-31,27.5,0.0,0
Nashik,2023-04-01,28.7,0.0,0
Nashik,2023-04-02,31.9,1.1,0
Nashik,2023-04-03,30.4,1.3,0
Nashik,2023-04-04,25.4,0.0,0
Nashik,2023-04-05,33.0,0.0,0
Nashik,2023-04-06,29.3,0.0,0
Nashik,2023-04-07,28.1,0.0,0
Nashik,2023-04-08,33.6,0.0,0
Nashik,2023-04-09,27.4,0.0,0
Nashik,2023-04-10,32.0,0.0,0
Nashik,2023-04-11,29.8,0.0,0
Nashik,2023-04-12,31.2,0.0,0
Nashik,2023-04-13,30.9,0.0,0
Nashik,2023-04-14,31.3,0.4,0
Nashik,2023-04-15,34.4,0.0,0
Nashik,2023-04-16,31.8,0.0,0
Nashik,2023-04-17,33.9,0.0,0
Nashik,2023-04-18,28.8,0.0,0
Nashik,2023-04-19,30.6,0.0,0
Nashik,2023-04-20,30.4,0.0,0
Nashik,2023-04-21,27.3,0.0,0
Nashik,2023-04-22,31.4,0.0,0
Nashik,2023-04-23,32.2,0.0,0
Nashik,2023-04-24,30.2,0.0,0
Nashik,2023-04-25,32.2,0.0,0
Nashik,2023-04-26,32.6,0.0,0
Nashik,2023-04-27,30.3,0.0,0
Nashik,2023-04-28,27.6,0.0,0
Nashik,2023-04-29,28.9,0.0,0
Nashik,2023-04-30,31.7,0.0,0
Nashik,2023-05-01,31.2,0.0,0
Nashik,2023-05-02,30.5,0.0,0
Nashik,2023-05-03,28.4,0.0,0
Nashik,2023-05-04,30.0,0.0,0
Nashik,2023-05-05,33.1,0.0,0
Nashik,2023-05-06,34.3,0.0,0
Nashik,2023-05-07,31.8,0.0,0
Nashik,2023-05-08,28.6,1.9,0
Nashik,2023-05-09,32.1,1.4,0
Nashik,2023-05-10,32.7,0.0,0
Nashik,2023-05-11,31.9,0.0,0
Nashik,2023-05-12,34.1,0.0,0
Nashik,2023-05-13,32.3,0.0,0
Nashik,2023-05-14,33.1,0.0,0
Nashik,2023-05-15,31.6,0.0,0
Nashik,2023-05-16,31.2,0.0,0
Nashik,2023-05-17,32.0,0.0,0
Nashik,2023-05-18,32.8,0.0,0
Nashik,2023-05-19,32.5,0.0,0
Nashik,2023-05-20,32.4,0.0,0
Nashik,2023-05-21,31.1,0.0,0
Nashik,2023-05-22,33.7,0.0,0
Nashik,2023-05-23,34.6,0.0,0
Nashik,2023-05-24,32.5,0.0,0
Nashik,2023-05-25,33.9,0.0,0
Nashik,2023-05-26,33.0,0.0,0
Nashik,2023-05-27,30.8,0.0,0
Nashik,2023-05-28,33.8,0.0,0
Nashik,2023-05-29,32.6,0.0,0
Nashik,2023-05-30,34.0,0.0,0
Nashik,2023-05-31,35.5,0.0,0
Nashik,2023-06-01,32.1,3.0,1
Nashik,2023-06-02,31.1,0.0,0
Nashik,2023-06-03,32.3,19.8,1
Nashik,2023-06-04,32.8,0.0,0
Nashik,2023-06-05,32.2,0.0,0
Nashik,2023-06-06,33.1,0.0,0
Nashik,2023-06-07,32.9,22.4,1
Nashik,2023-06-08,35.5,0.0,0
Nashik,2023-06-09,31.7,0.0,0
Nashik,2023-06-10,31.7,0.8,0
Nashik,2023-06-11,32.2,0.0,0
Nashik,2023-06-12,34.9,0.0,0
Nashik,2023-06-13,34.4,0.0,0
Nashik,2023-06-14,30.9,0.0,0
Nashik,2023-06-15,30.8,0.0,0
Nashik,2023-06-16,33.7,0.0,0
Nashik,2023-06-17,32.9,9.8,1
Nashik,2023-06-18,29.8,0.0,0
Nashik,2023-06-19,32.7,0.0,0
Nashik,2023-06-20,31.0,0.0,0
Nashik,2023-06-21,32.8,0.0,0
Nashik,2023-06-22,33.0,0.0,0
Nashik,2023-06-23,32.1,0.0,0
Nashik,2023-06-24,32.7,0.0,0
Nashik,2023-06-25,31.6,10.3,1
Nashik,2023-06-26,30.9,5.3,1
Nashik,2023-06-27,34.0,0.0,0
Nashik,2023-06-28,36.2,0.0,0
Nashik,2023-06-29,32.7,25.6,1
Nashik,2023-06-30,33.0,14.7,1
Nashik,2023-07-01,32.6,0.0,0
Nashik,2023-07-02,33.6,0.0,0
Nashik,2023-07-03,32.2,0.0,0
Nashik,2023-07-04,33.2,0.0,0
Nashik,2023-07-05,31.7,18.8,1
Nashik,2023-07-06,32.7,0.0,0
Nashik,2023-07-07,31.2,0.0,0
Nashik,2023-07-08,30.0,0.0,0
Nashik,2023-07-09,31.7,30.4,1
Nashik,2023-07-10,32.1,0.0,0
Nashik,2023-07-11,37.0,0.0,0
Nashik,2023-07-12,34.1,0.0,0
Nashik,2023-07-13,30.8,9.2,1
Nashik,2023-07-14,32.7,0.0,0
Nashik,2023-07-15,33.9,0.0,0
Nashik,2023-07-16,31.8,0.4,0
Nashik,2023-07-17,33.0,5.6,1
Nashik,2023-07-18,31.5,0.0,0
Nashik,2023-07-19,31.4,0.0,0
Nashik,2023-07-20,33.0,0.0,0
Nashik,2023-07-21,34.7,19.8,1
Nashik,2023-07-22,32.6,0.0,0
Nashik,2023-07-23,35.5,0.0,0
Nashik,2023-07-24,33.1,13.2,1
Nashik,2023-07-25,36.1,0.0,0
Nashik,2023-07-26,32.8,0.0,0
Nashik,2023-07-27,30.6,0.0,0
Nashik,2023-07-28,32.3,0.0,0
Nashik,2023-07-29,31.9,0.0,0
Nashik,2023-07-30,34.5,6.3,1
Nashik,2023-07-31,33.3,24.0,1
Nashik,2023-08-01,32.5,0.0,0
Nashik,2023-08-02,30.7,0.0,0
Nashik,2023-08-03,30.4,4.6,1
Nashik,2023-08-04,30.8,0.0,0
Nashik,2023-08-05,30.2,0.0,0
Nashik,2023-08-06,33.7,0.0,0
Nashik,2023-08-07,30.0,0.0,0
Nashik,2023-08-08,33.5,1.7,0
Nashik,2023-08-09,29.8,0.0,0
Nashik,2023-08-10,30.1,1.7,0
Nashik,2023-08-11,32.5,0.0,0
Nashik,2023-08-12,28.7,0.0,0
Nashik,2023-08-13,32.3,0.0,0
Nashik,2023-08-14,28.8,0.0,0
Nashik,2023-08-15,32.1,0.0,0
Nashik,2023-08-16,28.2,0.0,0
Nashik,2023-08-17,28.5,18.7,1
Nashik,2023-08-18,31.9,0.0,0
Nashik,2023-08-19,28.6,0.0,0
Nashik,2023-08-20,32.0,0.0,0
Nashik,2023-08-21,32.6,0.0,0
Nashik,2023-08-22,31.4,0.0,0
Nashik,2023-08-23,27.2,0.0,0
Nashik,2023-08-24,29.5,0.0,0
Nashik,2023-08-25,26.8,0.0,0
Nashik,2023-08-26,33.7,0.0,0
Nashik,2023-08-27,31.0,3.2,1
Nashik,2023-08-28,31.4,0.0,0
Nashik,2023-08-29,30.8,0.0,0
Nashik,2023-08-30,29.5,4.1,1
Nashik,2023-08-31,28.1,0.0,0
Nashik,2023-09-01,33.0,4.9,1
Nashik,2023-09-02,26.9,39.1,1
Nashik,2023-09-03,29.1,32.5,1
Nashik,2023-09-04,31.8,0.0,0
Nashik,2023-09-05,29.6,0.0,0
Nashik,2023-09-06,27.0,3.3,1
Nashik,2023-09-07,29.4,0.0,0
Nashik,2023-09-08,27.2,0.0,0
Nashik,2023-09-09,26.0,0.0,0
Nashik,2023-09-10,27.6,0.0,0
Nashik,2023-09-11,30.9,0.0,0
Nashik,2023-09-12,28.3,0.0,0
Nashik,2023-09-13,26.7,2.2,0
Nashik,2023-09-14,26.7,18.9,1
Nashik,2023-09-15,29.2,0.0,0
Nashik,2023-09-16,27.8,24.5,1
Nashik,2023-09-17,26.3,0.0,0
Nashik,2023-09-18,28.9,16.0,1
Nashik,2023-09-19,28.5,5.3,1
Nashik,2023-09-20,27.9,0.0,0
Nashik,2023-09-21,24.3,0.0,0
Nashik,2023-09-22,27.8,0.0,0
Nashik,2023-09-23,28.0,0.0,0
Nashik,2023-09-24,29.7,0.0,0
Nashik,2023-09-25,24.6,0.0,0
Nashik,2023-09-26,25.8,39.1,1
Nashik,2023-09-27,26.2,0.0,0
Nashik,2023-09-28,26.7,1.4,0
Nashik,2023-09-29,26.8,0.0,0
Nashik,2023-09-30,24.4,0.0,0
Nashik,2023-10-01,26.1,0.0,0
Nashik,2023-10-02,29.8,0.0,0
Nashik,2023-10-03,24.9,0.0,0
Nashik,2023-10-04,26.6,0.0,0
Nashik,2023-10-05,27.5,0.0,0
Nashik,2023-10-06,27.9,0.0,0
Nashik,2023-10-07,27.6,0.0,0
Nashik,2023-10-08,25.4,0.0,0
Nashik,2023-10-09,24.7,0.0,0
Nashik,2023-10-10,29.3,0.0,0
Nashik,2023-10-11,27.7,0.0,0
Nashik,2023-10-12,26.2,0.0,0
Nashik,2023-10-13,28.5,0.0,0
Nashik,2023-10-14,23.2,0.0,0
Nashik,2023-10-15,23.5,0.0,0
Nashik,2023-10-16,21.9,0.0,0
Nashik,2023-10-17,25.9,0.6,0
Nashik,2023-10-18,25.9,0.0,0
Nashik,2023-10-19,26.4,0.0,0
Nashik,2023-10-20,25.0,0.0,0
Nashik,2023-10-21,25.5,0.0,0
Nashik,2023-10-22,23.9,0.0,0
Nashik,2023-10-23,25.8,0.0,0
Nashik,2023-10-24,22.9,0.0,0
Nashik,2023-10-25,25.5,0.0,0
Nashik,2023-10-26,23.8,0.0,0
Nashik,2023-10-27,22.6,0.0,0
Nashik,2023-10-28,24.4,0.0,0
Nashik,2023-10-29,26.4,0.0,0
Nashik,2023-10-30,23.4,0.0,0
Nashik,2023-10-31,26.0,0.0,0
Nashik,2023-11-01,24.6,0.0,0
Nashik,2023-11-02,22.8,0.0,0
Nashik,2023-11-03,23.8,0.0,0
Nashik,2023-11-04,24.2,0.0,0
Nashik,2023-11-05,20.1,0.0,0
Nashik,2023-11-06,21.7,0.0,0
Nashik,2023-11-07,23.5,1.5,0
Nashik,2023-11-08,25.5,0.0,0
Nashik,2023-11-09,23.1,0.0,0
Nashik,2023-11-10,24.7,0.0,0
Nashik,2023-11-11,24.0,0.0,0
Nashik,2023-11-12,22.5,0.0,0
Nashik,2023-11-13,23.0,0.0,0
Nashik,2023-11-14,21.5,0.0,0
Nashik,2023-11-15,27.1,0.4,0
Nashik,2023-11-16,27.4,0.8,0
Nashik,2023-11-17,25.8,0.0,0
Nashik,2023-11-18,25.5,0.0,0
Nashik,2023-11-19,26.2,0.0,0
Nashik,2023-11-20,21.8,0.0,0
Nashik,2023-11-21,23.2,0.0,0
Nashik,2023-11-22,25.5,0.0,0
Nashik,2023-11-23,22.2,0.0,0
Nashik,2023-11-24,24.0,0.0,0
Nashik,2023-11-25,23.9,1.3,0
Nashik,2023-11-26,22.5,0.0,0
Nashik,2023-11-27,24.1,0.0,0
Nashik,2023-11-28,18.6,2.6,1
Nashik,2023-11-29,21.0,0.0,0
Nashik,2023-11-30,26.8,0.0,0
Nashik,2023-12-01,24.1,0.0,0
Nashik,2023-12-02,18.9,0.0,0
Nashik,2023-12-03,24.5,0.0,0
Nashik,2023-12-04,21.9,0.0,0
Nashik,2023-12-05,22.5,0.0,0
Nashik,2023-12-06,22.5,0.0,0
Nashik,2023-12-07,26.9,0.0,0
Nashik,2023-12-08,22.9,0.0,0
Nashik,2023-12-09,21.9,0.0,0
Nashik,2023-12-10,24.3,0.0,0
Nashik,2023-12-11,24.0,0.3,0
Nashik,2023-12-12,24.4,0.0,0
Nashik,2023-12-13,23.1,0.0,0
Nashik,2023-12-14,21.9,0.0,0
Nashik,2023-12-15,19.9,0.0,0
Nashik,2023-12-16,21.6,0.0,0
Nashik,2023-12-17,21.6,0.0,0
Nashik,2023-12-18,26.2,0.0,0
Nashik,2023-12-19,24.5,0.0,0
Nashik,2023-12-20,22.2,0.0,0
Nashik,2023-12-21,23.2,0.0,0
Nashik,2023-12-22,21.8,0.0,0
Nashik,2023-12-23,25.2,0.0,0
Nashik,2023-12-24,21.8,0.0,0
Nashik,2023-12-25,21.6,0.0,0
Nashik,2023-12-26,23.1,0.0,0
Nashik,2023-12-27,20.5,0.0,0
Nashik,2023-12-28,22.7,0.0,0
Nashik,2023-12-29,21.9,0.0,0
Nashik,2023-12-30,23.9,0.0,0
Nashik,2023-12-31,25.4,6.2,1
